,comments,scores
0,"For me, like a lot of Americans, even Republicans, it started with support. I’d wished that McCain had won in 2008, but anyone not utterly bulletproof couldn’t help but be energized and positively emotional by the sight of a black American taking the inaugural on 20 Jan. 2009, after centuries of racial ugliness.<br/><br/>And it took a while for it to become evident that our president was basically a kibitzer who not only didn’t like to get too involved in sausage-making, but didn’t actually like or respect the people who did; and that he had absolutely no talent at the critically important task of a professional politician of getting into the trenches and LEADING people by cutting deals, creating legitimate debt to him, and moving us forward instead of merely talking about moving us forward.<br/><br/>It took about one year before the bloom was off the rose. It all became evident to me during the wrap-up to ObamaCare, which really should have been called PelosiCare for all the personal involvement Barack Obama invested. I began writing in this community then about my disillusionment with our president. It’s been a long road.<br/><br/>I intensely dislike Nancy Pelosi, but I respect her. I actually like Barack Obama, but I don’t respect him.<br/><br/>Maureen has gone into a few of the early and latest bad choices born of a basic misalignment between job requirements and actual skills and inherent abilities. There are MANY more examples.<br/><br/>America awaits a REAL president again, of WHATEVER complexion or gender.",0.9874
1,"'America Deserves Better'?  Even this tiny voice here could have come up with something brighter than the above, but such a slogan seems to offer us hope.  We are going to vote for this hopeful, and earlier this morning I did something contrary to nature and took a peep at the family members of the President, Mrs. Clinton and Mr. Jeb Bush, feeling slightly shabby about it, while looking to the daughters of these three political figures.<br/><br/>It began last night in a conversation with a hard worker whose grown daughter is in trouble.  He is not into the politics, and both he and his girl are suffering.  Who would understand best?  This is about the War on Drugs and where to turn for help.  The President came even with Mrs. Clinton as a parent, quite extraordinary, while Mr. Jeb Bush and his daughter have been through some hard times.  'Tough Love' in trying to save the ones we love, leaves this person tepid.<br/><br/>In the meantime, Mr. Jeb Bush appears affable, amiable and ready to lead the Nation ahead.  He is recognizable, and so is the more experienced Mrs. Clinton.  She only continues to grow stronger and more real in her bid for the Presidency to my mind. <br/><br/>Listening to others say that Mr. Jeb Bush is 'brighter' than his brother is not enough for this American to cast my vote to the wind.  We are going to vote Bush again, and I am staying home to trim the hedgerows in the country. ",0.9848
2,President Carter is a man of great integrity who has done extraordinary service to humanity since he left office.  <br/><br/>The people running for the White House today should ponder about what it means to devote oneself to making life better for others rather than amassing wealth for whatever purpose.<br/><br/>His Nobel Peace Prize was richly deserved. ,0.9747
3,"first of all, they all lie. ""if you like your doctors, you can keep them"", ""I did not have sex with that woman""..etc. Second, I love the fact that Christie might have shut down the bridge ramp to teach another politician a lesson, that's what I call a ""can do"" attitude. I wish Obama had such a set. Lyndon Johnson famously said, ""I don't get stomach aches, I give 'em"" Third, he does speak some uncomfortable long overdue truths like means testing social security - does anyone really think bill Gates and Mitt Romney should be collecting social security? Christie at least tried to stand up to the public unions. and he did the sane thing and actually showed some gratitude when Obama came to NJ and helped out after hurricane Sandy. He's a lot better than most of the lot. Jindal...anyone...Jindal..?",0.9726
4,"Stuart,<br/><br/>Beautifully written, I hope this is the beginning of the country being reawakened to Jimmy Carter's moral courage.  Your most moving and telling paragraph was the anecdote about Hamilton Jordan.  I know from first hand involvement in the B-1 decision, which in my mind only propelled Ronald Reagan's initial donors to push for removing President Carter from office.  <br/><br/>It is uncommon in American public policy for a leader to possess the defining characteristic of ""confronting intractable problems regardless of their political cost.""  It is rare and comes along only once in one's lifetime.  I hope that this defining characteristic becomes the theme of the National Democratic Convention.<br/><br/>I hereby nominate you to lead a team (include Zbig) to put together a storyboard for a video documentary to use at the National Convention.  <br/><br/>Jimmy Carter, as Governor, President, and post-Presidency, defined the role of personal courage better than any President in our history.  <br/><br/>My first exposure to Jimmy Carter, came when I was an expatriate Tarheel Navy officer, in Georgia and I marveled at his courage with pride. I can promise you that Mr. Obama would not have been elected President or re-elected without Jimmy Carter's etching the pathway.  It has hurt that his legacy was not recognized by Democrats.<br/><br/>Of course, I hope that the American people will see his legacy as his twilight years cause incisive writers like yourself to put his leadership in the context of American history.  ",0.9716
5,"The Supreme Court has decided already for a corporate congress.  Only Hillary can beat Jeb! or Trump.  Why; she will get votes of Independent women and some Republican women as well and some of their husbands.<br/>The Northeast &amp; Pacific Coasts do NOT generate enough Electoral Votes to win the Election--witness 2000 election. We must win most of the big Middle West states + VA + some Intermountain states, Colorado &amp; Nevada likely.  Joe Biden or Bernie are not going to get Female votes like Hillary will.<br/>The Republicans will win Southern--by keeping Black people from voting- &amp; Intermountain states.  Doesn't matter who the Republicans pick, although FL might go for Hillary if Jeb &amp; Rubio are not nominated.<br/>Remember Ruth Ginsburg will not live forever; America will suffer greatly IF the Supreme Court is 6-3 against us.<br/>Slick Willie(aka Pres. B.Clinton) was a good President for most Americans &amp; he made NO wars, unlike G.Bush II.  The Clintons have flaws, so do we.  You have been on Hillary's case for many years; ease up &amp; check out Jeb!       ",0.9588
6,"Nixon was at least sane and smart. I hated the man but, when one looks back at his presidency now, one sees some remarkable accomplishments, many of them surprisingly liberal. Like LBJ before him, he could have been a great president had his character not been flawed. Can we say even that of any president since?",0.9505
7,"As someone who lived in California under Reagan and now lives 45 min. from the Wisconsin border (and has many friends there), I heartily disagree with any comparisons of Walker to Reagan, at least beyond party affiliation.  <br/><br/>Though I was not a fan, Reagan was - and remains - beloved by his party.  As anyone knows who's been paying attention to Wisconsin politics over the last few months, more than a few of Walker's GOP supporters are turning against him, even in the legislature that's been rubber-stamping his every desire.<br/><br/>Lastly, if you, like Gov. Walker, believe it is fiscally prudent to take $250 million from the state university system, only to hand it over to the Milwaukee Brewers to help build a new arena, then I'd say, Mr. Wilder, that you have seriously skewed economic priorities.",0.9504
8,After President Obama having also won the Nobel peace prize in the beggining of his administration shows what that prize is actually worth.,0.9403
9,"""But Jeb wasn’t strong a few months ago either; he was always going to need more luck than his brother did in 2000""<br/>___________________<br/>One thing Jeb doesn't have, in contrast to his brother, is a brother who's the governor of a state that is willing to swing the election for him. I hope that Jeb's conduct in 2000 is a major issue in the upcoming campaign, should he be the GOP nominee.",0.9292
10,"Gov. Perry is a man of few convictions.  I think a good example of this was his debate gaffe when he couldn't remember the name of the third government agency he would close if elected.  Truth be told, he just couldn't remember the script.  Without a script, his public dialogue is mostly good old boy ""whatever is good for business is good for Texas.""<br/><br/>He is also great at posturing even at the expense of common sense.  Which ever direction the wind is blowing, he will nod and tout his leadership on the popular issue of the day.  His veto of the no texting while driving bill also provides a lot of insight.  Even though driving while texting is more dangerous than DWI, Perry said the measure was ""a government effort to micromanage the affairs of adults.""  ",0.9288
11,"How come you decided to write Mr. Obama and Mr. Bush? Its President Obama and Mr. Bush! I'm sensing some bias activity.<br/>""While Mr. Obama’s comparison to the Iraq war appeared to be an effort to distinguish his own approach from that of President George W. Bush, some critics said his speech employed the same with-me-or-against-me trope associated with Mr. Bush.""<br/>As an avid reader of the NY Times I am very disappointed with this article. In fact, thank you President Obama for stepping up and taking a stand. Its completely refreshing and inspiring to listen to a true leader. Job well done.<br/>Lastly, David Makovsky's take on President Obama's appearance ""hyping his case to the public...in an effort to match the incendiary language of his opponents"" seems somewhat agreeable, however, I disagree with his comments on taking the political high road. Since when has it been a virtue in the United States? Perhaps if you plan to accomplish nothing while elected you might take the high road, but with me or against me is a leadership quality that is actually nice to see. Thank you President Obama for leading not following Makovsky's political leadership rule book or status quo.",0.9148
12,"So far this country has not had any real leaders.   Every single president had to answer to other people on each and every one of the major issues.   They would sit in the Oval Office and wait until they were 'briefed' each morning, so they they would know what to do.  Most all the recent presidents did like that, and anything else they did was based on their 'philosophy', and whether they cared about the country.   We need presidents who care about the country, and not whether they are liked or whether people think they are being a good president, meaning they convince people to believe in their policies whatever they are.  Few people can even know what those policies are anymore, what with the smokescreen that the media puts up.   If a president can stop simply sitting there and being a virtual puppet to forces behind the scenes, including of course those 'political machines' that got them elected, then at least he has a chance to be an actual president, and possibly even a leader and a 'statesman'.   Otherwise there is just an act going on, and no wonder nothing is resolved on anything.",0.9058
13,"The whole ""conservative"" agenda is to try to make Jeb no-last-name Bush seem sane and all these supposed, staged ""debates"" are about is to decide who their money masters will anoint as VP candidate.  Any American who is thinking of supporting another Bush for president - or any public office - had better do some background research.  Their only purpose for holding public office is to further line the pockets of themselves and their wealthy buddies in the top 1% global financial elite at OUR expense.  You can start by reading how Grandpa Bush helped Hitler during WWII, then look up the Savings and Loan ""scandal"" when George Bush, Sr. was Vice President, and his son, Niel, and the S&amp;L he ran were up to their ears in it.  We are witness to George Bush, Jr's giveaway to BIG banks when they tanked the global economy in 2005  and all the wealth flooded to the top 1% while average Americans lost half the value of their 401ks, their homes and many lost their jobs.  Do not vote for another Bush or ""conservative"" candidate beholden to fox so-called news and the other money masters.<br/><a href=""http://www.theguardian.com/world/2004/sep/25/usa.secondworldwar"" title=""http://www.theguardian.com/world/2004/sep/25/usa.secondworldwar"" target=""_blank"">http://www.theguardian.com/world/2004/sep/25/usa.secondworldwar</a><br/><a href=""http://en.wikipedia.org/wiki/Savings_and_loan_crisis#Deregulation"" title=""http://en.wikipedia.org/wiki/Savings_and_loan_crisis#Deregulation"" target=""_blank"">http://en.wikipedia.org/wiki/Savings_and_loan_crisis#Deregulation</a><br/><a href=""http://www.econmatters.com/2014/12/russian-roulette-taxpayers-to-bail-out.html"" title=""http://www.econmatters.com/2014/12/russian-roulette-taxpayers-to-bail-out.html"" target=""_blank"">http://www.econmatters.com/2014/12/russian-roulette-taxpayers-to-bail-ou...</a>",0.8979
14,Who can take Republicans seriously when they are so nonsensical.  They act like the Ponderosa n Gunsmoke are real.  Of course there's not much in Ohio to name anything but I can respect the Alaskans for claiming and naming theirs -what a beautiful legacy.,0.8979
15,"You are absolutely right Mr. Douthat: in comparison to an empty suit, Jeb! on the same stage looks reasonable.  Of course if you place any one of the Democratic nominees on the same stage, Jeb! is then seen for what he is, another empty suit, junior size GWB.  <br/><br/>Jeb! ""wasn’t strong a few months ago either; he was always going to need more luck than his brother did in 2000...""  GWB had the 2000 election in the bag--we just didn't know it.  Junior Jeb! did his best to fix the election in Florida but the Supreme Court pulled out all the stops and rendered the entire national election unnecessary.",0.8824
16,"This comment will be swallowed up, I'm sure, by the outpouring of sharing going on here. I was 16 when Carter defeated Ford in 1976, and 20 in 1980 when he was trounced by Reagan. And while there is no doubt in my mind that he was by far the least effective President in my lifetime (going back to the last year of Ike), by the same token he has been by far the most effective former President not only in my lifetime but possibly ever.<br/><br/>And at age 90 he's had quite a run.<br/><br/>I salute James Earl Carter for his lifelong dedication to peace, equality and justice. The Democrat conscience is filled to the brim with lessons he not only taught us but showed us over a 30+ year post-Presidential career.<br/><br/>I suspect the good folks of Georgia feel even more strongly, having elected him as their governor in 1971. <br/><br/>Let's face it, he was too good a man to be President. He was elected in the wake of the Watergate scandal. Ford, having pardoned Nixon by this point, was forever tainted by those who needed somebody to vote against in the aftermath of that mess. Ford was doomed just as Carter's squeaky clean persona was elevated.<br/><br/>Soon we had the unbridled machismo of Reagan to make us excited about the American Presidency again. And so, in the end, Carter ranks as one of history's accidental Presidents, who came along at exactly the moment the country needed to know that their President would keep things clean.<br/><br/>We overcame that anxiety shortly afterward ;)<br/><br/>Mr. Carter has stayed clean.",0.8803
17,The United States and a significant intelligence failure?<br/>The United States is  a significant intelligence failure.,0.8779
18,"Once again, Jimmy Carter is a role model for all us.  What a remarkable and wonderful man. I send my warmest regards to him and Rosalynn.",0.875
19,"I agree with the sentiment of Mr. Schultz's opinion that great leadership inherently pursues the interests of others over self. <br/><br/>Mr. Schultz, this leadership ethic is badly needed in corporate America. Even under Obama, our elected government representatives are mostly spineless minions that curry favor fro the craven greed of corporations. So the place to start is not our government, but in corporate America. And it starts with you.<br/><br/>I hope you take this opportunity seriously. ",0.8728
20,Mr. Christie exemplifies hubris or excessive pride.  One can only hope that the old saying about pride preceding a fall is true in his case!,0.8687
21,"Another article on the debate, focusing on Kasich, pointed out that neither party has held its convention in Ohio for 70 years and that no Ohioan has run for President in 80 years.<br/><br/>That may be so, but Ohio has had more than its share of Presidents -- not ones known as great, to be sure, but quite a few nonetheless. Between 1868 and 1920, for example, Ohio sent the following Presidents to the White House: Grant, Hayes, Garfield, Harrison, McKinley, Taft, and Harding. In the last case, even if Harding had lost the election, yet another Ohioan (Cox) would have won.<br/><br/>This time, Kasich probably doesn't have what it takes to get nominated, but a Bush/Kasich ticket would be very tough for Hillary/Whomever to beat.",0.865
22,"I like the rotation idea. There are a lot of good reasons not the least of which is security and antiforgery.<br/><br/>My votes would go to Booker T. Washington, George Washington Carver, Eleanor Roosevelt, Theodore Roosevelt, Grace Hopper, Rosa Parks, Shirley Chisolm, Jane Addams, Lady Bird Johnson, among others.",0.8625
23,The incredibly successful presidency of Barack Obama has awakend the Jim Crow fanatics whom smallness is revealed each time African Americans succeed . Let's make sure that everyone can vote in this country.,0.8622
24,"Obama?  Seriously?  Surely you meant Bush.  Trust me, we would not be where we are today in the absence of The Decider's infinite wisdom.",0.8504
25,"Thank you for stating your perspective.  My jaw just dropped to the floor.  It is astounding to me that the Koch brothers and their minions have been so successful in their propaganda efforts. I am afraid, very afraid. ",0.8468
26,"Wildstein said he told Christie about the lane closures on 9/11 at a memorial ceremony. Christie claimed that he didn't talk with Wildstein that day, or may have just spoken to him momentarily.  There is a video (shown on MSNBC, as I recall) that shows Christie, Wildstein and Baroni talking for several minutes and then Sampson comes into the picture for a short time and exchanges a hug with Christie.  After that Christie, Wildstein and Baroni go into an air conditioned small building for about 1/2 hour.  So it is clear that at least part of what Wildstein says is true and that Christie's recollection is false.  Given the cast of characters involved it seems more than plausible that Wildstein's  entire version of events is correct.",0.83
27,"I recall how Ronald Reagan was labeled an actor from B Hollywood movies, not Presidential material, despite his terms as California Governor, when I read that Mr. Walker is a college dropout.  Like Reagan, he strikes me as a formidable presidential candidate.  His electoral success in Wisconsin, a purple state with a well-educated electorate, supports his huge national potential.  It is very unwise for liberal voters to dismiss this man.",0.8176
28,"Far as I can tell, Cuomo and Gov. Moonbeam expressed their views in fiscal policies and leadership that's left their states in the black and doing well--just as Walker, Christie, Jindal and Brownback have expressed their views on finances by bankrupting their states.<br/><br/>Similarly, Clinton and Sanders and the others have expressed their views that the way to handle things would be to borrow the money cheaply while the borrowing's good, spend the couple trill to fix and upgrade our infrastructure, put people to useful work, and get on with business.<br/><br/>You know: invest, rather than QE it, which Krugman's been saying for years would be preferable?<br/><br/>Oh and incidentally? i hadn't known that the purpose of being president was to entertain. ",0.8156
29,I am from South America. The fact not only that Hillary Clinton and Jeb Bush are running for the presidency but also that they have the support of important media outlets and wide sympathy from voters is just simply amazing and hard to believe. This country is sliding into family nepotism of the worst kind. It will be impossible for a US sitting president to tell leaders of the developing world to let go on power. A constitutional reform is badly and urgently needed.,0.8126
30,Bush's views are not evolving but actually are regressing based off the European stats that Charles displays. He's sure gonna have a tough time shaking off that Bush stain his brother created. I will thoroughly enjoy this.,0.8121
31,"If only we had a president willing and able to make good use of the intelligence gleaned.<br/><br/>Hopefully, some of it will stay fresh until Inauguration Day in January, 2017.",0.8074
32,"Obama should go down to Ferguson and make a speech with the same ""Mission Accomplished"" sign Bush used. I'm sure he's proud of himself.",0.8074
33,"That quote of Barbara Bush is rather good.  Her other memorable quote,  ""he's the smart one,""  can now be turned into a question:  George or Jeb -- which is the smart one?",0.8074
34,"i hear you. I voted for Obama because he promised a ""public option"" for health-care and then caved on that promise TWO WEEKS after getting elected, I'm sick of the same old corporate shills and would love to see a general elation between Donald and Bernie. THAT would be something.",0.802
35,Joe Biden is without a doubt the most capable US politician on the scene today. The U.S. would be extremely fortunate to have him as President.,0.8018
36,"Scott Walker can come in a close second. He said that turning Wisconsin into a right to work state was not going to reach his desk. Yet he advocated for it and signed it. He also stated in Congress that he never said in his campaign that he would break the public employees unions, but it ended up being one of the first things he did. He said the rewriting and dismantling of the basic premise of the University of Wisconsin higher education system called ""the Wisconsin Idea"" was a result of miscommunication. Later information showed it was a deliberate act. His economic development group is being investigating for providing loans to businesses without review..........the list goes on and on.......he also promised 250,000 new jobs in his first term and ended up only over 100,000 short. Christie and Walker deserve each other and America deserves better. ",0.7943
37,"As a former (1980s) mountaineering M-leader in the SoCal Sierra Club and native of Fairbanks,  I and almost all my friends called it McKinley.  The park also used to be McKinley National Park.  Denali is fine with me, too, and it's a much prettier name!",0.7922
38,"Wow!  I’m a little uncomfortable with one president removing an honor bestowed upon a previous president.  <br/><br/>But would’ve been fully on-board if Obama had renamed “Ronald Reagan National Airport” to be the “Ex-FAA-Employee National Airport.”<br/><br/>I dream of things that never were, and ask, why not?",0.7897
39,So how do they give a Nobel Peace Prize to both Obama and Snowden?,0.7783
40,"And Nixon was the last president to propose and draw up a plan for universal health care.   It probably would have suffered the same problems as the ACA, but at least he was thinking and caring.     Here's the man speaking for himself:<br/><br/><a href=""http://khn.org/news/nixon-proposal/"" title=""http://khn.org/news/nixon-proposal/"" target=""_blank"">http://khn.org/news/nixon-proposal/</a><br/><br/>Google Nixon and universal health care and see what you get.   Seriously, the Republicans should pick up where he left off.   ",0.7717
41,"There is really NOTHING to recommend him except that he is a Bush.  If he was not a Bush, he wouldn't be running and we would all be better for it.  His mother said it best - ""There are other people out there that are very qualified and we’ve had enough Bushes.”  Amen! ",0.72
42,"The Bushes were millionaires from birth, thanks to patriarch Prescott Bush. The Clintons were born at the bottom, and climbed their separate ways up through hard work and diligent study. There's nothing ""royal"" about either Bill or Hillary Clinton running for (and in Bill's case, achieving) the presidency, but there's a lot to admire.",0.7096
43,"When the lenght of these campaigns become exhausting politicans usually kiss babies to show their good side. Point is why are these campaigns so long ? Stats show the younger generations are not getting their news from the boob tube. All day long, he said she said. Reality would tell one most rhetoric falls on deaf ears as they say. Clintons and another Bush, sounds like old times. Jeb cannot seperate himself from his brother and when you see Hillary you think of Bill and the realization we should know what we will get.",0.6908
44,"President Carter, positive thoughts to you and your family, you were far ahead of the times and what you've done post Presidency is head and shoulders above any President before and after. God speed to you sir, you are a class act.",0.6908
45,"In addition to playing down his surname, it would appear he's an only child. Oh his Right To Rise super PAC website you couldn't find a mention of W if your life depended on it. This is how it reads: ""Bush earned a bachelor’s degree in Latin American studies from the University of Texas at Austin. Jeb is the son of President George H.W. Bush and Barbara Bush. He and his wife, Columba, live in Miami and have three grown children and three grandchildren."" <br/><br/>In the words of Porky Pig, ""That's all folks"" <br/><br/><a href=""https://righttorisepac.org/about-jeb/"" title=""https://righttorisepac.org/about-jeb/"" target=""_blank"">https://righttorisepac.org/about-jeb/</a>",0.6908
46,"An ill-times piece.  Today is a day for celebrating a huge accomplishment, not for worrying about what hasn't yet been accomplished.  ",0.6838
47,Biden has been a heartbeat away from the Presidency under one of the best Presidents we've ever had. Why should he now settle for less and risk becoming a late-night joke?,0.6786
48,"The President has been beating the drum publicly for more free trade as a means of promoting growth since at least 2010, if not before that. Here's an op-ed that he wrote in The Times from back then: <a href=""http://www.nytimes.com/2010/11/06/opinion/06obama.html?_r=0"" title=""http://www.nytimes.com/2010/11/06/opinion/06obama.html?_r=0"" target=""_blank"">http://www.nytimes.com/2010/11/06/opinion/06obama.html?_r=0</a><br/><br/>It tells me that he sincerely believes that free trade is a net plus for the U.S. Now, people can sincerely believe something and be dead wrong. Many of the commenters here would probably attribute that to the President, at least in this case. But it's important to keep in mind that he appears to be acting out of an at least somewhat-long held philosophy and that the TPP is not simply a result of political compromising/pandering to corporate masters.",0.6687
49,This man reminds me of Richard Nixon.  But I'd trust Nixon more.,0.6652
50,"As a Minnesotan, it's sad to watch the destruction of a great state and a great university. Lots of Minnesota's high school graduates (including my daughter) go to the University of Wisconsin- Madison because it is a superb school and they get in-state tuition. It appears Mr. Walker wants to turn his state into Mississippi, with an impoverished, ignorant population. ",0.6597
51,"The Affordable (Health) Care Act (A/K/A Obamacare) is an excellent case in point.  As Professor Krugman notes, the GOP has been sternly for universal health care--with a mandate--back to President Nixon in 1972.  Bob Dole asserted its value during his run for the Presidency, Newt Gingrich cited it in his 2008 book and Mitt Romney recommended, in a USA Today Op-Ed in 2009, that President Obama copy the Massachusetts Plan nationwide--again, Universal and with the Mandate.<br/><br/>Rather than side with Obama, the GOP has been vehemently against it.  However, they don't want the millions of Americans who would lose health insurance to blame them.  And yes, they have never, ever explained their standard alternative--just who will pay when the poor go to the E.R.  WE DO!<br/><br/><a href=""http://thetruthoncommonsense.com"" title=""http://thetruthoncommonsense.com"" target=""_blank"">http://thetruthoncommonsense.com</a>",0.6451
52,"How long will these voodoo adherents continue to ignore the construction boom of 83/84 and continue to try to credit a tax cut for the rich with two years of outlier economic growth?  It's been thirty years now.  Their tax cutting as salvation idolatry has failed time and time and time and time again, yet Moore and his ilk keep on keeping on.  Evidence has no impact on these people.  Stephen Moore would go to Kansas today and praise Brownback's failed tax cuts as a positive.  <br/><br/>At any rate, please record your destruction of Stephen Moore.  It won't have any impact on the voodoo set, and Moore will continue to shill for the Kochs, but it will be fun to watch regardless.  ",0.6369
53,"The only good thing about McKinley was that he got assassinated, much to the chagrin of the plutocrats of the day. That action paved the way for TR one of our greatest presidents. ",0.6369
54,I love the last para: Mr Jindal's the one dividing people.,0.6369
55,"My favorite comment in this article is that of Peter D. Feaver, now a political scientist at Duke, who calls the President's rethoric ""remarkably close to the charicature"" he painted of former President Bush. Really?! The American people and the entire world witnessed our former President and the ""president's men"" sketch his caricature. Mr. Bush participated in it with reckless abandon, as illustrated by the ""mission accomplished"" stunt. As a political scientist you do a remarkable job as a revisionist historian.",0.636
56,"It's George Bush's fault (yes, even seven years later)!!!  Honestly none of the big government people in any country get it.  The economy has ups and down and it outsmarts all politicians, including central planners and our President.  The last year of the Obama reign will be a pretty sorry year due to central planners.",0.6219
57,"Jeb Bush, like his brothers, took shortcuts to get ahead in life by depending on Daddy Bush and his many connections. He may be the smartest of the brothers but that doesn't say much when, as Paul Krugman states, you examine his record carefully.",0.6124
58,Imagine if he really won the Presidency.  You never know.,0.6115
59,Can't wait - more Bush  fun &amp; implosions!,0.5954
60,"Meanwhile, with the heighth of arrogance and just before the 4th of July, Walker and his GOP state legislature tried to gut Wisconsin's open records laws. He hoped nobody would notice...but a vigilant free press noticed! The NY Times, other national media and the public need to take notice...this is what a Walker/GOP/T-Party/Koch Bros. presidency would look like!<br/><a href=""http://lacrossetribune.com/news/local/walker-s-office-involved-in-doomed-attempt-to-gut-open/article_b70a0d0f-88f5-5b91-b7a9-05bc40422682.html"" title=""http://lacrossetribune.com/news/local/walker-s-office-involved-in-doomed-attempt-to-gut-open/article_b70a0d0f-88f5-5b91-b7a9-05bc40422682.html"" target=""_blank"">http://lacrossetribune.com/news/local/walker-s-office-involved-in-doomed...</a>",0.5837
61,"Harry Truman didn't run on his ""success"" as a commodities investor.  He ran on his substantial job experience, which included military service, high-profile senator, and nearly 4 years as president.<br/><br/>History might remember Truman as a great president, but the electorate didn't.  He had the lowest job approval rating (22%) of any modern US president.  ",0.5719
62,Neither JFK nor FDR were 'Sanders' Democrats. They were in the middle of the 'then' road and supremely pragmatic. <br/><br/>Note that Lyndon Johnson pushed through most of JFK's ideas in ways JKF never could have.,0.5719
63,Anti-intellectualism is alive and well in America. There is even a candidate for president running on that platform--Scott Walker. ,0.5719
64," Mr. Christie is a liar. Like so many politicians he will say anything to get elected. Once in office, Christie started reneging on one promise after another. Although it will be very entertaining to see him and Trump going after one another.....two idiots.",0.5709
65,Walker is a servant of the middle class.  Obama is a servant of the rich.,0.5574
66,"President Bush, because rich people need more money? ",0.5574
67,"Bush and Rubio took the wrong side on this one.<br/>It will be interesting to see if, as this issue evolves during the 2016 election season, they stand behind their original positions or 'flip-flop' and accept that Obama was correct on this, as he is on most things.",0.5423
68,"Hillary is holding back in her calculating manner to see which way it goes and then she will announce that she has ALWAYS supported whatever decision best suits her boundless ambitions.  Bill Clinton gave us NAFTA, I dread to think what she will do to this country if elected.",0.5423
69,"  I don't think ""understanding"" is Walker's strong suit, do you?",0.5106
70,"In 1992, we were told we would be getting two Clintons for the price of one.  Now, the Clintons are running away from many of their signature accomplishments from the Clinton presidency, such as NAFTA and other trade agreements that shipped American jobs overseas, the crime bill that resulted in mass incarcerations of African Americans and for which Pres. Clinton has apologized, and the law that ""ended welfare as we knew it.""  When the Clintons are done running away from their ""accomplishments,""  what will be left?  It's a good thing Bernie doesn't have many accomplishments from which he can run.  Bernie talks a good game, but can he deliver more than Bill de Blasio?",0.4956
71,"If this happens, it should certainly change the compensation package for the President - no more 2 for 1, no more built-in social aide to perform important diplomatic tasks among other responsibilities, no more good example of what is best about America. It should also be remembered in the past we have had  some very quiet and almost invisible First Ladies.<br/>But to you editorial, would the President appoint or do we vote? In the current day, essentially we vote because presumably we look at everything about the President - but if it is a just job, it is like the press secretary. The voting public will have no input at all... or do you mean we get the person who is the spouse of the president but we now we pay extra?<br/>It's an intriguing idea with many implications that need to be thought about.",0.495
72,I still have only one take away from the little I watched and what I have read; if a republican succeeds Obama in the White House... America is dooomed.,0.4939
73,@Crazy Eddy: Why replace him? He just did something courageous - he opposed Obama knowing fully well what the president thinks and says about those who disagree with him. ,0.4927
74,A masterclass in leadership from the President.  Good job sir!,0.4926
75,A masterclass in leadership from the President.  Good job sir!,0.4926
76,"Mr. Harper is a much more suave version of your Tea Party.  Those who disagree with Bill C51 (an ant-terrorism bill that we don't need) are branded as terrorists.  For that matter, he has also described Green Peace as a terrorist organization.  Those who disagree with Israel's treatment of its neighbours are called anti-Semitic.  Those civil servants who try to do their job, such as the heads of our Atomic Energy Commission, or the Budget Office are replaced.<br/><br/>He promised to reform the Senate, but has created much more scandal than  it has ever faced.  In defense of the Senate, there have been some remarkable people in that body, but only the worst of the political hacks and bag men need apply.<br/><br/>The only acceptable position for one to take is absolute obedience and veneration of our Dear Leader.",0.4866
77,"Please don't insert reality into my state, Mr. President.  We're doing just fine in our right wing echo chamber (at least until the next disaster).",0.4767
78,"What the Republicans want is the health care system that we had under George Bush before he left office in 2009. They do not want any program that smacks of socalism. They fear we become like a Sweden or a Norway, a democractic socialist state. ",0.4767
79,"looking at the lines on the chart, it would appear that the main beneficiary of the news surrounding Mr Bush's announcement so far is Mr. Rubio. Will the GOP Primary turn into a ""Classic Koch v. new Koch"" run-off?",0.4767
80,"While Hillary's is the sanest Republican running for president, she still can be trusted.",0.4767
81,"Teddy was a ""Progressive"".<br/><br/>And so much for sharing.",0.4703
82,"Not one of the people we saw last night will ever be elected President of the United States. EVER. Someone should tell Chris Christie that if what he said is true, that 71% of the Budget is spent on entitlements and debt service, then what about the 61% spent on defense? Doesn't quite add up. The amount of lies by all these people was mind boggling. I lost track of all of therm but I can tell you right now President to be Hillary Clinton must be giggling in her sleep.  ",0.4588
83,Jon Stewart and Stephen Colbert got me through the wilderness years of the Cheney/Bush administration. I will be eternally grateful to both of them.,0.4588
84,"Glad I got my Master's from UW 35 years ago, before Walker and his pals got their hands on the levers of state government.",0.4588
85,Very well said. I've always thought that the ideal president would be Obama with an extra 10 years experience doing battle in DC. But unfortunately you'll be waiting a long time before Hillary or anyone else has the courage to reveal the truth about the national debt. ,0.4582
86,Bobby: Please consider running for president. I like the cut of your jib. Bravo!,0.4574
87,"I think you may be getting to the root of a widely decried comment by Governor Walker.  <br/><br/>It is not reported here, but in Wisconsin, Governor Walker is well known for stating that university faculty and staff should be teaching more classes and doing more work.  This statement went viral in a most negative way.  However, in the context of administrative bloat, I agree with him.  <br/><br/>I wish he had clarified his thoughts on this.",0.4516
88,What would this country be if every president since Carter were even half as moral and classy as he?,0.4404
89,"Why should Bush be held responsible for the lies he inherited from Clinton? Why is it it Bush's fault that the Democrat CIA Director he inherited from Clinton lied to him?<br/><br/>Despite being saddled with Clinton's lies, Bush still managed to win the Iraq war! Obama inherited a stable Iraq. Biden promised Iraq would be Obama's greatest achievement. Instead, Obama created ISIS and gave them Iraq.",0.4314
90,"The idea of Christie running as a fiscally responsible conservative only works in the context of the rest of the bunch. Yes, if you compare him to George W. Bush, Sam Brownback, Donald Trump, or a host of other Republicans, Christie doesn't look quite so bad. But that's like saying the kid who got a D+ on his exam is a genius because most of his classmates got F's.",0.4273
91,"If elected, Jeb will be better than his brother. But that does not take much considering what  G&gt;W&gt; Bush did to get America into real economic trouble:<br/>tax cuts he could not afford, a war that was not paid for, and a recession that he and his economic advisers did not manage to see coming, leaving a legacy of huge losses for anyone who saved and invested. Hiring Wolfovitz as an adviser and listening to big brother George is a big turn off.",0.4155
92,"Hatchet job? <br/><br/>Christie might well be the most corrupt and incompetent governor in New Jersey's history and for five solid years while he and his corrupt operatives ran amok all the media ""reported"" were puff pieces about his personality and his tastes in sports teams and popular music.  He's made life very hard for a lot of New Jerseyans and it's about time the media did its job and told the truth about this scoundrel.  ",0.4105
93,"Yes, let's take an off-the-beaten track location in Florida and extrapolate it to all of America.",0.4019
94,"Why haven't Republicans demanded to see Trumps's birth certificate the way they demanded to see Obama's birth certificate when Obama first ran for president?<br/><br/>Why the double standard, Republicans?",0.4003
95,"Why haven't Republicans demanded to see Trumps's birth certificate the way they demanded to see Obama's birth certificate when Obama first ran for president?<br/><br/>Why the double standard, Republicans?",0.4003
96,"I agree, transparency is absolutely necessary with the past record of trade deals. I have supported this president, but am disappointed. Legacy is not a reason for a bad deal. If the GOP is so for it, no way does it help the average American worker!",0.3962
97,"When someone like Scott Walker is considered a ""serious"" candidate for the office of President of the United States, we are in deep, deep trouble.<br/><br/>... but then, we already knew that, didn't we?",0.3919
98,"Too bold, or too old?",0.3818
99,Just like Bumbling Barry.,0.3612
100,"A while back I saw a political cartoon (don't remember from where) with four men in it:<br/><br/>1. The senior George Bush, wearing a cap with ""41"" on it;<br/>2. W, wearing a cap with ""43"" on it;<br/>3. Jeb, wearing a cap with ""45"" on it; and<br/>4. The man you mentioned, George P. Bush (one of Jeb's sons, by the way), wearing a cap with ""48"" on it.<br/><br/>Based on that projection, we could expect to see ""P"", who was elected Land Commissioner last year, run for the Republican nomination in 2032 or 2036. Get ready for the 3rd generation.",0.3612
101,Maybe he should run for governor of Maine; he sounds a lot like the one we have now.,0.3612
102,"Mount Denali was not named for Mr. McKinley because the man met such a tragic end. The mountain's traditional, native name was changed to honor him before President McKinley even took office! Mr. Portman is blowing smoke here.<br/><br/>Besides, if Congress has time to argue about an issue like this, which can be lawfully handled by the administration, then one must really wonder whether the leadership of that branch of government has its priorities straight.",0.3595
103,"Not to worry, he won't be president next year and most likely, ever. ",0.3412
104,"Keeping people from getting Medicaid for political reasons, what a scandal.  Of course in the long run these states are going to have to pay for those people's health care much to the discomfort of the state's tax payers.  But these politicians are returned to office.  Apathy is running this country into decline, as do nothing tax cutting states watch infrastructure, education and health care go to the dogs.  Fortunately the ACA provides the insurance exchanges in states that scorched earth die hard anti-Obama politicians would rather ""hurt"" Obama than help their state's constituents get affordable health insurance.<br/>The merging of health insurance companies so that they can reduce competition is a tried and true American practice to raise prices.",0.341
105,"Pardon, I meant Kansas City, MO (which BTW went belly up in less than 2 years. Then he went into machine (Pendergast) politics.).",0.3182
106,"Much as I disliked Ronald Reagan, it wasn't because he was a senior, and he did come up with some fabulous lines:  ""I won't exploit, for political purposes, my opponent's youth and inexperience.""  And he was speaking to WALTER MONDALE, who had been a senator, vice president, and president of the Senate!  So, really, youth and inexperience should have a little something to do with your choice for president.  Marco Rubio? I still wonder who will change his diapers.",0.3156
107,The last one to try may well have been Eisenhower.,0.2732
108,"Once in a while, folks, try to do tthe math--BP's axly on the hook for around $40 billion plus--and appreciate the way this Qdministration went after these guys and kept right on going.<br/><br/>Then, try and remember that you can't just hurl people in jail for lousy behavior: there have to be, wossname, actual laws that they're violating. <br/><br/>So when you're thinking fashionably about blowing off voting, as so many did in 2012, try and remember just What you're helping elect, please. <br/><br/>And who you helped elect by not voting, or bei too good to vote for Gore or Kerry, in 2000 and 2004.",0.2732
109,"If this is about disrespecting Bush, then Barack Obama will do just fine.  Obama's been impersonating George W. Bush for most of his presidency.<br/><br/>As they say in Texas, if you want the bull you've gotta take the horns. ",0.2732
110,"Not a big fan of Schulz but think this hits the target.  We were promised ""no red states, no blue states, but the United States of America and what we got was the most divisive governing in recent history.  That Schulz suggests a leader with sufficient humility  to see leadership as a privilege and not an entitlement suggests he isn't thrilled with the current choice before the Dems.  ",0.2523
111,"whoa there, Nelly - it was the knucklehead gutless Repugnant-cans who led to the shutdown and downgrade (by one credit rating agency), not Obama.  <br/><br/>and as is plain from most of your comment, you remain factually challenged.  Your beloved St. Ronald and Bushes 1 &amp; II that ran up the overwhelming majority of our national debt but don't let the facts get in the way of your opinions (as ill-informed as they may be).  ",0.25
112,"Hate to tell ya, but JP II was already canonized (along with the more deserving John XXIII).",0.2381
113,"Seems that Kansas is giving up on its 'Seriously Bad Ideas' of tax cuts for the wealthy and well off citizens, finally. Of course the desperate plea of slashing all educational institutions had the effect of voting for the increase of cigarette tax, 50 cents, and the retrograde sales tax hike of half a percent. Naturally this burden falls on those least able to afford it. So another 'Seriously Bad Idea' was replaced with another one. <br/><br/>So at least we can finally say that the Kansas ""Experiment"" has failed and will continue to do so. This won't be the last tax hike needed for Kansas to recover from Gov. Brownback and his Koch backed republican minion's malfeasance. But the end of voter stupidity may not end anytime soon. After all the Governor and the Tea Party legislators were just reelected. Good luck with the next couple of election cycles Kansans. The nation's eyes will be on you.",0.2293
114,Jimmy Carter is a great man with admirable qualities but doubtful he will be considered a great president a lot due to international events beyond his reach. Losing reelection by a wide margin and the highly visible and uncontrolled hostage crisis are legacy issues.<br/>Carter-Reagan economics probably deserve more in-depth comparison - Carter was a fiscal conservative and stuck to conservative policies; arguably more so than Reagan. Reagans actions like the air controller strike and highly promoted tax cuts simply received more visibility than Carters.<br/>Carter may be our greatest ex-President - a lifetime of service to his country.,0.214
115,"No I did not vote for Obama twice. Once because anything was better than Bush. No I am not interested in Clinton or your Mr Walker, just more puppets for the elite. Good luck with choice or lack of it.",0.2124
116,"That would be interesting. Since Joe and Mr. Obama have the same sophomoric view of the world, a run by Joe would test Obama's claim the other day that Americans would elect him to a third term. <br/><br/>I guess he has forgotten about the 2014 midterms.",0.2023
117,Bill de Blasio is a fine leader. Just ask him.,0.2023
118,"Lets not forget Pat McCrory in North Carolina, Bobby Jindal in Louisiana and John Kasich in Ohio.  ",0.1695
119,"Gee, thanks for the lesson in campaign politics. How do you know what any of these guys, or gal, would actually do once elected? Unlike promises made about , say, entitlements, lives are at stake in war.",0.1531
120,"I wouldn't count Christie as being a long shot for the White House, as there is an overwhelming feeling in New Jersey to vote him in there . . . just so they can get a new Governor. ",0.128
121,The cost to taxpayers of Christie's defense team = millions of $<br/><br/>The irony of Christie announcing his candidacy in a gymnasium = priceless,0.0772
122,How does that in any way excuse what Jeb is doing?,0.0772
123,Personally I was amazed at Rick Perry's proclamation that the shooting was an accident caused by drugs.,0.0258
124,"For that matter, where is FDR when you need him?",0.0258
125,"For that matter, why anybody? There's thankless, and then there's the presidency.",0.0258
126,"For that matter, where is FDR when you need him?",0.0258
127,"Why is financial adviser Harold Evensky ""staggered"" by Rubio's finances when he's studying a period that transpired ten years ago — when Rubio earned $300,000 a year from his law practice? Probably because — as reported by the Washington Beacon — Evensky donated $500 to Obama in 2007. Funny how the Times fails to mention that little nugget.",0.0258
128,You keep calling the Governor of Ohio moderate.... please he is no different than the rest.,0.0258
129,Knowing what's going on only makes it more difficult to accept the boneheads our fellow Americans elect to high office.,0.0183
130,But have you see who she's running against?,0.0
131,Has the President?,0.0
132,Tell that to Messrs Obama and Holder.,0.0
133,"You're right about one thing: we DO have a self-serving leadership. That, and serving their political masters and corporate backers. Legacy-schmegacy.",0.0
134,"When will we be seeing a review/critique of Hillary's campaign and history?  Including of course a discussion of how it is being funded (illegal), her experience running something (nil) and her record in public service especially SOS (unremarkable except for its scandals)?<br/><br/>I thought so.",0.0
135,Or in the cabinet,0.0
136,"President Obama is morphing into a Jimmy Carter lookalike, even before his term is over",0.0
137,The 2016 Presidential Election will erase the Obama Presidency.<br/>And Hillary will be holding the eraser.,0.0
138,"Hillary wasn't exactly ""supportive"" of young Monica Lewinsky.  She did quite a hatchet job on Monica.  Not quite the ""grandmotherly"" figure she is trying to portray.",0.0
139,Scott Walker will say anything it takes.,0.0
140,"I would rather work for David Koch than take a handout from Barack Obama.<br/><br/>Also, Is Koch considered a blue stater because he has an apartment in NYC?",0.0
141,"READ THE ARTICLE..... it was the Secretary of the Interior who did it: <a href=""https://www.doi.gov/pressreleases/secretary-jewell-announces-nation%E2%80%99s-highest-peak-will-now-bear-native"" title=""https://www.doi.gov/pressreleases/secretary-jewell-announces-nation%E2%80%99s-highest-peak-will-now-bear-native"" target=""_blank"">https://www.doi.gov/pressreleases/secretary-jewell-announces-nation%E2%8...</a>",0.0
142,"If Fiorina is running based on her record of corporate management, a record that she misrepresents, then those things do disquafify her from the presidency.",0.0
143,The politician formerly known as Bush?  ,0.0
144,You just described Obama's presidency. ,0.0
145,Does the name Batista ring a bell Mr. Rubio?,0.0
146,I imagine Mr Denis will be the first one to move to an independent Puerto Rico.  Is he willing to make that pledge?,0.0
147,GW Bush was young.,0.0
148,In a kind of a Murphy Brown/Dan Quayle sort of way...,0.0
149,This will fade to nothing once Hillary announces she is 1/128 Cherokee and thus  deserves to be the first Native American President.  It worked for Elizabeth Warren after all.,0.0
150,"The role of the Governor's office in current CUNY contract negotiations (no contract for 5 years+) has been, from what I've been able to fathom of the process, similarly dispiriting. ",0.0
151,"Honey, that is already occurring: Obama gave some part of the spouses the right to work last November...",0.0
152,Larry L. For President.,0.0
153,I believe the 2 government officials were appointed by Mr Obama.,0.0
154,Bait and switch. That's the Obama legacy.,0.0
155,Jerry Brown for president!,0.0
156,Bernie Sanders for President.  Edward Snowden for Vice President.,0.0
157,But wasn't it a Republican President and his administration that performed so poorly in the aftermath?,0.0
158,Clinton and Colin Powell used exactly the same system.<br/><br/>=================<br/><br/>Please back this up with a citation.,0.0
159,"I thought we were getting two for the price of one when we voted for Bill.  At least, that's what the Clintons said in 1992.",0.0
160,Then why is he running as JEB!  ?,0.0
161,"Apart from his glasses, does Perry have any additional qualifications which voters should be aware of? Here's my burning question for this retread: As Commander-in-Chief, how will you handle a Texas governor calling out the National Guard when federal troops try to conduct necessary training on one of their many Texas bases? ",0.0
162,Jeb! was born on third base and brags about hitting a triple!,0.0
163,Study what he has done in Ohio and you may change your mind .,0.0
164,"Gov Scott Walker did hire a strategist early this year. He's Republican Rick Wiley, an Ilinois guy who's been around in the midwest for a few years.",0.0
165,"cuomo should be impeached, he's anything but a governor, he's a shill for business, not the people, that's patently obvious.  Mr. DeBlasio is on the mark.",0.0
166,So do Mr. Boehner and his pals. ,0.0
167,As the President once reminded Mr. Mc Cain: 'Elections have consequences'.<br/>No one will ever name anything Mt. McConnell.,0.0
168,This world deserves its purging by the white walkers. This is the only moral I see among the carnage.,0.0
169,Did anyone notice that it was Senator Lisa Murkowski of Alaska who requested that the name be changed to what Alaska natives had always called it?  It wasn't Obama's idea.,0.0
170,Why isn't Newt Gingrich running this time around?,0.0
171,"How convenient of you to leave out Harvard and his law career while denigrating 11 years as a legislator. Perhaps it was missing from the Fox News show you were watching. Carly ran HP into the ground. She was a big enough failure that no tech company would hire her afterwards. You seem not to remember the fall of 2008, but I can assure you that the American economy was on the brink. We have Obama to thank for pulling us back, along with many other accomplishments since then. In 2012 the American people re elected him to the highest office in the land. His lack of experience at 7-11 notwithstanding.",-0.0129
172,"Jeb is quite likable and decent.  Hillary is neither.  He has a record as governor.  She has a record as a traveling Secretary of State.  <br/><br/>It will come down to her being able to ""fight"" not for the little guy but through all her own scandals.  That's the toughness she really displays.<br/><br/>Oh, and, yes, she's a woman, which really matters to her generation.  Little girls already believe they can be president.  Just ask them.",-0.0168
173,Thanks for your bi - annual list of failures and accomplishments of this president.<br/>As I write I am listening to Mitt Romney and Chuck Todd.<br/>I rest my case.<br/><br/>Sticking with the Dems. ,-0.0258
174,"This president had the red carpet rolled out for him as few presidents have had before.  He squandered the first two year of his presidency when he had the opportunity with a democratic congress to remake America.  Problem is, even liberal democrats in Congress, don't actually want to remake America.  If they did, they could have.  ",-0.0315
175,"Why is Douthat playing into Jeb Bush's strategy to use his last name as little as possible in an effort to dissociate himself from his hapless brother? Journalists  should refer to him by his actual last name, Bush, just like they refer to all the other candidates by their last names, or risk appearing to be Bush's stooges.",-0.0516
176,"There would be a lot of truth in what you say if you changed Trump to Obama &amp; Democrat to Republican although, sadly, President Obama cannot be our next president.",-0.128
177,"Thanks Alex Jones. What time can I tune in for more about Benghazi, the IRS, Jade Helm, Vince Foster, Whitewater, Obama's birth certificate, the Newtown conspiracy, and climate change?",-0.128
178,Hogwash.  Walker is not interested in advancing underemployed young PhDs or any PhDs of any age and circumstance. He is interested in punishing his rivals in the opposing party and helping the Koch brothers agenda in return for campaign money.  This he proved himself in that hilarious embarrassing phone call when he thought he was speaking with a Koch instead of being recorded for a media prank.  He is a complete tool of the Club for Growth who spells out his agenda for him.,-0.1321
179,"Um, Obama has glowingly endorsed it as well so not sure if you're placing blame squarely on the repubs.",-0.1382
180,"I never thought I'd say it, but after all the hype and hysteria over his campaign bloviation, Trump is starting to look like a mixture of PT Barnum, Don Rickles AND Teddy Roosevelt. And it was Teddy Roosevelt, also a wealthy patrician, who couldn't be bought, was considered by many to be an eccentric and condemned by fellow Republicans as too progressive in favor of the working man and anti-business.<br/><br/>Teddy proved them right when cracked down on and broke up the Trusts -- especially Big Oil -- that were threatening to turn America into a full-fleged oligarchy.  This also created a schism in the Republican Party at the time. Was it to remain the Party of Lincoln or the Party of the Rockefeller's the Gould's, and the Fisk's?  The 21st Century version of the Trusts are the hedge funds and the multinational corporations who game the international globalist system with impunity.  And Teddy was as assertive in foreign policy as Trump sounds.  Both men believed in a robust American foreign policy that also knows when to pick its fights and when to keep America out (Trump opposed the W's Iraq War; Teddy supported WWI and of course the Spanish-American War but avoided war in South America. Teddy's slogan of course was ""Walk softly and carry a big stick"", while The Donald's seems to be ""Walk loudly and carry a big stick."" This campaign is getting interesting.",-0.1531
181,"So, when they do attack Israel, I will write them a stern letter telling them that Mick from Florida promised that they wouldn't?",-0.1531
182,"One thing for sure, if Trump gets in we will have a President who is respected as a man of his word instead of the current POTUS who long ago lost all credibility and is widely ridiculed by most foreign leaders as someone who is all talk and no action.",-0.1531
183,And this is a serious post?  With ABC's morning guy and political commentator a former Clinton employee?  Check out how many Obama employees came from the MSM and vice versa.,-0.168
184,"Will a Republican ever be elected President again?  It doesn't look like it.  So it doesn't matter what it's done for his political career.  Unless he's planning on running for mayor or governor, but New Yorkers wouldn't have him.",-0.1837
185,"Once again, the Obama legacy survives despite relentless attempts to crush it.",-0.1896
186,"Protecting the people from themselves is a challenging enough undertaking but protecting them from the government they elect is impossible.<br/>The United States of America is nothing more than a revolving Dictatorship, because those elected, for whatever period of time, can operate for that period of time unchallenged.  When the President lied to a grand jury and nothing was done about it; it was this country's death knoll.",-0.1901
187,"McConnell is the final (and over-ripe) fruit of the Republican system of leadership by seniority. This has also produced a line of uninspiring presidential candidates, such as Dole, McCain, and the various Bushes.<br/><br/>The clown car of current Republican presidential candidates may actually yield a more competent leader, albeit one who will lead in the wrong direction for the nation. Democrats tke note!",-0.202
188,"So we're being honest, Frank?<br/><br/>Ok, then.  We will do anything to avoid a Republican president.  ANYTHING.  Republicans have to pander to the crazy, crazy crazy.  People who believe it's better for a 15 year old girl to have a baby than to have a life.  People who think a free lifeline phone is communism.  People who think Obama's a Kenyan Muslim who sits in the Oval Office hatching plots each day to Bring Down Amerikkka.<br/><br/>I prefer the scandals.",-0.2111
189,"Don't worry, Carly Fiorina is the Michelle Bachmann of summer 2015.<br/><br/>There was no President Bachmann, and there will be no President Fiorina.",-0.2486
190,"Drop the ""de"" and I'm with you, Rick.",-0.2732
191,Surely you're referring to the Bush/Cheney but off a couple of years. You blame the person with mop(current Pres) instead of the people that fouled up the floor in the first place.,-0.2846
192,"The most telling fact is that no one is signing up to be trained by American ""advisers"". ",-0.296
193,Walker No. 1: President G. Walker Bush,-0.296
194,"Unfortunately for all of us, Obama wants to do things his way and ONLY his way. Thus, all of the Executive Orders. He is not a President; he is a tyrant.",-0.34
195,"He was also likable from a personal point of view; which cannot be said of almost any other Republican president or candidate in modern times. It would be hard to rally the masses around Nixon, Ford or any of the two Bushes. Reagan is just the skinniest kid in fat camp.<br/><br/>I think that if senator McCain had been elected in 2008, no matter how his presidency could have ended being, he would have been also idolized a couple decades later just for that factor. ",-0.3612
196,"Today I just happened to read Summers' obituary statement on Milton Friedman in 2006  (FN 77 on Wikipedia entry on Friedman).   It was quite honest.   He didn't claim to be Keynesian., but said all Democrats (New Democrats) are Friedmanites.   He listed the ways and it predicted nicely what he would do in 2009 and what Krugman criticized him for in Dec. 2008 and Jan. 2009 (although not by name).  Krugman is very close to Summer as his relation to Summer's disciple, Brad DeLong shows.   Obama is to the left of Reagan on things for the very poor, especially the minorities in the base, but he is to the right of Reagan--well to the right--on fiscal policy, tax policy, and deregulation.",-0.4005
197,"Right.  We had a so-called MBA president once, remember?  He and his policies drove the economy into the toilet, his tax cuts did nothing to avert the largest recession since the Great Depression, and increased unfunded liabilities to historic, unprecedented levels.<br/><br/>With Fiorina, we know she drove a blue chip global company into the ground.  She'll do the same again.",-0.418
198,The headline of this article damns the President's action with faint praise.<br/><br/>The President is doing what he can on his own to help middle class workers.  Republicans in Congress are doing everything they can to redistribute money from workers to the elites.  That is where the blame should come home to roost.,-0.4404
199,"One may only await Mr. Douthat's analysis of the ethics of a Republican field that includes one gov under felony indictment, two govs determined to push their states as far right as they can in an apparent effort to make sure nobody notices their disastrous state economies, another gov who may end up undicted and who yells pretty loud so nobody will notice his state's disastrous economy, a senator who helped craft immigration reform and now pretends he never heard of it, a senator who explicitly wants us back in Iraq to stay, a senator who at least opposes the NSA but doesn't do much otherwise...<br/><br/>And a whole klatch of people running for goodness knows what reason, apparently on the theory that being a candidate is a bully pulpit, or maybe an episode of ""Star Search.""",-0.4588
200,A paramount difference between Donald Trump and President Carter is that President Carter lives and demonstrates his faith in his actions on a daily basis where as Donald Trump does just that - trumps and yaps hurtful words all day long that are as hollow as his head and heart.  He's more no a Christian than I am Mother Teresa.,-0.4754
201,"Mr. Brooks uses the Foreign Policy Initiative as his expert advisers for this.  William Kristol, Dan Senor and Robert Kagan are Directors of this organization.  They have been wrong on the results of virtually every foreign policy initiative for the past twenty years.",-0.4767
202,I listened to one of the hate radio people talk about how Obama is going to rename a couple of other American monuments after Kenyan locales. If you don't see racist overtones in the treatment of this President you are willfully blind. ,-0.4905
203,"The Charge of the Fools Brigade into Iraq did not cost thousands of lives and hundreds of billions of dollars.<br/>It cost the lives of 4,489 GI's, the life time maiming of 15,000 GI's, it gifted a lifetime of PTSD to hundreds of thousands of GI's. It killed, according to Johns Hopkins, between 600-800,000 Iraqi lives.<br/>The monetary cost is in the trillions, with interest added, because it was put on the US credit card.<br/>The cost in reputation, in support of the US, in the goodwill of mankind is incalculable.<br/>All it took, was one corrupt Governor, Third Bush, to suppress the vote, disenfranchise 93,000 legitimate voters, throw out 180,000 ballots to enable Bush family retainers on the Supremes to appoint a supremely unqualified prep school guy cheerleader, who used daddy's juice to dodge Viet Nam, as the most disastrous Commander in Chief, since the last guy cheerleader elected, who dodged WW II, saint Ronnie Rayguns.<br/>Coincidently, Willard Mitty Romney, who BiBi Netanyahu openly campaigned for, in the US in 2012, after promising both BiBi and Shelly Adelson eternal jihad against Iran to the last American GI, was, a guy cheerleader at Cranbrook Prep, who used daddy's influence to hide out in France to avoid Viet Nam.<br/>Literal pom pom waving, war dodging, republican style, macho tough guys.",-0.4927
204,"Think about this: If Perry's last name was ""Bush,"" then he would actually be a contender, regardless of his lack of qualifications or abilities for President. That's a really scary thought. ",-0.5095
205,This is just dumb.,-0.5106
206,This is just dumb.,-0.5106
207,"Bush of the Jeb variety has already made his mark on this country.  We can thank him for throwing the 2000 election to his brother and Darth Vader, Dick Cheney.  <br/><br/>It was the leader Bush of Floridah, that purged thousands off the voter rolls to keep people of color from voting.  Then the butterfly ballot.  And Katherine Harris.  The list goes on and on.<br/><br/>And let's not forget Terri Schivo.<br/><br/>I'm of the opinion, he made his mark.  The turtle needs to return to his shell.  He has done enough damage.",-0.5162
208,They might want to win but they won't.  Jeb can't go 12 hours without putting his foot in his mouth and he's got some nasty little skeletons in his closet.,-0.5187
209,"What is Joe Biden's legacy?<br/>As Robert Gates said, this is a man who has been wrong on every major foreign policy issue for the last forty years.<br/>That's Joe Biden's legacy!",-0.5255
210,Can someone please explain the last paragraph which says<br/>if the opponents in the House fail to override the<br/>President's veto then no Senate action will be needed.,-0.5267
211,"I would say he is ""dithering""!  (in the words of Dick Cheney)",-0.5562
212,"""Reagan's gravest mistake""<br/><br/>Reagan was a mediocre actor and a ignorant celebrity president. He new little about the world except Hollywood!",-0.5707
213,In a hole underneath the basement of contempt.  Impeachment.,-0.5859
214,"Very good points.  The Democrats have no choice but to run a campaign blaming the 1%.  Given they held the Presidency the past 8 years, Congress fully for two of those eight years, and partially for another 4, it's impossible to run on their actual record.<br/><br/>Look at what we say, not what we do.",-0.5864
215,"Obama believes this Trade pact is good business.  Mr. Krugman is not so sure and disagrees with Mr. Brooks.  I'm torn.  Although I prefer Krugman to Brooks on all things economic, I'm inclined to permit Obama to lead when he is leading.  I backed him on some things I wasn't certain of before, and he turned out to be correct.  And I always return to Iraq.  While Mrs. Clinton was taken in by the bogus ""intelligence,"" and Mr. Brooks was too, Obama was right on the money.   Get the pact done.",-0.5929
216,"If season 6 involves the White Walkers roaming the land and turning everyone, I would have no problem with that at this point. ",-0.5994
217,"Although I find all the GOP candidates somewhat scary, I think Walker tops the list as the most frightening potential president.  There does not seem to be an ounce of humility or empathy in his public demeanor or in the few things he's said.  <br/><br/>But as this article points out, the really troubling part of these pieces on Walker is how beholden he is to the Koch brothers.  I know we liberals love to demonize these billionaire brothers, but we do so for a reason: they exemplify the worst evils of the Citizens United decision that ensures private--not public-- money controls the electoral process.<br/><br/>Walker may sound tough, but you can bet he folds when the Kochs call.  If you want to know what Walker would do as president, get more familiar with the Koch agenda: removal of all unions, regulations, and obstacles to their families' accumulation of wealth, thus guaranteeing their John Birchian-Ayn Randian philosophies of limited government and every man for himself dominate whatever course a President Walker would take.<br/><br/>The expression ""what's good for General Motors is good for America"" has morphed to ""what's good for the owners of big industries is good for America in the eyes of conservatives.  For everyone out there who thinks government should be shrunk and drowned in a bathtub, think again.  And think just who would prosper once every single 20th century social program gets cut or eliminated.",-0.6055
218,"Oh? If you look at the actual numbers instead of the hype, in real terms, Carter's spending and deficits and debt accumulation decelerated over Nixon/Ford as did Clinton of Reagan/Bush; Reagan/Bush and W Bush accelerated spending, deficits, debt accumulation over their dem predecessors. This is regardless of who was in control of the senate and house.",-0.6124
219,"This is NOT about abortion or rights or health or any of the time-worn excuses presented - this is about CONTROL of others by the old Republican guard.  They have even publicly announced, and attempted without much success, to control our elected President.  But, though the GOP deny it, it is in this case because of the color of his skin.",-0.6248
220,And this is what was so disappointing about Michelle Obama's efforts to reduce childhood obesity.,-0.6269
221,"I remember Vice President Biden in the Congress during the horror of the Vietnam Police Action. (war). Biden was a clear voice opposed to that unnecessary carnage. <br/><br/>His ability to express himself has been criticized by repressed people who want all politicians to be quiet and mouse like.<br/><br/>Once upon a time, it would have been unthinkable for a VP not to run for the #1 office; with Cheney that became a no brainer. His age and his poor health made him an unlikely choice. Al Gore ran, and won the popular vote and the Supreme Court handed the election to the loser of all time, G.W. ""Bushwhacker"". Bush's going along with the Saudis, invaded Iraq after mostly Saudi pilots brought us 9-11.<br/><br/>Hillary showed a scorn for the nation setting up a private email account as Secretary of State, and that was insane, and may well be her Achilles Heel.  I am for Biden, should he decide to run.",-0.6369
222,"But, call the governor and express your outrage.",-0.6652
223,Two Bushes. Two failures and two major recessions.<br/>Three strikes and you're out.<br/>It's American.,-0.6705
224,"For all her disastrous  knee jerk war making of the past fifty years, if America remains a credible moral voice in international relations it's thanks to her voters for electing and then re-electing Barack Obama for president. Now, at such a promising moment when a modicum of stability in the Middle East is finally in the offing, it ought to be unthinkable to Americans that this same president's extraordinary diplomatic efforts should go for naught. ",-0.6808
225,From the person who regularly parroted Benghazi conspiracy theories and thought Obama might seriously invade Texas.<br/><br/>Don't blame me if your unconvinced state doesn't sway me.,-0.6872
226,"Hey Governor Christie - produce some evidence of voter fraud, or else SIT DOWN AND SHUT UP!!!",-0.6884
227,Nixon said if the president does it it's legal (based on the notion that only the Senate can try the president and only after 2/3rds of the house impeaches him).  I guess for some it's only illegal if it can be prosecuted.,-0.6908
228,"Sure, if they are running for President. This young man wants to run all of our finances. It would be irresponsible of voters to ignore the fact that he manages his own resources in ways that scream: ""I will make you nostalgic for Dubya.""",-0.7003
229,How would you feel if you disagreed with Obama's view?  What specifically gives Obama the power to subvert the will of the American people who elected its Congress to legislate matters?<br/><br/>This President should scare you.,-0.7059
230,David misses an important distinction. How a politician runs a campaign and how they legislate are not one and the same. David is criticizing Hillary for how her campaign advisers have decided how she should get votes. Instead David should be criticizing the entire manipulative process. How we elect officials is the problem. Hillary is simply playing the game.,-0.7184
231,"All this extra war-readiness is the result of Hillary Clinton's ""reset button"" policy with Russia while she was Sec. of State for Obama.<br/><br/>That miserably failed policy, as with Benghazi Libya, and their pre-mature withdrawal from Iraq that gave rise to ISIS, is what Mrs. Clinton says qualifies her to be President.  <br/><br/>Those of us who know truth and prefer to live in peace, liberty and prosperity, recognize Hillary Clinton's long record of failure, deception and greed disqualify her from any leadership role.",-0.7184
232,How do you know he is a good and decent man and that Bernie Sanders is not?  Maybe he is and maybe he isn't - but all you (and I know) is what we read in the newspapers.  I remember when he flagrantly broke the law to intervene in the Terry Schiavo case.  I was not impressed with his decency then.,-0.7254
233,"Who has money to give to this guy? How is that possible? The ONLY possible thing that I can assume is that the republican party really is out to ruin our nation. A cursory look at their records of Jindal, Walker, Brownback, Scott, and the others can only lead one to believe that chaos and anarchy is the goal and that total misgovernment is the means. ",-0.7319
234,"disastrous tenure at HP, followed by the 40 million dollar parachute.  yep, she broke the glass ceiling to join the incompetent CEO club.",-0.7506
235,"Mike<br/>You are woefully misinformed. Glass -Steagall was<br/>repealed under legislation signed into law by Clinton, not Reagan. Guess that makes you one of those low information voters.",-0.7506
236,"It has long been said that every single Senator believes he or she could, or should be President. About the only former House member interviewed was Bill Richardson, who DID run for President himself. Somehow, Horowitz was insufficiently skeptical to recognize envy and petty jealousy when he sees it.",-0.7579
237,The worse.  What's the harm in his going several rounds with the other Rebublican candidates?,-0.765
238,"Hubris and arrogance is the turf of Ms. Clinton and all of her tone deaf supporters.  At least Perry has one question right, ""when have you led?"".  In Clinton's case, it might be better to ask, ""Why did you fail to lead?"", as she held court as Secretary of State and watched our status in the world tumble.  You are right Thorina, Hubris and Arrogance know no bounds.",-0.7941
239,"We would be in a very different world indeed but we did not elect a president that year instead the SCOTUS selected GW Bush and his neo-con admin headed by big oil industry Dick ""Shooter"" Cheney…and we are still paying for the mess they made at home and globally…..imagine how life would be today if the SCOTUS had not stepped in. That election was fixed….I think we all know that.",-0.8271
240,There have been more American deaths due to terrorist attacks under Republican Presidents than Democratic Presidents--an inconvenient truth to those who look to rewrite history.,-0.8271
241,"As Perry stood amidst the graves at Omaha Beach, he might have asked, "" Isn't it failed leadership of all politicians, including myself, who neglect to account for mistakes made in leading our country into war under false pretenses and result in the deaths of thousands of young people  sacrificing their lives on our behalf?""",-0.8359
242,"""President George W. Bush’s swaggering approach to leadership and his headstrong use of force, especially in his first term, led to the disaster that still imperils Iraq today.""<br/><br/>Obviously none of the candidates remember this and have learned nothing from W's folly.  <br/><br/>What was that quote attributed to George Santayana?  --  ""Those who do not learn history are doomed to repeat it""",-0.8519
243,What I hear from you is that Obama gets a pass because he is a Democrat and Bush does not because he is a Republican.<br/><br/> Did you really think I thought that Obama was running for the presidency?  Somebody needs to get a grip and it is not me.<br/><br/>I dislike prejudice and partisanship and I defend Bush from unfair attacks by Democrats just as I defend Obama from unfair attacks by Republicans.  America cannot solve its problems if half the Americans are attacking the other half.,-0.8572
244,"Whoot hoooo! recent polls have JEB, Rubio, Walker as a nearly dead heat, each with just over 10%.  All the others are in single digits and either just yapping to make noise, or possibly running for the VP nomination. (Carly, here's lookin' atcha)<br/><br/>Walker is the candidate the Democrats want.  No one would energize their base more.   I'll be beyond surprised if gets the nomination.<br/><br/>This leaves Rubio.  Frank Bruni had a column about ""You'll be hearing more about Rubio"" ... ha!  I've heard more about Ulysses S. Grant in these weeks than I've heard about Rubio.   Why is this?<br/><br/>It's simple.  The Republican plank is a disaster.  No Republican can get elected president on the Republican plank.<br/><br/>So the front runners are two guys from Florida (a swing state the Republicans must capture to win the presidency, and probably won't) who don't say anything.   That's the best policy for Republicans.<br/><br/>Nominating JEB more than neutralizes Hillary's biggest liability.  But the Republicans look likely to do that.  JEB can keep the money coming in without saying anything better than Rubio can.<br/><br/>And sadly, that is what this race is about, for the Republicans -- open you mouth ... and lose.",-0.8639
245,"It's refreshing there is a candidate who struggles like many of the neglected middle class citizens of this country.  Many of our former presidents weren't rich and  had financial problems. I am more interested in candidates who offer a clear vision of how to cope with unemployment, strategies to help the middle class, job creation,the growing terrorism threat to our country,etc.<br/>The Clintons claimed they were dead broke when they left the White House.  Now of course they are multimillionaires ..How do they relate to the average American?  Mr. Rubio sounds  like most everyday citizens who struggle to make ends meet and also are tempted to buy high ticket items.<br/>I am not sure who I will vote for, but I'd rather learn more about a candidate's agenda than his/her personal life.<br/>After all, Bill Clinton was reelected so why should Mr. Rubio's tickets and spending habits be another NYT hit piece. I guess you have nothing more to say about Chris Christie. Who's next?",-0.8676
246,"Jeb Bush is a tragedy and will be a tragedy for America. This political family dynasty is a joke and he is so out of touch with the people of this country it is stunning. I fully agree with him that America deserves better - and certainly better than Jeb Bush. Another disgusting power grab by the wealthy Americans who will try and buy their way into the white house.  America deserves better ?  bette than Obama and the incredible strides he has made since the previous Bush all but destroyed the middle class and  the American financial system.  What jokers,it is impossible to take them seriously if not for teh fact that they are so dangerous.",-0.8702
247,"There is no way to remain pretty when saying ""I told you so."" But it feels so good, doesn't it Ms Dowd?<br/><br/>Only problem is there is no way for the American presidency, in any hands, to return America to greatness on the international stage. It has been too long since we talked softly and carried a big stick.<br/><br/>Oh sure, we have the big stick. But now that we have wasted our image by using it so often in an effort to kill ants the world knows us for the ineffective bully that we are.<br/><br/>Obama has done as much as we could ever hope for in repairing the American image in a pair of terms. It will take several more reserved and careful people doing the same before we can hope to resume the natural leadership so many since Reagan have worked so hard to destroy.",-0.8716
248,"Think about it - Before Reagan, only two republican presidents in fifty years had been elected, Nixon and Eisenhower, and last republican before that, Hoover, was in office for the Great Depression (Ford was appointed as a coda to Nixon's stain in office).  The record of Eisenhower is a good one but not a ""republican"" one.  Ike believed in government (he oversaw the building of the Interstate highway system) and he warned us against the military-industrial complex.  Nixon was, let's just say, not going to be discussed.  <br/><br/>So, it befell St. Ronnie to become the modern republican hero.  Nevermind his record of profligate spending and multiple tax increases.  All the broken laws, convictions and propaganda to the contrary, Reagan's record HAD to be lauded and therefore, glossed over with lies and half-truths.<br/><br/>Reagan was no saint; he is just the only POTUS that the ""modern"" republican party has available to lionize, regardless of record.  And we get to hear about him over and over again - the real curse of Alzheimer's'.",-0.8735
249,"Ms. Dowd's column today is the definitive description of the inept, disengaged, and narcissistic performance of the worst national leader since Louis XVI.<br/><br/>This President has presided over disaster after avoidable disaster, turned potential and traditional supporters into opponents or indifferent citizens, and failed absolutely to lead anything.  Most egregiously, the President continues to mislead Americans and to risk US blood and treasure in a sham military campaign against ISIS -- a campaign that has no hope of success but gives every indication of empowering a dangerous enemy.<br/><br/>What Ms. Dowd has captured here is the terrible reality that instead of a determined captain we have a re-arranger of deck chairs.",-0.8934
250,"No LInda.....in case you missed it we're limited to 1500 characters?<br/>Can  you tell me how many black Democratic Senators have been elected?<br/>How many black governors?<br/>Can you tell me who appointed Colin Powell Chairman of the Joints Chiefs of Staff?<br/>Can you tell me who appointed him Secretary of State?<br/>Can you tell me who appointed Condi Rice National Security advisor?<br/>Can you tell me who appointed Condi Rice Secretary of State?<br/>Who was the first black elected to a leadership position in the House? What party?<br/>Please tell me how your liberal party has referred to a black Clarence Thomas?  Does the term Uncle Tom ring a bell? <br/><br/>Do you know who James Clyburn is?  He is in the leadership of the Democrats in the House and he is black. Did you know that he was going to challenge white Steny Hoyer for the #2 position? The only problem was he was going to lose badly. What then? Does Pelosi risk losing that precious ""we are the party of blacks"" moniker you worked so hard to steal or does she create a position that never existed before to avoid political disaster?<br/>I think you are ignorant of what I just shared because if you had known you could not write this.  Booyah!",-0.9018
251,"Pledging the 'Truth' about the nation's woes, seems like a highly dubious proposition when significant portions of your closes staff are on criminal trial and your defense is ignorance of what was going on in your own state.  <br/><br/>He cost NJ billions in growth and jobs by killing the third tunnel. He appropriated and misused the funds to fix Sandy.  He's running around the country trying to escape to higher office when he'd likely fail to get reelected tomorrow in New Jersey.   ",-0.908
252,"How sad for Mr. Rubio that his ONE issue, the one that propelled him into office on the backs of old, bitter Cuban expats who sit around cafés lying to each other about how much they lost with Castro's takeover, is no longer viable. <br/><br/>America's 50 years of Cuban policy have been an utter, total failure, and you wanting to maintain that, Mr, Rubio, says a lot about you, and your ability to think critically about Presidential things like foreign policy.",-0.91
253,"obama never had a ""true"" moment of greatness.  Elected only because he was black, there is no greatness in that. Before elected he ran on being the most honest and transparent admin in history, which is a lie.  What was to be his biggest shining accomplishment, obamacare, turned out to be nothing but a bunch of broken promises, and lies, that is failing everywhere.  He was looked upon to be the man that could bring the nation together as one.  Since he took his oath of office, not once but twice, he has been able to take out nation and segment them out and put them all into neat little boxes, so he can use them when he feels it to be necessary. These separate boxes are like women, men, young, old, black, white, Hispanic, poor, affluent, straight, gay, transgender, bisexual, Muslim and Christian... and on and on it goes.  Instead of uniting everyone, he pulls them from their boxes and faces them off like celebrity duels, then sits back and watches the fun, or just ignores everything and goes golfing or on vacation.<br/>On race, he has torn this country apart.  Pitting black vs white, American vs Muslim and Citizens vs illegals.  His policies have cost American lives.  Letting criminals from any country over our border to prey upon it's citizens.  I could go on and on, but I think you can get my gist. First you have to have achieved greatness, for it to be able to flicker.  obama has certainly not achieved anything, other than leaving a nation lying in ruins and tatters.",-0.9119
254,"The Times's most recent front page Clinton story -- about a Clinton aide who is in a dispute with the State Department over her time sheets -- is yet another example of this paper's unhealthy fixation.  What's next?  Front page coverage of how many parking tickets Chelsea got last year?  That a Clinton aide forgot to tip the pizza deliverer?  That ""Clinton critics say"" that the Secretary neglected to wash her hands once after going to the bathroom?   ",-0.9129
255,"""But I am old enough to remember the ""Dump Johnson"" movement in the late '60's. It didn't work because there were a lot of moderate Democrats for the war in Vietnam.""<br/><br/>Huh? Perhaps your Boomer faculties have faded too much. I remember watching this in March 1968, after Eugene McCarthy revealed LBJ's electoral weakness and Robert Kennedy entered the race: <a href=""https://www.youtube.com/watch?v=vOs7BjZrgqY"" title=""https://www.youtube.com/watch?v=vOs7BjZrgqY"" target=""_blank"">https://www.youtube.com/watch?v=vOs7BjZrgqY</a>",-0.9372
256,"As usual, Obama is being optimistic and the Republicans pessimistic.  I think optimism is the way to go in a lot of domestic issues, but in most foreign affairs I fear my old history professor had it right when he warned, ""History has a cruel way of disappointing optimists.""  ",-0.9493
257,"Jack, true, but remember that Obama *did* begin with a fillibuster-proof Congress. He lost the public. In that, the public was unwise, but it was also a failure on Obama's part -- his reaction to the fiscal crisis was inadequate, and he didn't stir the people as FDR had.",-0.9493
258,"I disagree with those who think Ms. Dowd is missing the point by focussing on the man vs. the issues. whenever this country has faced crises (and it assuredly faces several crises today, from the tepid economy, to foreign policy ad infinitum), it has been blessed with leaders who rose to the occasion. Without strong leadership, polarization renders us impotent to solve problems. This president has been gifted with oratory skills, but little else. It's bad enough that he's not worked with Republicans (how else does one compromise?), but he's ignored those in his own party as well. He prefers simply to issue Executive Orders. It's been pointed out many times that it's far more difficult today than in LBJ's time to horse trade, but there has been absolutely no attempt to do the tough lifting our nation requires. It's constant campaigning only. What a tragedy.",-0.9577
259,"<br/>From the article: ""In the past week alone, the mayor has been questioned about why his administration created a $150,000-a-year position for the companion of a top aide, and why the first lady, Chirlane McCray, requested a postponement of her federal jury duty.""<br/><br/>What year is this? In 2014, de Blasio was criticized for hiring Rachael Noerdlinger as an aide to his wife for $170,000/yr salary. It became a public relations disaster after it turned out she had been dishonest about her son's football injuries, and lived with a boyfriend who was a convicted killer, a thug who blogged about his activities, and his feelings about the police. <br/><br/>The problem is that Mayor de Blasio is incompetent as a leader. He doesn't know what is going on in his own administration, and he has a persecution complex on top of it all, causing him to blame media ""McCarthyism"" for Rachael Noerdlinger's downfall. That one was a real stretch. The Rev. Sharpton helped him out with that set of excuses. <br/><br/>Now, another expensive aide-hiring is being questioned publicly, and his own spokesperson is allowed to swing in the wind after going off script about Governor Cuomo? A fish rots from the head down, and de Blasio is the head of this clown show. This man should resign for the good of the city, or a recall vote should be held. <br/><br/><a href=""http://nypost.com/2014/11/18/de-blasio-aide-out-after-embarrassing-revelations/"" title=""http://nypost.com/2014/11/18/de-blasio-aide-out-after-embarrassing-revelations/"" target=""_blank"">http://nypost.com/2014/11/18/de-blasio-aide-out-after-embarrassing-revel...</a>",-0.9677
260,"“It’s a huge challenge for single moms to raise children in the world that we’re in today and it hurts the prospects, it limits the possibilities of young people being able to live lives of purpose and meaning”... says Jeb Bush.<br/><br/>And yet look at the catastrophic parenting results of one of the wealthier couples in America, Barbara and George Bush, Sr. :<br/><br/>Neil Bush - S &amp; L Bailout Welfare Queen who cost American taxpayers a fortune with his classic Bush incompetence, banker greed and rapacious selfishness<br/><br/>George W Bush - Award-Winning Presidential Incompetent who cut taxes during wartime - the single most spectacular act of fiscal recklessness in American history - and then went on to destabilize the Middle East, America and the global economy with his unusually low IQ and genetic attraction to failure<br/><br/>Jeb Bush - Award-Winning Vote Suppressor who admires the serial incompetence of his brother and likes to dabble in private end-of-life family matters and government-based uterine control<br/><br/>If Barb and George with all their wealth and privileges wound up raising three completely destructive and horribly entitled Americans, perhaps Jeb would be better off examining the catastrophic failures of his own parenting rather pursuing his unhealthy obsession with meddling in the private lives of other Americans.<br/><br/>The Bush Boys and their 'married parents' have been just as - or more - destructive for America's well-being as 'single mothers' have been.",-0.9707
261,"I see nothing but excuses from those who are attempting to defend Barack Obama.  It is now clear to the author of this op-ed that Obama has a disturbing pattern: being black and the issues of racism are only ""real"" to Mr. Obama when he is facing criticism or political opposition.<br/><br/>When the president perceives things are going well, he has no use for the Black community, something all of us observed during his first term in office, and are seeing again now.  When the tragedy in Charleston unfolded, Mr. Obama's first words were not of sadness for the victims, or their families, Obama leapt in front of the cameras before the 21 yr old White suspect was back in Charleston to complain about having to yet again speak on an incident like this--ironically, nobody asked him to speak and like the thousands of Black lives lost to senseless gun violence in Obama's ""hometown"" of Chicago, Obama could have just reached for his golf clubs and avoided Charleston altogether.<br/><br/>But he did not.  Sensing a political opportunity in the wake of favorable rulings by the Supreme Court on Obamacare, and attempting to remain relevant socially, Obama took to the bright lights and cameras, taking his dog and pony show to Charleston to offend centuries of proud Black tradition, again mocking Black preacher cadences and even attempting to sing in the pulpit--a trademark of the Black Christian faith and a sign of the Holy Spirit, not a chance to look cool.<br/><br/>Obama is a disgrace.",-0.976
262,"For me as a psychologist and attorney, the take away from this Op-Ed is that Jeb Bush actually still believes that shaming and public ridicule might somehow be resuscitated to ""save"" fatherless youth from the way our society punishes them. <br/><br/>He still thinks kids of color and poor whites ought to pay for sins of the father and mother. His moral high-ground is part-and-parcel of his top-down entitlement myopia of blaming the victims so that we needn't aid or assist them.<br/><br/>His lofty and superior understanding of the world beneath him is dangerous to the weak, downtrodden, and poor. His god-like gift of intervention to stay the hand of death along with Dubya in the Schiavo case reveals his complete loss of respect for the rights of those too ignorant, too far gone to know what's best for them. His exercise of executive powers as Governor of FL in the above case and others shows a bulldog, steel trap mind oblivious to the pain and suffering he has caused and most certainly will cause if he is elected president. <br/><br/>It's his phony pretentious ""concern"" that he protect the victims from themselves that is his most dangerous aspect.<br/>Helping children of the poor by helping their parents Jeb doesn't consider of merit and doesn't support higher American values.<br/><br/>On Guard! America!    ",-0.9841
