,comments,scores
0,"""Children who transition have known from a very early age what their gender is.""  Carol, this is my question.  What is the basis for this ascription of *knowledge* to young children?  How is their situation different from that of a child who may feel a dysphoria strongly, but who, like a great majority of such kids (I take it), grows out of it?  Feeling something strongly, or even having a true belief, is not the same thing as knowing.  The skeptical response to your assertion is, well, certain cases of dysphoria stick and others don't, and in neither type of case does the kid *know*, from inside, what's going to happen.  The kid can turn out to be *right*, but that's not the same thing as knowing: perhaps both kids are in exactly the same epistemic position, and it just turns out that one kid makes, as it were, a true prediction, and the other makes a false one.  I would be interested to know what the response would be to the skeptic here. ",0.978
1,"The writer seems to contradict herself. ""Giving yourself over to the emotional life of a book — particularly one largely concerned with emotional life itself — demands a surrender. I was prepared for that."" So she understands the concept of surrender and is prepared for it.Then she goes onto say ""But the fear of loss of control is greater than the hope for comfort"". How about taking the attitude of surrender here? I think she would benefit greatly from a competent therapist, or even from talking to an objective friend who can point out the fallacies in her thinking.",0.9333
2,"And a Happy Premature (?) Birthday to All Y'all, Whenever they will be.<br/><br/>(In the absence of specific knowledge, this is perforce a Shot in the Dark. Would you care to enlighten us?)",0.89
3,"correct me if i'm mistaken, steve, but my understanding is that the reason the last two-thirds of TP sucked is because DL did NOT have creative (or programmatic) control at that point.  i'm not a twinpeakscologist, so please forgive the error if i'm wrong.  <br/><br/>the first season, and everything leading up to the initial mystery being solved is some of the most riveting, individual, and influential television to have been created up until that point.  pretty sure that's what DL is looking to ensure.",0.8792
4,"@Scot. OK, you have a point. Aaron has been with one woman for 50 years and so has missed out on the bliss of having 50 women for one year (or less) each. (Your experience?) But then you have missed out on Aaron's experience too, so (by your own logic) ""your testimony is worthless"". Indeed, by your logic, the only meaningful experience is that of the person who has been married to the same person for 50 years, but has had flings with 50 other people throughout those 50 years--the best of both worlds (except of course that it isn't, since you were never really with the person you were with).  Moral of story: no one can know what it's like to walk in another person's shoes.",0.8611
5,"In that case, pak152, take the test...: assume for a second that climate change is real and is caused by humans; what would be the best Conservative solution for it?<br/><br/>Prove me wrong by providing me with a solution that doesn't show government in a favorable light.",0.8316
6,Great responses from all the Ethicists today. Excellent.,0.8316
7,"awesome he's ""coming out"". And completely agree with his thesis. <br/><br/>The implication of what he says is not so obvious. To act on the problem requires BOTH a government to impose constraints its society (relatively easy), AND societies accepting those constraints. I dare say, many of the fans of his comments are not necessarily ready yet to change their lifestyles. Once ""we"" are ready, i think progress will begin earnest.",0.8163
8,"True, Chuck didn't even ask the really heard questions that are constantly being posed to Obama - like, ""what's your favorite ice cream"" and ""what's on your ipod"".  ",0.8074
9,"Andrew: I agree with your comment, but I also think there's nothing wrong with glorifying high school teachers either.  I'm sure that just came out wrong!",0.79
10,"I totally agree with you, but some good questions were asked BUT NOT answered directly, and the moderators did NOT press for accurate and relevant answers, so, I am not sure I can call this a good debate. ",0.7755
11,"This article makes a lot of assumptions that should be questioned.  For example, it is based on the premise that home ownership is, in theory, a good thing for everyone.  But is it really?  The article also assumes that the ""high"" in home ownership of nearly 70% in 2004 was a good thing.  Again, was it really?  Or was that a function of a diseased mortgage market that would soon crash?  The US should be taking a serious look at whether we should be encouraging home ownership for all people all the time (and re-considering tax policy accordingly).",0.7744
12,Really good question. Thanks!,0.7683
13,"I agree, Dennis.  Assuming the best case (that we could find a way to convince the neo-cons and supporters of Likud at any cost in Congress to see the error of their way,) how to convince the Saudis to stop funding and arming surrogates to counter Iran and Iranians to stop funding and arming surrogates to counter Saud?",0.7579
14,"At some point we need to look honestly and objectively at Puerto Rico, Baltimore, Chicago, et al and question Mr. Krugman's basic thesis that big government is the answer. In Baltimore, for example, Democrats have had a monopoly since 1936 when the last Republican was elected to the City Council.  The federal government has poured massive amounts of money into the city, and per pupil spending is extremely high - yet the city is a disaster.<br/><br/>Academic theories aside, it is simply common sense to acknowledge:<br/>1. when benefits are too high the incentive to work declines,<br/>2. when the minimum wage is too high it harms young people's chance to get that crucial first job,<br/>3. the quality of education is not based on per pupil spending,<br/>4. Big Government is NOT the answer!",0.7345
15,"And yet there is not a single shred of evidence for a reason for ID at a voting booth.  And you know this.<br/><br/>...it's people that do not want to have peace in our country always stirring the pot.<br/><br/>Ah the push back on changing for the better. You DO realize that with your drivel you have illustrated the President's point exactly, correct?",0.7334
16,What inconsistencies are you referring to? The only ones that exist are those manufactured by folks like you. Try actually reading it. You'll be amazed. Ross is on point.,0.6908
17,Don't count on GRRM providing a satisfactory conclusion. If his heart doesn't attack him his procrastination will delay any hope of an end. ,0.6862
18,Turned out perfectly.,0.6369
19,Perfectly said.,0.6369
20,"The mathematically correct choice is the psychologically incorrect one. If everyone was a genius, 0 would be the correct answer. But you need to correct for the average (lack of) intelligence. ",0.631
21,"I get the writer's point here, but it is a hollow argument.  For anyone that watches cable news, the Sandra Bland and Sam DuBose stories are in constant rotation, and they will be until the are resolved. <br/><br/>While it may be true that people may not feel the same way, you can't argue the that the media coverage is different. ",0.6192
22,"""probable carcinogen"", yes.  Do me a favor, and look up what that really means.  Natural news doesn't count.  Your post proves the authors point.  Fear, not facts.",0.6096
23,Want a direct answer to a direct question ask The Donald. That is one reason he is so popular.,0.6015
24,"So, Charles, by your response to David L we are left with the impression you dont agree with him.   Today's Republican Party (or members thereof) is/are flexible and overall well-informed?  How can we tell?",0.5789
25,Excellent point.,0.5719
26,"An excellent point, and the very reason bagels ought to be viewed with a steely eyed nutrionist's food value/per calorie lens.",0.5719
27,Well said Bonnie and I agree and in that case my vote will go to HRC. ,0.5574
28,"Good question!  Just a strawman the author uses to close her argument.   The forgiveness given by the victims' families"" was freely given.",0.5255
29,Mark Kessinger:<br/><br/>Could anyone have known before having all the facts?  What kind of person jumps to conclusions?  Better to have waited for information than to have speculated.,0.504
30,and the harm?  is she a good neighbor? friend? citizen?  I don't know the answer.  But these are the questions I'd want answered before I'd send America down a rabbit hole because of her.,0.4956
31,Why is honesty jarring?,0.4939
32,"I don't mind losing Jackson, but I think that Jefferson is far too large a character, too much identified with all the things this country is, to dismiss him out of hand.  No person is all one thing or another thing.  A lot of what we are would not have been possible if not first articulated by this flawed philosophical genius.",0.4753
33,"Don't beg, just differ- and easy on the cliches.",0.4404
34,"Is the continuous growing of unemployment and percentage of poor people in countries like Spain an indication of a strong economy?<br/>Also,even if I completely agree that retiring at your 55 is unacceptable in a modern society, what is your opinion for people who started working when they were 10 or 15 years old?should they also be forced to work till they are 67...<br/>Born and raised in Greece, I can assure you that are many such cases ,so it would be interesting to hear your opinion ...",0.4124
35,"We do our best to offer substitutions when appropriate, but if you ever have any questions about specific substitutions, you can always reach out to us here or at <a href=""mailto:cookingcare@nytimes.com"">cookingcare@nytimes.com</a>.",0.4118
36,And they were consistently obvious and fairly hilarious.,0.4019
37,And they were consistently obvious and fairly hilarious.,0.4019
38,"""This is irrelevant though, according to the postmodern champions of hollow diversity — no rare species at Harvard — who contend that only a bisexual, multiracial, gender-neutral author could possibly relate to a bisexual, multiracial, gender-neutral student.""<br/><br/>I would hope a Social Studies concentrator at Harvard would be able to forgo blatant Straw (Wo)man arguments. I find it impossible to believe that the majority of Harvard literature teachers are suggesting that the classics be thrown out.",0.3818
39,If you have to mislead to make your case against walker then you should not be speaking at all.  When asked about ISIS Walker gave a long meandering answer.  At the end of it mentioned unions but it was not some direct response to the ISIS question.  This is and example of why many do not like this paper.  Just tell the truth not some vision of what you want the truth to be.,0.3767
40,"I agree. In fact, if it doesn't happen, I don't think I'll be a throner anymore.",0.3612
41,Agree 100%.,0.3612
42,"I agree wholeheartedly- my only suggestion is that we need to name the practices we are referring to- such as insidious suppression of voting rights and , as Michelle Alexander so eloquently names it, the new Jim Crow- mass incarceration.  ",0.3612
43,Agreed!,0.3382
44,"Lisa, I very much respect Paul Krugman, but yes, I disagree with him on this.",0.3268
45,"""The governments proposal for exceptional access.... are unworkable in practice"" says one of the scientists.  He left out what is possible with the eventual creation of the quantum computer.  At that point all bets about cybersecurity will be off the table.  We will have entered a new paradigm with it's attendant matters of heretofore unknown concerns. The concerns of the present time will have become irrelevant. It MAY turn out that the governments position was, indeed, the correct one.",0.296
46,"Many of those commenting here fail to grasp the point of this Op-Ed.<br/><br/>The Op-Ed is not a substantive analysis of immigration policy.  Reasonable minds differ as to issues like amnesty, the DREAM Act, and birthright citizenship in the United States.  But, that's not what Mr. Tobar is writing about.<br/><br/>Instead, he is pointing out how Mr. Trump does not address these complex issues as a ""reasonable mind.""  Instead, he makes unfounded, debasing, hateful statements about Mexican human beings specifically, and Latinos in general.<br/><br/>Mr. Trumps' statements about those who (despite his disdain and apparent hatred) are just as much human beings as he is are important.  His demonstrated lack of respect for other human beings and lack of respect for the presidency of the United States make him an unfit candidate to lead this nation.",0.277
47,"""completely factual statement""<br/><br/>You can't make an argument based on a false assumption.",0.2755
48,"Krugman certainly identified the essence of last night's group interview.  If it had a purpose, it was probably to allow the candidates to give nonsensical answers with absolutely no scrutiny or challenge by the interviewer.  ",0.2748
49,Your point is well taken.,0.2732
50,Agreed.,0.2732
51,"Well then, can you answer my questions in the second last post?",0.2732
52,"There is more to climate than just lattitude. South Korea is cold in the sense that it has ""real"" winters, not that it would be confused for Antarctica. You wouldn't argue that every place along the 37th/38th parallels share the same climate. <br/><br/><a href=""http://i.imgur.com/4fp4SEd.jpg"" title=""http://i.imgur.com/4fp4SEd.jpg"" target=""_blank"">http://i.imgur.com/4fp4SEd.jpg</a>",0.2349
53,"No, I have noticed no such thing. I did, however, notice a poorly begged question.<br/><br/>Thanks for asking. Have a blessed day!",0.2003
54,"Ignorant as charged.<br/><br/>And RiA, yes RiA, I did fill in the ""correct"" answer in my innocence and ignorance.",0.1779
55,"""16 years of Democrat foreign policy has proven how inept their leaders are at engaging with the world on security issues. To suggest otherwise is just a joke.""<br/><br/>'Fraid not.  It proves that the US can't march swaggeringly through the world correcting this and that, as if the world was a collection of bickering children who are always wrong whilst the US is always right. ",0.1779
56,"""today we have to ask if Mexico is asserting its right to old territory. ""<br/><br/>You are correct that historically the US acquired Texas under questionable circumstances. However I have to say so what. The entire world is different than it was a century and a half ago and basing what we do now on what happened more than 150 years ago would be patently absurd. It happened and now Texas and the rest of the southwest are part of the United States. ",0.1531
57,"Yes so true.  The republicans are pro power over others, based on their own ideological whims, and feel no need to justify their decisions based on consensus, fact, reason, ethics, morality, or outcomes.  Those kinds of political positions are only intented to incite rage in the electorage against the other side, by focusing on very  heated emotional positions that easily get overrun by rational arguments (like a fetus is not a baby).",0.1459
58,"Agreed, but Mr. Trump is not the answer.",0.1406
59,NEVER.<br/><br/>Now that your silly non-question is answered will you go away?<br/><br/>Please?,0.1179
60,"I guess I missed that part of the article which said that the ""left"" was accepting her as ""black."" My question would be, what's right or left have to do with it?",0.1027
61,"The answer to the ""outlandish"" question you pose is simple. Yes, CEOs make too much money. And no amount of moral equivocating can deny the obvious truth. ",0.1027
62,Answer: Economic growth will balance extra debt. Next question!,0.1007
63,"I've given up on the Olympics meaning anything. This, and previous ones, is ridiculous. It's all corrupt and who cares anymore. That's not even a question but a statement.",0.0644
64," I agree that her answer was evasive and vague. I agree that liberals have a lot to answer for and must give straight answers to the Black Lives Matter activists; and, liberals must propose policies that repeal and reverse the effects of their previous policies. That said, I thought the one of the more troubling aspects of the exchange was the part you left out--just as she was asked the hard question, two staffers interrupted--as in wrestling to distract the referee and allow an escape--that gave her time to think of her answer and know that they were going to pull her out of the exchange--saved by the bell from a TKO. We must enact reforms that reverse the effects of previous policies. That, to me, is the bottom line.",0.0276
65,You know what happens when you assume...,0.0
66,"They are also called ' girls' in this article for a reason: they are underaged, hence the use of 'lured' is correct. ",0.0
67,Your statement about Japan's announced intention to surrender is demonstrably false. So the rest of your conclusions are a house of cards.,0.0
68,"never, the correct answer is never.",0.0
69,"I am evidence based FR.<br/><br/>When the facts change, I change my opinion.  What do you do sir?",0.0
70,"Needless to say, while I wrote the nonsensical ""racially valid law"" I meant to write ""facially valid law.""<br/>Please NY Times consider adding an Edit button so that we may self-correct for a period of time after submission. Auto-correct is the least of it.",0.0
71,"The answer to your 'why' is, ""Manifest Destiny"".",0.0
72,"""What's in a word?""   Just this: it was all self-referential, instead of self-reverential.  ",0.0
73,"This is all very reasonable, something that has been suggested by many, something long overdue.  But who with power and influence will heed  what Mr. Georgescu?  ",0.0
74,"&gt;<br/><br/>""An ancient cleaning woman, in answer to my “How’s everything going?” answers without looking up: “Taking its course.” This ultrabanal answer nearly brings me to tears.""<br/><br/>CIORAN",0.0
75,"The people will always exhibit reason, when they are queried. ",0.0
76,"Seth's #12 is correct. Simply make the weights as follows to see:<br/>S=5<br/>T=4.5<br/>C=3<br/>Left side weighs 14, Right side weighs 14.5",0.0
77,It's very simple - what would we do without them.,0.0
78,Agreed. No name required.  3°04′10″N 151°00′27″W ,-0.0258
79,"The author is just plain wrong.<br/><br/>Why do you think China is the only country with self-made female billionaires?<br/><br/>(Hint: is not because they disclose the ""pay gap"" -for which not a single specific example if offered by the author)",-0.1027
80,"Hmmm .. might we be on the first steps of a regress?   You appear to have mirrored my response by noting price equals cost plus profit.  I have no argument  with that, but I should point out it does make the price-cost distinction more definitive.  D'accord.",-0.1027
81,"Golly gosh, I guess I said something unintentionally inappropriate in my main comment from Saturday night.  Don't think I'll try to recreate it at this point.  Maybe it'll surface.  If not, no great loss.",-0.1139
82,"No, that's not the point. The authors explicitly note that the abolitionists were right in their call to dismantle rather than fix the unjust institution of slavery.  So in that case they are acknowledging that ""moral absolutism"" was entirely justified. Their claim is that the case is different with regard to extreme vegan demands.  The issue here is not ""moral situationism"" exactly, but rather more of an argument--in this instance--for the value of incrementalism.",-0.1415
83,"If the flag is removed, it will be for the threat of business interests , not moral ones. Sufficient rational and a proper decision, but not right reason.",-0.1779
84,"I hate to somewhat agree, but I do.",-0.1893
85,"You confuse ""political"" with ""rational.""  Five justices didn't.",-0.2263
86,"""diplomatic relations are purely symbolic of state-to-state communications""<br/><br/>Yes true, diplomacy is often a starting point that means little at the onset, but you ignore the question: ""why do this now?""  We get nothing but vague reasoning from our diplomats.       ",-0.2278
87,"If the productive sector of the economy can be productive while remaining abysmally ignorant, your point might be valid.",-0.2732
88,I agree. It is even more bizarre not to mention the fact that the lack of relevance of competitiveness is a function that is now all driven by the setup of the oligarchy. ,-0.3384
89,"As an atheist I find that attacking people's monuments and long-held beliefs is counter-productive. They invaribly dig in their heels ans harden their beliefs. However, if you respect their views while diasagreeing, and offer a different view point, some folks will consider what you are saying. a few may even consider that you may be correct.<br/><br/>I would imagine that it is the same here. Instead of attacking a culture, show respect while you disagree, and offer an alternative view point. People do sometimes come around on their own when they are doing it on their own volition.",-0.34
90,"On the other side we have not so much people than data, which is all that matters and makes all the opposite sides ridiculous.",-0.34
91,Critic much - based on hypotheticals  and  with assumptions?  casting aspersion from provincial town?,-0.3527
92,"In essence, Republicans are at this point forced by politics and ideology to argue things that their smarter people know for a fact are not only based on nonsense, but politically insane.<br/><br/>The question is whether or not that'll work for them.",-0.3716
93,"Readers have a right to express and opinion about the activities of Potter, even if he can't defend himself. They also have a right to judge his actions. You have the corresponding right to disagree with their opinions and judgments. ",-0.3818
94,"I'm not defending anybody, just asking uncomfortable questions.",-0.3818
95,"I think that the boy has a psychological problem, looking at the Ed note. it suggest that the boy has come to the fact that every time he falls he is hurt and then unable to walk for 7 days and he will be able to walk again. This is much like a placebo effect how it was created from a young age. <br/><br/>Answer: Psycological ilness ",-0.3818
96,if that was the case we will be out of business because we disagree with another country's internal politics.,-0.3818
97,I could not agree more!!,-0.4007
98,"If three wives, couldn't trust you, how can the American electorate? (One question posting)",-0.4023
99,No doubt it could be very cleverly argued by you.,-0.4377
100,Any body who would have you represent them in court with that flawed logic would be a fool.,-0.4404
101,"This tired argument ignores the many times in which diplomacy actually achieved its desired effect, or something like it. Get over it: this is not Munich, and trotting out that analogy at every turn only diminishes your credibility. ",-0.4404
102,JL.  Stop bringing logic and facts into the conversation.  You are irritating those who have forfeited their ability to think and reason.,-0.4404
103,Are to pretend then that this was the vehicle chosen for the<br/>question of   legislature versus executive? And of no particular<br/>consequence on it's own?  <br/><br/>The fact that the provision in question was sneaked into a congressional<br/>budget bill originally  suggests otherwise. ,-0.4515
104,"Legalize it, regulate it, and tax it.<br/>Reasonable.<br/><br/>Let them die. Also reasonable, except we have a  duty to try....but that duty should start LONG before the emergency room. Sometimes the best answer to the situation is ....let them go, because IF you do save them, NOW you a real obligation. When I say ""you"" I mean EVERYONE.<br/><br/>Simple logic. Simple life and death. ",-0.4588
105,"Given the consequences of underestimating the risk of such behaviour, I fail to see the benefits of downplaying the scenario.",-0.4588
106,"""Gino and I let our frustration get the best of us"" ???!!<br/><br/>The unasked question is ""How's that poor fist feeling, Ike?",-0.4667
107,Wrong again.....,-0.4767
108,"the premise that The Times got it wrong is simply wrong<br/>breaking Federal law is by definition ""criminal,"" and the only person the IG could be referring to is Hillary",-0.4767
109,"I never said the Clintons or Obamas had money issues.   I simply suggested to assume it was true for the purpose of an argument.  It is a hypothetical. Simply put, if someone used the argument that we elected a felon to office before so why not elect another.  The point I was making was that  ASSUMING the Clintons and Obamas were financially irresponsible, should we elect Rubio because he is too?  If so, then we are just leveling the playing field between parties, and it is a childish proposition if someone defends Rubio with  ""hey, they (Obama/Clinton) did  it, so why can't  my candidate?"" ",-0.4871
110,"Even when the media takes up the subject, they do it in an unconvincing way. The fact is the science to scare the bejesus out of people just isn't there, and it is especially ineffective when it is framed in such a speculative and dilettantish manner as it is here.",-0.5563
111,"Here's a grossly simplified metaphor that sums up my point-of-view on this situation, based on the information I've received from Western mass media:<br/><br/>If I go down to the street corner and lend a homeless junkie $100K, do I have any reasonable expectation of getting my money back?<br/><br/>An intelligent person would assume that the junkie will never re-pay. Either the European banking system is run by short-sighted morons and greed-headed losers (entirely possible), or there was some other agenda behind these ""loans.""<br/><br/>Let's say the junkie's grandmother owns a farm that's worth $900K and somehow my loan was structured around grabbing grandma's farm and enslaving the junkie and his whole family into working 24 hours per day with only a few breadcrumbs in compensation. Is that a solid basis for a loan?<br/><br/>We can reasonably conclude that the EU economic system is being run either by incompetents or deranged people with enslavement fantasies, or both.<br/><br/>There is another possibility: we're not receiving enough real information about what happened here to draw a reasonable conclusion.",-0.5661
112,"Now if we get the rest of media to ask the tough questions.  Hillary might be in trouble, if she were in fact asked the tough questions.  The other media outlets ought to try it.  They might get some their credibility back.",-0.5719
113,"Mr. Moore: You speak of a ""different, more ancient path"" as if ancient = better. It doesn't. One need hardly point out that the ""ancient path"" assumed slavery was part of the natural order, homosexuals should be killed, God commanded genocide, mental illness was caused by demonic possession . . . We are no longer in the childhood of our species. We are in the process of maturing, and that includes the maturation of our thinking about social and sexual issues.<br/><br/>As to the narrower question, if you're going to persuade people who fundamentally disagree with you about the wrongness of same-sex unions and the alleged damage they do to children--and if you're going to do that without resorting to religious arguments--you need to support your contentions not with armchair speculation but with facts. Show us the peer-reviewed studies demonstrating how badly children turn our who are raised by two loving parents of the same sex. Then perhaps we'll have something to talk about.",-0.5719
114,"There you go again, expecting Scarborough and his ilk to have an accurate understanding of history, and to argue rationally.  They can't/won't, because doing so would undermine their positions.",-0.5965
115,"More Hillary bashing at any excuse. No point arguing its points, which are assembled out of the air of political possibilities only to earn Brooks his cred with the GOP right.",-0.5994
116,""" She’s clearly our birth daughter, and we’re clearly Caucasian"".<br/>So says Ms. Dolezal`s parents proudly.<br/>They are wrong using the term ""Caucasian"" so lightly, when the correct term should be "" White"".So they are wrong in this instance and also wrong in meddling with the choices she makes in life. <br/><br/>So if Ms. Dolezal identifies herself with blacks then it is her choice and prerogative !",-0.636
117,"That is just sick, saying that it could be mutual consent because high school kids can be 16, 17 or even 18. If  the person in question was 18, there was still abuse in the sense that the abuse was perpetrated by an authority figure in a position of trust. Mr. Blow's article, in my opinion is on the money and clearly argues many good points, including this one.",-0.6369
118,"How ridiculous and petty this complaint is. The analogy is entirely valid, as are the inherent contrasts and emotional paradoxes. ",-0.6369
119,"I disagree.  Your account of his errors -- occasional  -- is much exaggerated.  And he generally acknowledged them later.  In comparison, such distortions are Fox News' stock in trade, moment by moment.  And he called them out quite accurately.",-0.6597
120,No doubt that if you were me then it would be a legitimate question of vast immeasurable social/legal consequence most likely scribbled on a protest sign.,-0.6908
121,"""We desperately need sone one...to launch a show where people can actually discuss ideas intelligently...It would require a moderator (or a team) who is highly informed and can process quickly to call out when someone says something that doesn't make sense, clarify points, ask relevant questions,...""<br/><br/>We do have PBS's ""Washington Week with Gwen Ifill"". Not a comedy, but a wonderful example of the kind of news discussion we sorely need.",-0.747
122,"Many commenters seem to be saying that opening avenues to explore issues of patient personal self-presentation should never be within the purview of therapy, even if that self-presentation is notably at odds with the patient's educational level, career, and personal social goals.  A hypothetical question: what if the issue of self-presentation in question were noticeable body odor, consistent week after week? And let's assume, as in this case, that the patient is expressing distress over an inability to forge intimate connections. Should that issue also be off-limits in therapy?",-0.755
123,"At the risk of seeming politically incorrect, is it possible that someone in the US today who cannot earn a decent income is intellectually challenged? Some people always has to be in the lower quintile of intelligence, no matter the times or country, right? Could it be that the least smart among us would be those earning the least amount of money? If it is true that those who lack money also lack intelligence, wouldn't it be obvious why ""the poor don't rise up?"" Could there also be a connection between low brain power and ""individualization""? Would the less educated, less literate, and less articulate be more apt to avoid social organizing? Would they be more content with television than activism? Would they rather live as individuals, without the risks, responsibilities and commitments required by ""rising up""? I don't know the answers. Are there answers?",-0.7627
124,"The principal argument of those who seek to destroy representative government and replace it with unaccountable oligarchy, an empty calumny that defies fact and logic.",-0.7783
125,"I am sorry, but did you really read the article? Practically the whole column was dedicated to people wrongly using the argument that black-on-black crime happens more often than police brutality and that therefor the black community would somehow have no legitimate complaints -- which, to be perfectly clear, they obviously do.",-0.7783
126,"I'm not sure there's an easy answer to the question of what kind of gun control would be both feasible and effective in reducing gun violence in America, but it seems unconscionable that there are laws in the way of conducting research to shed light on the question.  A real shame.",-0.7829
127,"But David, it's not just that Christianity has become CULTURALLY irrelevant; it's that more people acknowledge that its basic premise - creationism - is factually incorrect.  Arguing the gray areas of morality is not the same as rejecting delusional belief systems.",-0.7876
128,"Arthur ° UWS<br/><br/>Friedman and Brooks who also favored war in Iraq and who find all manner of premises to form articulate arguments with untruthful conclusions supporting  acts that won't in any respect disadvantage them, whatever the outcomes.<br/><br/>The middle class is disappearing and even a Democrat President can't recognize that agreements such as TPP accelerate that dissolution and further the ascent of corporations and the very wealthy.<br/>.",-0.7946
129,"It is probable that the powers that be had the same argument before black people were allowed to progress to certain areas of the military. ""I'm sorry black soldiers. I understand that some of you are indeed qualified for the position that you are currently barred from having. And I understand that having that position would improve your career dramatically. But opening up those positions to you would cause cultural changes, and we're just not sure your equal treatment is worth having to do that.""<br/><br/>And think about how dumb that argument would sound now. And yet your make the same one, just with women soldiers.",-0.8016
130,"If ignorance regarding ""exact numbers"" and the offer of three minor states who appear barely able to contribute to their own welfare due to austerity measures are the best you can come up with in support of a highly questionable argument your request for further rejoinder may be moot: Why would anyone bother to respond to a position so weak when the only point could be to embarrass you further?",-0.8027
131,"Steve ... wrt ""It is amazing how much drivel can be written in support of burning a large fire in a limited volume indefinitely."" <br/><br/>The worst of it is of course that no such thing can continue indefinitely, and the obvious questions are what stops it and what do you have left when it is done?   One would think that any smart 3d-grader could comprehend those questions.<br/><br/>But the fossil boys never want to talk about that.  Asking them ""how will this end"" ... is perhaps the saddest question, surely provokes the most bizarre evasions.",-0.8028
132,"You're spot on. I'm a woman, and don't apologize while asserting myself in a legitimate way. There are ways to do this and remain polite at the same time.<br/><br/>""I'm sorry you feel that way"" is one of the most patronizing and dismissive responses to someone else's complaint or assertion that I can think of. It reminds me of a lying politician's ""I have no recollection . . ."" when called out for previous statements or behavior.",-0.8124
133,"Clinton has repeatedly answered questions about the infamous email account, and answered them in-depth - but the mainstream media and republicans  refuse to let it go. Scandal mongering at it's worst.<br/><a href=""http://www.businessinsider.com/heres-hillary-clintons-official-response-to-the-questions-about-her-emails-2015-3"" title=""http://www.businessinsider.com/heres-hillary-clintons-official-response-to-the-questions-about-her-emails-2015-3"" target=""_blank"">http://www.businessinsider.com/heres-hillary-clintons-official-response-...</a><br/>It's Whitewater all over again.",-0.8338
134,"Who Threatens America Most?<br/><br/>In this article, it explains how America’s different agencies are dealing with the struggle of protecting our nation from other outside terrorists. However, the problem is that, through each agency; such as the F.B.I, Pentagon, and White House, each and every one of them has a different opinion on who threatens the country the most overall. For the F.B.I it’s ISIS, Pentagon is Russia, and the White House focusing more on Al Qaeda. The argument made in this editorial is trying to explain that this nation cannot be protected if each and every one of our protection agencies have a different opinion on who to protect us from. Through that argument, it provides base facts and touches upon each issue for each problem and how each other agency doesn’t see it as the number one threat in their eyes. Although, this does help the reader connect a much more broader understanding, the article doesn’t seem to be taking a stand anywhere. It poses the question, but doesn’t seem to be following through with the answer that they want the reader to see. However, in the end solely based upon the facts it serves, it was enough to persuade the reader that our top agencies should be working together to label our number one target, instead of spreading out the already thin resources that we have. The article also, was immensely persuasive as it brought light upon an issue that often overlooked in our government. ",-0.8382
135,"The following is irrelevant to idiocy of this judge's decision, and of the way the sex offender registry is used, but there seems to be an implicit assumption among readers that Zach was looking specifically for sex. But there is no reason to think that Zach was not looking for love, and the notion--on the part of the judge and others--that the internet is used exclusively for looking for hookups is absurd. ",-0.8443
136,"RACISM IS NOT ABOUT PERSONAL ATTITUDES. <br/><br/>Please stop saying that ""people have changed,"" because that is missing the point.",-0.8494
137,"In replying to this line of ""thought,"" I have to be mindful of the justifiable standards to which commenters are held at the NYT.   The obvious answer to your comment is that it's likely dishonest on its face, since it's doubtful that any true Pats fan would ""reason"" so inadequately.  That, of course, leads us to the conclusion that you are more than likely a Jets fan on troll patrol (although the lack of any misspelled words undermines that theory).  In the unlikely case that the comment is actually serious, well, that might even be worse, since it exhibits no understanding of the ""case"" against Brady and its nonexistent nature.",-0.8596
138,"So many people here saying not talking about money is just ""what is done.""  I still haven't seen any compelling reasoning for secrecy around finances.  And no, ""it's no one else's business"" does not make for compelling reasoning.  Seriously, what does it matter?  Will something terrible happen if someone else knows your finances?",-0.8687
139,"To Craxzyl,<br/><br/>If you are a true socialist as you claim...then why aren't you putting your support behind Senator Sanders? Isn't that a bit hypocritical...and perhaps even weak on your part? I hear what you are saying, but that old tired ""Well...he probably can't win so I won't vote for him."" is based on a faulty reasoning.<br/><br/>Jim in Arizona",-0.8877
140,"I cannot recall the government blowing up buildings with thousands of innocent people inside while at work, as Al Qaeda was able to do.<br/><br/>Without disagreeing or agreeing with your larger point, terrorism is a far bigger threat to American lives than the U.S. Government and saying otherwise makes light of the many victims of 9/11 and the conflicts against Al Qaeda.<br/>Some perspective seems to be in order for your statement.",-0.8885
141," "". . . .trying to convince Democrats of the deal’s importance.""?  No one doubts that the deal is ""important"".  The question is whether its far-reaching effects are for good or for ill, whom will be helped and whom will be hurt.  Is it unreasonable for those who have been left out of the picture entirely (labor, environmentalists) to suspect that they will be the losers?  ",-0.8924
142,"hmmm ... two wrongs don't make a right.  Suggesting foreign leaders be ""put to death"", no matter how awful they are, is troubling.  Makes me think of Voltaire: ""I do not agree with what you have to say, but I'll defend to the death your right to say it."" <br/><br/>When we adopt the tactics of oppressors, where does it stop?",-0.9092
143,"This column belongs in the Onion. After reading all of Brooks' bullet point contentions I conclude that he himself doesn't even understand the serious implications passing this bill into law could have. This may bolster small economies around the world but you can surely bet that it will be a race to the bottom for American workers. Stifling future innovating is also risible in that ultimately we will still be a democracy and killing one trade bill will not in the slightest hamper innovation and entrepreneurship. <br/><br/>Imperiling world peace is arguably the worst argument that Brooks can half-seriously scribe. Negotiating a nuclear treaty with a country that has long been on our 'axis of evil' is far more important that trying to create millions of low-paying jobs behind back doors, which lacks all transparency.<br/><br/>I've read some awful Brooks columns, but this ranks right up there. ",-0.9255
144,"This is horrible journalism: a confusing, probably-fully-worthless metric followed by vague and unsupported speculations. As far as the metric - are we saying that more people volunteer for Bernie in big cities than in small towns? Is that what we are saying? Might that have to do the fact that big cities have...more people? I feel stupider for even trying to figure out if these stats are completely without merit or just a boring-yet-creative attempt to talk about anything other than the political revolution surfacing around Bernie Sanders.",-0.9343
145,"<a href=""http://learning.blogs.nytimes.com/2014/07/01/summer-reading-contest-winner-week-one-21st-century-concentration-camps/"" title=""http://learning.blogs.nytimes.com/2014/07/01/summer-reading-contest-winner-week-one-21st-century-concentration-camps/"" target=""_blank"">http://learning.blogs.nytimes.com/2014/07/01/summer-reading-contest-winn...</a> <br/><br/>“I chose this video based on the name. When you think of concentration camps you think of WW2 and the fact that it is something of the past and not something that could be still happening today. As I continued to watch this video the same question kept popping in my head, ""Why? Why do things have to be this way? Why isn't this more serious to more people? Why can't things be different? none of this should be happening to anybody. Children shouldn't be dying. Babies shouldn't not be born based on the simple fact that no one cares. It also saddens me on the fact of how completely apathetic leaders and people are being on the matter. When the people were interviewed I got the feel that they didn't really care and the fact of why things are the way they are is the simple reason of just because. Kids want to kill there rivals even it is a fellow kid. People are living in consistent fear that they will soon be wiped out. Those seem like heavy enough difficulties to stress about. I do appreciate how the makers of this video really put the feeling of hardship in the video that really makes the viewer put things in perspective.""",-0.9413
146,"You're right, it is one example, and for every one example like it, there are apparently two or three examples of companies ratcheting up their hiring. <br/><br/>Piecing together a picture of the entire economy from a couple of stories you've decided to read is bad practice. On the other hand, it is hard to blame you, considering that it is how every TV news organization operates (with a recent example):<br/><br/>1) start with a sweeping generalization about some ""epidemic"" ( Ebola for example <br/><br/>2) find a few isolated examples to ""prove"" the generalization ( two people in the hospital with Ebola, one died )<br/><br/>3) have an ""expert"" tell you why the problem will only get worse ( Ebola is contagious, it kills, and there is no antidote ), so we're all going to die of Ebola )<br/><br/>PS - I completely realize that I did the same thing I accuse the networks of doing: like I said, I can't blame you.",-0.975
