,comments,scores
0,I will tell you one thing for free.  Affluent parents are going to make sure their children associate with children they choose.  Poor people will have to go where they must but rich people are pretty smart when it comes to educating their children.  I think it has to do with the natural order of things.  Now we can solve it by eliminating private property and let the government meet our needs as they see fit.  Otherwise rich folk will pay for their kids to have the best.  I think it has to be with the lion being the king of the jungle.  Even poor lions get what they want most of the time.,0.9843
1,"     By seeking to make marriage some which only heterosexuals could partake in, the notorious dissenters (Roberts, Scalia, Alito, and Thomas) sought to preserve for people like themselves the highest privilege that this society offers to its citizens and to exclude all others.   <br/><br/>     Kennedy was absolutely right that this was never about banning or diminishing marriage.  Those who said it was committed a horrible subterfuge. <br/><br/>      Much has been made of the lingering racism in the US, but little note has been taken of attempt to preserve privilege in whatever form--racial, sexual, financial. <br/><br/>        Despite todays victory for gays, and this is an important day, the United States is not heading toward an egalitarian society.  The stronger impulse at work here today is the impulse toward the elevation and preservation of privilege, particularly in terms of economic and political inequality. <br/><br/>     The great fear is that the Republican Party will use the Court decisions in King v. Burwell and on gay marriage as bases on which to claim that they support an equal society.   Sometimes the offer of rights can obscure exploitation.  It was Marx who first demonstrated that lurking below the Edenic rights of man in the system of exchange was a system of exploitation in production.   <br/><br/>      One of the greatest defenses of an economically unequal society will be the social equalities that have been allowed.  We must show that one right does not justify another wrong. ",0.9825
2,"Daniel12: Wow, did you really think you were going to get away with your off topic, racist rant because you were doing it with a sweet touch...<br/>"" It is an admirable and necessary goal of society to give all children a fair chance at success, but it is dishonest to proceed as if nurture is all when obviously the outcome of a perfectly nurtured society will still be people with clear genetic differences and we will still have a problem of stratification, of how to grapple with some people being clearly more successful than others."" <br/><br/>Yes, isn't it admirable...Aside from being totally off topic, where is your research to back up your supposition that being poor is equated with being dumb (on the bell curve, that is)? This article discusses research about the difference in success between those who have all the advantages to those who, due to no fault of their own, struggle every day of their lives. <br/><br/>If we would stop with the ""genetics"" excuses, and provide all our children with the tools needed to learn and succeed, our country would be a better place. As for you, Daniel, your time would be better served watching Faux News and wishing away the reality of our times.",0.9758
3,"The article portrays the complex status quo of Nepal, leaning towards the positive vibe of societal co-operation.  Nepalese society inherited compassion, kindness and hospitality for centuries but the younger generations are more proactive and problem-solving. Thanks to the technologies , education and global opportunities.<br/><br/>However, the rooted culture and religions of Nepal exhibits societal complexities and inequalities which in turns are reflected among the different strata of the society.<br/><br/>Although the political changes in Nepal brought  lot of aspirations among common Nepalese to fill those inequity  gaps,  it's a long over due that much needed proactive thought processes and actions from younger generations. These stories are the success  stories that Nepalese will stand together and move forward . The onus of societal development leans towards the younger generation.",0.9735
4,"I applaud Mr. Georgescu and Mr. Langone for addressing what is the greatest challenge facing America today.  These issues like Al Qaeda are side shows.  Of course they have to be dealt with but they do not represent an exestential threat.<br/><br/>I also agree that the solution lies within the people of this country.  It will require support from the media, boards of directors, shareholdres, institutional investors, company management, employees and consumers.<br/><br/>Sadly, as Mr. Gerogescu points out, our leaders in Washington are incapable of leading.  They are operating a circus that while mildly entertaining in terms of its absurdity, is wholly incapable of governing and implementing thoughtful policy.  The fine folks in Washington can only leasd from behind meaning they will have to be forced into action by a grass roots effort demanding reform.<br/><br/>What gets lost in all of this, especially among Republicans, is that if executed properly, the whole economic pie will expand.  All will be left better off.  Society will be healthier.  Opportunity will return for those who have the drive and inclination.  America will become a thriving and hopeful country once again.<br/><br/>But it will not happen without reform.  As it stands we are on continuous drive to ever more extreme inequality.  Wealth is becoming concentrated in fewer and fewer hands.  Out of self-preservation the GOP should act to ensure it has a voting base.  The haves are shrinking in number which bodes ill for them.",0.9694
5,"To watch the U.S. disintegrate into a feudal state is sickening, and I think it can't be happening, but it is. And I - as so many other Americans have - share the responsibility because I kept voting within the two party system, and believed - until recent years - that idiotic notion that the ultra-rich deserved their riches given their hard work.  They don't work nearly as hard as the rest of the globe, but what they're good at is gaming the system.  Does that make them smarter??  No.  What it makes them more often than not  is more unethical, more sociopathic, more selfish and certainly more unpatriotic as they ship jobs overseas to be done on the cheap with grueling hours and sometimes even children.  We have politicians that do nothing but consider these ""not very American Americans"" a big bonus when these executive big shots decide to endorse their candidacy.<br/><br/>Get out of the two party system and we resolve a lot of problems. Competition will invoke sincerity, and it will set America on the right path regardless of the short term tremors. Not voting within the two party system but voting independent will remedy much of the problems we are victims to in the long haul.  The dedication to real representation has to take precedence over the money.       ",0.9674
6,"It's disingenuous to alter the ending to the parable about the fisherman, who in fact concludes that making the MBA's recommended changes is an exercise in futility in that it will only buy him time to relax and spend with his family, time which he already has. It's also naïve that those pursuing financial success have the end goal of improving the world/feeding hungry children in mind - perhaps some introspection on the inequities and exploitations of the world financial system (often sustained by graduates of MBA programs and schools like Harvard) would be more productive. After all those hungry children are the product of a system that steals and unequally redistributes resources so that the privileged can enjoy a life of blissful oblivion or smug distance (the self-attribution fallacy). The world has enough resources and was a better place when fisherman fished to support their own communities instead of the gluttony-driven raping of the oceans and environments that the current system engenders.",0.9651
7,"The solutions as proposed by Mr.Georgescu to income inequality will not correct the problem but will in in fact enable the system to continue while at the same time taking away valuable tax dollars from other programs.   To fix income inequality the playing field needs to be leveled, which means that the rich need to pay their share in taxes and companies should not be given tax incentives to ship jobs overseas which helps keep wages low.",0.9591
8,"Autor disputes the notion that rising inequality is beyond the control of public policy and, instead,  resorts to the same old, same old solutions (minimum wage, unions, etc.).  That's just ideology posing as theory.  <br/><br/>In fact, I find the definition of the income inequality problem to be a misguided path to be going down because it doesn't lead to any meaningful solutions.<br/><br/>The much better tack is the rigorous measurement of outcomes, but, then, how do we translate these demonstrated outcomes into policy?  They would be too costly to do wholesale.  <br/><br/>Since we cannot simply move everyone out of their impoverished neighborhoods, why can we not replicate what works outside within them?  Many have mentioned two-parent households.  Public policy should encourage the lifestyle factors that are considered the greatest contributors to those successful outcomes.",0.9532
9,"Yet more indications of America's healthcare and infrastructure poverty and overall lack of resources.  So many think it's the family's obligation to go it alone when it comes to providing care for loved ones.  Nursing homes are ghastly expensive, and home care/caregiver resources are also priced out beyond the reach of most.  Insurance does an incredibly poor job of paying for resources in this space, and even when it does, wages, benefits, and training, are so poor that there is no compelling reason why anyone would go into this space as a career unless they had no choice.<br/><br/>A generation ago, things were better, but they still stunk.  It was hoped that as baby boomers aged, the increasing quantities alone would gradually evolve better resources to match.  Instead, the opposite has happened, as federal/state resources were cut, and resources were directed to and by the Rich to themselves.  The glorification of a proud lack of compassion for the sick, poor, old, disabled, and needy did the rest.<br/><br/>It is a grievous statement on the state of our society that a vast number of Americans see nothing wrong with this - as it means there's less pressure/demands on them to care for others in society - even if it means that they too will likely be economically impacted in time.  The rest of the developed world watches in horror as health and care costs regularly consume the security, lives, and peace of the average citizen, and we let it happen.<br/><br/>Are we proud of ourselves yet?",0.9509
10,Socialist? You know less about me that I care to know about you. What I care about in this case is how a vey rich and powerful company has managed to subvert the very concept of copyrights to destroy the very basic capitalist concept of competition. I do hope you've read The Wealth of Nations right?,0.9409
11,Since all these plans are benefit of the richest and most well connected the rest is trickle down.  Whose plan would create the greatest amount of trickle down.,0.9336
12,"Salary gap widens as top workers in specialized fields reap rewards?<br/><br/>A society to function optimally depends on the average citizen being able to classify easily, when misfortune befalls him, the type of misfortune. The two important categories of such are natural circumstance and circumstance caused by fellow humans. The most important quality in society is honesty and probity because the more individuals in society become deceptive the more the average citizen becomes confused and put in ambiguous state of not knowing whether misfortune is caused by natural circumstance or ""hidden, malicious others out for their own regard"".<br/><br/>Now in America today inequality obviously exists, but if there is a logic and justification for this inequality (for example ""human progress absolutely depends on advancement of STEM fields"") it is extremely important that honesty exists all across society as to costs and benefits of such because the more deception exists (which is obviously magnified by computer hacking and advanced methods of investigation of humans whether it means job recruiting or law enforcement or social science) the more all of society begins to fall into a helpless state of paranoia and despair, unable to pinpoint causes of misfortune (Is it just bad luck? Or somebody...?) or whether it makes sense to take a step forward at all.<br/><br/>A mockery of life, liberty, pursuit of happiness. STEM is valued, probably necessary in extreme, yet across society power, deception, paranoia.",0.9226
13,"Is anyone else tired of hearing Mr. Friedman talk about things Congress ""should"" do but which we all know perfectly well they will not do?  After years and years of doing that, does he not realize how silly it is?<br/><br/>We have a real problem here in America.  There are a number of things that should be done in the realm of public policy to help our economy adapt to the world we now live in, but we don't have any political institutions capable of doing those things.  Congress is paralyzed by political polarization, and even when it isn't it is not constructed to do anything on which there is not already a strong national consensus - in other words, Congress is designed to follow, not lead.  As to the states, few have the resources necessary to adopt and implement transformational policies.  So where does that leave us?  Mired in the past.  ",0.8743
14,"Whites may lose the demographic race by 2020; but, they will hold onto most of the wealth for decades beyond.  To hasten the transition we need to remove the influence that wealth has on our political system.  ",0.8605
15,"Our local, state and federal governments are run by rich people with an interest in maintaining the status quo. Dividing people against each other is their equivalent of sending the halfback up the middle: a very basic play that they run aaaaall the time.",0.8511
16,Isn't it obvious that a rating system should break out the individual components cited?  As a consumer I'd like to know BOTH a grower's use of chemicals AND if they have implemented other environmentally-responsible policies.  Lumping these together in a single rating is obviously confusing and makes Whole Food's new rating system appear to be of little value to the consumer.  Whole Foods doubtless has the data necessary to create a more useful system.  ,0.836
17,"How do you square your friend Ken Langone's apparent concern about income inequality with his financial support to Republican candidates?  Where in the Republican establishment do you find any serious concern that income inequality (and, by the way, wealth inequality) is a serious social issue not to speak of any rational policies to deal with it? ",0.8343
18,"Don't forget the surprise of Sanders 16% poll results.  I've asked my friends and relatives - and most have never heard his name (people are usually just busy trying to survive, not following early candidates.)<br/><br/>I'd be curious to see his poll results among people who have actually heard of the candidates. My theory is that people are starting to realize that the rich really are part of the problem - not part of the solution.",0.8152
19,"""...a system that needs to be fundamentally changed.""<br/><br/>Don't blame The System. It has served the nation satisfactorily for two-and-a-half centuries. Rather provide incentives to its practitioners to abide by its worthwhile fundamental principles.",0.8093
20,"I would take the people who submitted these comments and put them in charge of a workable immigration policy that is automatically approved by Congress. It bypasses all the special interests that have prevented a sane policy and kept the status quo that enriched them. This problem has been debated for many, many decades. Please! There are reasonable solutions. Perhaps the operative word is reasonable. It doesn't describe Congress or many candidates running for our highest office. ",0.7761
21,"Dr. K,<br/><br/>This blog has opened an important discussion.  <br/><br/>There should be very high agreement on our need &amp; the World's need to do much better than we are.  <br/><br/>It seems to me that we must reorganize our collective effort to increase aggregate demand in order to have a reasonable shot at ending hunger, poverty, &amp; providing a secure environment for the formation of households.<br/><br/>Too many people, almost a generation, have been left behind by the Great Recession.  At least two generations have been relegated to low &amp; flat income or part time jobs since the 1970s, even though there is plenty of work in evolving energy away from fossil fuels.<br/><br/>We addressed the decline in social mobility &amp; opportunities for self-improvement by encouraging education.  Sadly, we have achieved a young society ""indentured"" by a Trillion dollars of debt.  The piece in the Times this morning written by a young man who defaulted on his college loan was revealing.  Even our young President was forty before he &amp; his wife had paid off their education through grad school.<br/><br/>Of concern is our participation in endless wars.  Settling religious, ethnic, and economic issues with armed conflict is not rational or productive.  It does not benefit society.  We are committing far too much of our collective effort in conflicts.  For the same resources we could take major steps to improve the energy, environmental, health &amp; food security of the World.<br/><br/>In our system these very important issues can be settled at the polls. ",0.7649
22,"His focus on punishment and reward is interesting and typical of his party. It's the same mindset that claims the social safety net is ""rewarding failure"", rebukes proven Keynesian theory and chooses war over negotiation. <br/><br/>Poor people get lectures and punishments. Rich people get no bid contracts and tax cuts. No Thanks!",0.7644
23," Nice summary of what is wrong with U.S.'s capitalism, and the need to level off an evermore tilted inequality...and the inequity it engenders. Otherwise, it may signify the beginning of the end of a thriving economy in a diverse society. A totally unregulated market is like a child with a box of matches and plenty of timber in an enclosed space, and trust it'll end well. As luck may have it, if not a sense of instinctual survival, some of the rich and powerful have voiced their concern. Now, if they just could muster the will to act on it, their courage and results may bear unimaginable benefits for all, but particularly for themselves. Anything short of that is like shooting themselves in the foot, and killing the goose that lays the golden eggs.",0.7615
24,"Let me paraphrase this - the choice is between been oppressed by state bureaucrats or by rich individualists. The biggest difference is that state bureaucracy is the ultimate cast while there exists a chance to become one of those rich individualists. It is your choice, but remember that bureaucracy exists only to protect itself.  ",0.7543
25,"Hillary will do nothing that changes the way America operates.<br/> She is for the rich, by the rich, all about the money and power.<br/>Bernie is the only choice for getting anything done, but WE will have to do our part as well. or it won't work.",0.7391
26,"Hillary will do nothing that changes the way America operates.<br/> She is for the rich, by the rich, all about the money and power.<br/>Bernie is the only choice for getting anything done, but WE will have to do our part as well. or it won't work.",0.7391
27,"At the end of the day there is still huge disparity in this country between those that have and those that don't have enough.  Americans are not the sharing kind. So, I'm not holding my breath waiting for any voluntary wealth redistribution.  The gap will only widen over the next 30 years. What will be left for those retiring in 30-35 years will be interesting and worthy of discussion.",0.7177
28,"So would you also ask about the father if the mother is a high powered Wall Streeter? It is amazing about the logic of American voters willing to pony up more taxes and the father in a family unit. <br/><br/>This is not to say solution is so simple. Obviously, there are good cases and not so good cases. But a single factor is not a solution made. However, lifting families from poverty and converting them into tax paying middle class will pay for the cost in the long run. The question is if smart voters can think holistically and for the long term, a willingness to see beyond tomorrow and move America to greater prosperity with utmost inclusiveness ",0.6981
29,The freedom of rich and poor alike to sleep under bridges.,0.6908
30,"They simply pivot to the future and the next great solution that will solve all our problems, single-payer, leaving the present mess for someone else to clean up.  ",0.6908
31,"Wait, what? You think education, stability, safety, infrastructure, etc. don't matter to creating wealth? I can't actually tell whether your comment is serious or not.",0.6246
32,"Yeah, it is a shame isnt it -- they only had opportunities to make peace 3 times in the last 20 years, and they could have had all those opportunities.  Palestinians leaders and their people who enable them:  Never miss an opportunity to miss an opportunity.",0.6154
33,I don't mean to sound standoffish but how does one survive on $2K per month? Isn't it poverty level in the U.S.?,0.6011
34,"The more important measure is how many of the bottom 10% make it into the middle class, not into the ""top 10%."" Mobility isn't supposed to be about going from really poor to really rich. It's supposed to mean rising up into better circumstances than you were born into, and for many, that means rising into the middle class.",0.5995
35,That China's political elite welcome the Japanese scapegoat or distraction is undoubtably true. But what good can it possibly do the Japanese to fail to come to a full and honest reckoning with its own crimes in Asia? ,0.5859
36,"A guaranteed income would have to be crated and the wealthy would call that socialism and their shills, the Republicans, would never let it happen in their present stage of evolution. It's going to be harder working out the solution of this then building the artificial life that will bring the change. ",0.5859
37,Really???  You really think anybody will allow you or others to steal their wealth.   Just a joke.,0.5632
38,"We should only have more people in this world with ""rules fixation"". That isn't Greece's problem, to be sure.",0.5511
39,"That suggests your recipe defines a particular class of solutions that ""look good"".  Be interesting to find others.",0.5267
40,"I was fortunate enough to be born into the upper middle class, so that my social networks could include some considerably wealthy people.  Some of their kids are as dumb as rocks, and as long as the trust fund holds out, they will never have to improve themselves.  Ever.<br/><br/>Those are the real welfare queens.",0.5085
41,"""romantic distraction"" ?<br/>Not a problem. I welcome romantic distractions.<br/>Live a little.",0.4767
42,"Talk about ""making bad choices.""  It is not a criticism of Mr. Kristof's compelling piece when I say that we know all this and we have known it for a long time.   However, ""we"" have chosen to not pay attention and to take refuge in the myths that, while they may have been valid at one time, no longer reflect reality.  As with education and health care, we refuse to acknowledge that other societies have done a better job in reducing inequalities and expanding opoortunities.   Not facing the facts is a sign that the snow job of the elites and the mean-spirited has worked in reinforcing a society characterized by self-absorption. ",0.4218
43,They were elected by the Greek people and they are still being elected by the Gteek people. They lived high on the hog for decades. Reveling in some bachinallian orgy on others people money. Now the party is over and they want more money. You would be considered an enabler if you helped a person out while they were doing this. Why should we enable and therefore encourage bad behavior.,0.4215
44,"Corporations are people. Fetuses are people. Upper and middle class people are people. The poor and the marginalized, not so much.<br/><br/>The incredibly mean-sprited politicians are making this into an incredibly mean-spirited United States.<br/><br/>I await with dread the presidential sweepstakes looming ahead of us, which promises to snuff out what seems to be the last flickers of respect and dignity by and of the citizens of this increasingly embarrassing republic.",0.3976
45,"""his feelings didn't matter""<br/><br/>Not just his.  Her feelings too, she discounts effectively by not addressing the question of how her feelings have changed regarding a policy that had unexpected consequences.  Why, in fact, should that change feelings at all?  If feelings help us define our goals, a policy that doesn't get us closer to our goals (or that has consequences that adversely impact other goals) can be revised or replaced with no change in either goals or feeling.<br/><br/>There's nothing wrong with refining our solutions to problems; it doesn't mean we need to change our feelings about those problems as an excuse.  We can learn from our mistakes - and not take a stance that we've made no mistakes, as some politicians do.<br/><br/>We'd enough ""[gut] feelings"" during the Bush years, bringing us such winning policies as Iraq and the ""mental recession"".   Spending less time talking about feeling and more time about policy seems a wise investment.<br/><br/>...Andrew",0.3724
46,"We're NOT angry.  Some of us 1 percenters (we who are ""Lamborghini Liberals"") contribute to liberal causes &amp; candidates and want to enable others to have a chance. Some (the ""Cadillac Conservatives "") think they deserve everything they have and want to make the 99% fight an uphill battle without the resources &amp; opportunity to succeed. A few (e.g. The Koch Bros. et al) just want to protect their right to pollute without regulation. As the Op Ed states, it's some middle &amp; working class people who feel threatened from above (""the elites"") and below (""the undeserving poor"") that are angry.",0.362
47,"Actually, Jonathan in NYC, it is not true that ""a small minority will be fat and lazy... without the welfare state, that's their problem.""  Even without government programs, what we do in society greatly impacts others. When we speak of obesity, we often speak of health care costs, but there are many other effects on society. Boats on the Chicago river were told a few years ago to raise the number they use to figure average passenger weight; that effects the number they can carry, which in turn changes the ticket price for all. Ditto, if theaters have to put in wider seats. Hospitals now have double wide wheelchairs and gurneys upping the room costs for everyone. <br/><br/>Likewise, if someone is drinking and therefore unemployed his children go hungry. A civilized society, even without a welfare state, cannot let children starve or older adults live under the viaduct. In short, life in society means 'we are all in this together.' The idea that each of us is an isolated being who can build his/her own life independent of what anyone else does is simply fantasy. ",0.3597
48,"No news here. Just another dude trying to make himself wealthy by trading on his connections. He's obviously clumsy in his execution, but other than that he's just like everyone else running for office. Rich, poor their only in it for themselves.<br/><br/>They are all greedy, ego-soaked, self-centered people this one's just a little dumber...",0.296
49,"""The notion that there's an immense class out there of people permanently locked in poverty as a consequence of immutable economic factors is a liberal one that is finding less and less representation in our elective institutions.""<br/><br/>I believe this statement could be clarified in this way: ""Elected officials have become so insulated from the lives and situations of the majority of Americans (due to gerrymandering, big money in politics, and voter ID laws) that they will not even consider doing anything to address the fact that 'socialist' European countries show greater economic mobility than the United States.""",0.25
50,"OKC users are definitely agist.  No doubt about that.  And the way the system works, it reifies age segmentation and discrimination.  The absence of forums for people to meet in non-dating situations, actually come to know one another sans labels of any type, is a powerful force for atomization of this ""community.""",0.2023
51,"Unfortunately, this practice is not limited to the wealthy.",0.194
52,show me the money to pay for it- cutbacks are going on as we speak at the detriment of fitness classes and health related classes. ,0.1779
53,"I'm finishing up Ha-Joon Chang's latest book, and a point he makes prominently is that economics -- especially the neoliberal variety -- makes a huge mistake in excluding politics, which deeply and unavoidably guide many events we think of as economic.<br/><br/>Maybe the real problem is that it is impossible to come up with any economic model that will tell a complete story due to the unpalatable fact that any system that allows unlimited accumulations of wealth in fewer and fewer hands will also lead to unlimited accumulation of corrupt power in those same hands. ",0.1027
54,I think Rubio is right. The only ones who will benefit from Obama's policy are the communist oligarchs in power. They will become as rich as the Chinese oligarchs and they will never yield power to a democratic system. Cuba's evils are the typical problems of all communists countries. ,0.0516
55,"Like the infamous ""restless leg syndrome"" this - to me, anyway - seems like a manufactured problem.",0.0516
56,I am inspired by this man to keep working for the poor blinded by cataract.,0.0258
57,"He has mismanaged nothing, it is all on account of the fundamentally flawed  economic system that the west cooked up and does not work.",0.0
58,And so u think they should remain second class forever- whether citizens or not? A permanent underclass to serve the elites?,0.0
59,"Once, the super-rich merely bought politicians.  Today, they eliminate the middle-man and run the government directly.  ",0.0
60,I think that's what is sometimes knows as a REVOLUTION.,0.0
61,"We too allow our wealthy to write tax laws that don't include them paying their share. That is the fundamental problem in Greece, not the little guy's evasions (yes, they happen too) but that they system is designed not to reach much of the money from those most able to pay, who ride high on the system and collect the corruption.",-0.0404
62,"I don't think it is even ""white identity."" It is socio-econimic. People want to live with people who are similar to them in terms of class and and who share their values, economic concerns, and social sensibilities. Why would a community invite the problems of poverty into its midst?",-0.0516
63,"""Black Lives Matter. It would serve this country well for Mr. Jones and others in the movement to get involved in the process, and run for offices where they can make the changes they want to see enacted, rather than to just confront others and ask them to do the heavy lifting.""<br/><br/>EXACTLY what Mrs Clinton meant by saying:<br/><br/>“I don’t believe you change hearts,” Mrs. Clinton says, summarizing her basic view of social policy movements. “I believe you change laws, you change allocation of resources, you change the way systems operate.”<br/><br/>I couldn't agree more.",-0.0798
64,"The article and comments underscore the limited scope of debate/conversation in America. Perhaps I sound cynical, but how much progress should we expect to see in Ferguson after one year? It's a blink of an eye in a person's life, never mind the age of a city and the lifespan of the issues (racism, public assistance programs, rich vs. poor) the article is trying to address. And the comments - the few I read, anyway - condemn Ms. Wade for the ""reasons"" she is poor. They miss the point that, ideally, a housing voucher might be a tool for a better life for her children/family, by giving them access to better schools and all of the other amenities that come with living middle-class/more affluent neighborhoods. It turns out, it's not. <br/><br/>I will say, I don't think this is unique to Ferguson - which is another fault of the article, in my opinion. But I am surprised that the commenters who are critical of Ms. Wade fail to see that her housing voucher could have greater potential. <br/><br/>Give Ferguson more time to make changes before going back to see if anything has happened. And in the meantime, look at your own communities. The problems in Ferguson are widespread. America is a largely segregated country. It's a problem for all of us and something we will all have to work together to address. ",-0.09
65,"You are correct, the problem is since the removal of the Eddie Eagle program from schools and the fact that some folks were never raised around guns and are just now picking up the sport, the don't know the etiquette of firearms handling and range responsibility. The solution as with just about any issue we see today... is education pure and simple.",-0.1027
66,"""Please explain why you think her policies would be different from her husband's and why you think her policies would result in anything but sound economic policies?""<br/><br/>I think you are confusing the work of (a) debate questioners, with (b) Clinton publicists, of which I assume you are one.",-0.1779
67,"Growing inequality historically has resulted in civil unrest, revolution, or emergence of a dictator.  At some point people will reach a breaking point beyond which they have nothing to lose and turn to the streets with torches and pitchforks.  The kettle is simmering and may soon reach the boiling point.  Politicians and the one-percent are beginning to speak about inequality, but it remains to be seen what will be done about it; I suspect nothing.",-0.183
68,Get the big money out of politics and you'll go a long way to solving this problem.,-0.184
69,"Yeah, mostly poor women.",-0.2263
70,What is the biggest problem that the world faces?<br/><br/>Not being able to sit down and work together to solve our problems.<br/><br/>We can't even to that in the USA,-0.2263
71,"""Capitalists, arise: we need to ask the government to solve the problems we created.""",-0.2263
72,"I bet the Right is going crazy on this.<br/><br/>Here's what I wish: that one of the racists over there (Limbaugh, O'Reilly, etc) somehow *did* actually live as a non-rich (or better yet, poor) black man for say, a week -- endure the unaccustomed stares from others and suspicion by cops and such (or worse) -- and get back to us with the results.  <br/><br/>It could be a transformative experience -- but, knowing their mindset,  probably wouldn't be.",-0.2382
73,"All of which clearly demonstrates that Walker is not his own man, but rather a tool of wealthy oligarchs. Wonder who's calling the shots for him in his assault on Wisconsin's university system . . . or his about-face on abortion, or his efforts to limit voting? ",-0.2732
74,'inequality' is envy and theft<br/><br/>always a constituency for self-justificational looting,-0.2732
75,"All republican's want to see babies born.  It's what happens after (grinding poverty, lack of education) that they could care less about. ",-0.2732
76,"It just shows you how ignorant the Right is, Socialism is not Communism, thank God for Socialism, it works…just look at the countries w/ the highest standards of living(which sadly does not include the USA) and decide what is working best. Socialism is not a dirty word, quite the contrary. Strange that the GOP never talks in terms of Fascism which is their party's foundation ""ism""…..which is totally un-American and should be described as such.",-0.3142
77,"Any analysis that compares the US to any other nation on earth is fundamentally flawed. No other country has the history, resources, demographics, immigration dynamics, etc. The dilemma for the US welfare state as currently constructed, with combinations of income transfer programs and complicated regulatory requirements, is that the construct is designed to encourage more of the same. Encouraging more uncontrolled immigration, more regulations, more income transfer schemes feeds on itself. The only solution - as Kristof knows and apparently believes - was metaphorically and whimsically defined by Stalin in his famous question: ""Do you know how much our state weighs?"" as he compels a subordinate to force a confession out of a political prisoner. Totalitarianism - whether dictated by the ""majority"" or a subset - is the only answer for Kristof - and it won't work either. ",-0.3167
78,"The root cause of migration is simply this: these peoples' home countries are doing terribly.  They're corrupt, fascist, often theocratic, and overrun by crime.  Their economies are stagnant, unemployment and poverty are high.  Overpopulation is endemic.  That's why anyone who thinks they have a shot tries to get out of those countries and come to a nice, fairly civilized one like the U.S., where life can be pretty enjoyable.  If you're poor in Honduras, life is mostly painful and exhausting.<br/><br/>Until that root cause is taken care of, the illegal immigrants will keep trying.  Alternate strategies could be tried, like giving them the option to either choose deportation or indentured servitude, say for a thirty year term.  Societies have done this before and it doesn't work out so badly.  When things get desperate, then the strategy of slaying all illegal immigrants on sight will be used instead; it's not a nice policy, but desperate times always cause desperate measures.<br/><br/>So avoiding that sort of immoral response, probably the best thing would be to benevolently invade and absorb these states, Crimea-style, and thus take care of the corruption, crime, and economic stagnation in a more efficient way.<br/><br/>Of course nobody likes that idea either because of archaic notions of national sovereignity, so ya know what, no solution is going to be palatable and this problem will not be solved, period.",-0.3219
79,"Thomas, you mentioned Israel at the beginning of the column, but failed to point out how is Israel is  the only country in the area which is  effectively managing the water and heat challenge.  One obvious solution is for you to advocate that the suffering nations  cooperate with Israel in this crucial area - soooo simple.",-0.3291
80,"Trillions of $ spent on social welfare programs, affirmative action, section 8 housing I think reparations has been paid in full with interest.   Yet still too many remain in poverty and it is a direct result of failed social engineering by ""progressives"".  The ""progressive"" social engineers create a culture of dependency.",-0.3612
81,"This is two different but related problems.<br/><br/>1) Those who need help to afford college without being driven into debt.<br/><br/>2) Those already driven into debt paying for college.<br/><br/>There is a social cost to driving our young people into debt from the moment they arrive on the scene. <br/><br/>We are all better off if we stop doing that. <br/><br/>We are all better off if we correct what we have already done wrong, doing that. <br/><br/>The underlying reasons this benefits all of us, as a society, are the same, but it is two distinct problems. It may require two distinct answers, depending on how exactly we solve it.<br/><br/>""Stop doing that"" is important, but not the same as ""We've been doing that wrong for years and there are many victims.""",-0.3612
82,"Well put Ms Dowd,a President who managed to become made a lame duck as soon as he took office.But on the subject of the trade deal,it is the Democrats in Congress who should be ashamed.There is no better example of trying to push water up hill than pandering to the Unions and pretending that objections to the deal will do much for a Middle class beset by structural,secular issues resulting from limited education and obsolete skills.",-0.4019
83,"I know, we should just ignore their huge stake in maintaining class (poor vs, middle) conflicts while they are ripping us all off.",-0.4215
84,"I realize we are all at the mercy of our economic system and the innovation / creative destruction that drives it.  Resistance, as they say, is futile.  Those of us with the skills and abilities to compete and prosper in this rat race will be fine regardless.  Others, though, are never be able to find their way out of poverty because this technological age is too much for them.  I do wonder when we will finally begin to address that problem.",-0.4215
85,Civilization went from feudalism to capitalism to socialism back to capitalism and now has come full circle back to feudalism. ,-0.4215
86,"""Femicidio"" is rampant in the Midwest U.S. It's not a problem distant from us at all. It's a largely unrecognized public health crisis.",-0.4295
87,"Hey,  but the billionaires may have enough resources to claim the title as the last humans to die of ill gotten, wealth disparity.     There's got to be some value in that!",-0.4482
88,Exactly. What matters is the effect of extreme inequality on our democracy. Economic growth that benefits the plutocrats but not ordinary citizens is a threat to the stability of our democratic system. ,-0.4497
89,"No fan of xenophobia myself (my father was an immigrant), but maybe part of the problem is the mixed messages the media is sending.  In the same sentence you call the ""anchor babies"" phenomenon ""real"", then blast it as ""a slur"".  If it's real, how can it be a slur to address it?  ""Nothing to see here"" journalism isn't how the New York Times earned its reputation.",-0.4678
90,"This is awful reality. <br/><br/>I can not defend the concept of  ""mutual advantage"" if this outrage<br/>falls into the overall theory.<br/><br/>Destruction of our middle class is the phenomenon, because our middle<br/>class seems to be losing/ has lost.<br/><br/>Karl Marx laughs in grave, because he apparently says a bourgeois class<br/>can't  last.<br/><br/>David Riccardo's iron law of wages triumphs.<br/><br/>Disney's  proves that dismal political economics is reality.<br/><br/>I stand to be corrected. please.",-0.4767
91,"You left out a 26 block ""marathon"" for people who are too uncoordinated to run!",-0.4926
92,You really need to give the blaming the US for everything a rest.,-0.4939
93,"Greece has flirted with communism and extreme socialism since at least WW II, and this has also been a concern of the US since the Truman presidency.  Trying to refocus the socialistic aspirations of the Greek people has been difficult, and various governments have often played into those aspirations which has contributed greatly to the current situation.  <br/><br/>Maybe the severity of the current situation will cause a reevaluation of the socialistic tendencies of the Greek people, but I doubt it.  If this is correct, the people will back the government again.  ",-0.5267
94,"Ms. Clinton will express concern for the poor and working class Americans to the extent that she feels it will help her political fortunes.  The actual policies she propose will continue to feather the nests of those who finance her efforts, who are decidedly not poor.  ",-0.5423
95,"Who or what is the cause of the ""fraying of social structure"" or ""economic joblessness""? Why not address this issue if this is so important?<br/>Do we need religion to solve this?<br/>Is this country in need of ""spiritual vocabulary"" or rather in need of jobs with living wages and welfare for those who cannot help themselves? And who is opposed to this?<br/>If most religious folks are also social conservatives then one should not be surprised that more and more people question what's in it for them.<br/>I'm surprised it has taken this long...",-0.5789
96,"Great rhetoric, Charles. Now let's hear the details of your plan to replace all the broken windows. <br/><br/>If this is solely a poor black people problem, let's hear their answers to fix the windows.",-0.5859
97,Yet another article that espouses intricate justifications to place blame all around.  That is pretty much what is wrong with analyses of how to deal with racism and problems in general.  Finding better and more accurate ways to place blame doesn't really help you be better off or feel happier.  Let's hear more about solutions and less about why someone can't succeed.,-0.5892
98,"Both Mr. Edsall and Frank don't realize that there are plenty of people here who can't afford computers, air conditioners, etc. (or have them but can't afford to have them fixed or replaced).  They may have homes, but can no longer pay for repairs for house or car.  If they have any employment at all, they may have to provide their own cell phones, so they are in true difficulty if they can't come up with money for a phone.  Yes, they are better off than poor people worldwide, but please don't understate the difficulties here.  They also live in a country where many people think that poor people deserve their poverty.",-0.5951
99,"Oh, for God's sakes, let's not elevate this beyond its worth. He exaggerated. Everyone does it, for all kinds of reasons. It's part of the human condition. Let the poor guy pay the price being demanded and let's move on.",-0.5994
100,"I don't know, CB.  Even children with ADD need to learn how to be autonomous and constantly saving them from failure now can undermine their confidence and cause problems for them later on.",-0.5994
101,"Shamr on you, Randy, for your class envy and resentment. ",-0.6124
102,"The long climb upward, the economic crisis situation less caused by China's policies than by a world capitalist system unable or unwilling to modify its speculative demiurge.  This is systemic, blame to go around for all.  So hopefully no tears from investors, hedge fund operators, merger-inclined ceo's--you guys contributed to bringing this on, scaring hell out of pension-holders and others looking to a secure future.  We as a society demonize Li and esp. Putin; why not start demonizing RISK and risk-takers?  Even capitalism, although one can sometimes wonder, can have a productive side.  This should be encouraged instead of the manufacture of paper wealth.  When we get back to 18,000 more deserving people will be able to sleep at night.",-0.6479
103,It is really scary that so many people believe the absurdities that spew out of this idiot's mouth. Someone who has spent his entire life as a politician is the last person who can solve our problems because they have been created by career politicians just like him in the first place. Politicians are the problem - not the solution.,-0.6762
104,Have you not received the memo from Fox News?  Racism is not a problem in this country; the people who claim that racism remains are the problem.,-0.6892
105,"Syria, Iran, Turkey:  The more US has tried to do during the last 12 months to 'solve' the problems, the worse the situation has become.   ",-0.7003
106,"In his 2009 overview of the financial crisis, 'I.O.U.: Why Everyone Owes Everyone and Nobody Can Pay,"" British novelist John Lancaster points out as long as the spectre of Communism was haunting the world, those at the top of the capitalist system in America had a strong incentive to produce a thriving, broad middle class by reducing inequality and spreading the wealth around with workers, thus countering the USSR's appeal to the poor of the Third World with an alternative model for alleviating their misery.<br/>When we won the Cold War, the American worker lost, because there was no longer any incentive to present that alternative role model. It's no coincidence that we started to go seriously off the rails at the same time the Soviet Union was crumbling. (And look at Russia now, barreling backward through kleptocracy to feudalism.)<br/>And China, with its combination of authoritarian government and unbridled capitalism, is a portrait of looming dystopia - filthy air and water, sweatshop factories churning out shabby junk, a handful of plutocrats gorging themselves on endangered species, who have the real power in their pocket through laws that are window-dressing, slogans, and empty rhetoric.",-0.7096
107,The problem of political corruption in the Greek system is the root cause of this situation. Greece is like so many other kleptocracys out here where the political and economic elites are in each others pockets to such an extent that nobody else is allowed to prosper and the bills for their greed and poor judgment  are handed to those least able to afford them. We are seeing something similar in nations all over the world these days. The US included.,-0.7184
108,"We are talking about the mathematics  and ignoring the basic social  issues  pertaining to low wages mainly no or little educated children and youth who has no future both economic or social. ( Chicago  and its neighboring Indiana areas is a great example )<br/>Also we are not calculating the cost of running medicaid and bother social programs for the destitute group without again any plan for them to come out of it. <br/><br/>I guess as a society we have managed to keep a huge part of the disapora who get used to Govt and Church  and local pantry provided   ""help"" and they in turn feel less ashamed to use  food stamps to buy luxury products which they really got used to. They are not to be blamed. <br/><br/>We as a society to get the blame and more so the Corporations that manage to keep them  there with meager wages  and get ""cheap"" labor in return and that remain cheap for more than 200 years now .. first via Indentured servitude  and now as economic downtrodden !",-0.7307
109,"Everybody Knows<br/><br/>""Everybody knows that the dice are loaded<br/>Everybody rolls with their fingers crossed<br/>Everybody knows that the war is over<br/>Everybody knows the good guys lost<br/>Everybody knows the fight was fixed<br/>The poor stay poor, the rich get rich<br/>That's how it goes<br/>Everybody knows""<br/><br/>Leonard Cohen, Sharon Robinson",-0.7351
110,If you tell people that nothing is ever their fault -- that everything can be blamed on society -- then they will never ever take responsibility for ANYTHING in their lives.<br/><br/>I don't see how someone starting smoking at age 13 is anything but his own darned fault.,-0.7543
111,"No outrage or sanctimonious posts from this crowd. People would rather blame everyone in ""the system"" and deny their own responsibility. Much easier",-0.7579
112,"Only the terminology changed. The relentless attack on the rights of women, coupled with a hatred of the poor, a push to create a plutocracy undergirded with theocratic strains, deep homophobia, a denial of science and a persistent tendency for more war, all the time, wherever we can find or cause it, persists.<br/><br/>The GOP is desperate to prevent forward motion. Its goal is a country that will be free for but a few and genuinely wretched for the most.",-0.7715
113,"The author writes ""Less advantaged women bear the brunt.""<br/>The NY Times wrote extensively of a similar problem affecting the poor in the USA, where the less affluent among us are routinely jailed.",-0.7841
114,"But, as the GOP will block the correcting language that may be needed, they will rightly get the blame for not providing the simple fix to correct the technicality.<br/>Sweet.",-0.7876
115,"Contrary to what you've stated, the solutions are far from clear. <br/><br/>The affordable housing ""solution"" is akin to school voucher. It's far easier to drop the failing schools (and failing neighborhoods) and just give the low-income folks move to better schools (and nicer neighborhoods), rather than fixing the ones that are failing. As a society, that's just a bandaid quick-fix without actually fixing the underlying problems, that so many schools in so many neighborhoods are all failing. Do we focus more on giving a minority few the shot to the moon and let the rest languish? As a society, can we afford to look the other way (what with all the urban ailments like drug problem that serves as feeder to the exploding prison population growth)?",-0.8064
116,"Republicans have zero ideas and no solutions. They divert attention from real issues with one red herring after another playing to their low information base. Unless you want to complain about it, blame someone else for it, or pretend your appalled by it the Republicans have nothing to offer. ",-0.8316
117,What's the problem?  I would think avoiding  war is a legitimate priority.,-0.8402
118,"The MTA is too full of mid-level and high-level administrators.  Can you address that?    Get an efficiency firm in there and cut the admin bloat.  Wont happen I know. <br/><br/>What will happen is endless ticket price increases, gas taxes and anything that will incur extra cost to the working middle classes that really need mass transit.<br/><br/>Until the wealthy need and use mass transit, it is off their radar.  Something else this editorial neglects to mention but is fundamental to the problem of our failing infrastructure.  ",-0.8462
119,"There will always be people such as this - outcasts from society, with no parental support, naive and usually not very bright. They are preyed upon by unscrupulous and, in this case, malicious predators. We cannot develop and fund social policy based on anecdotes. I'm not sure what the solution is - but I am pretty sure it consists of firm, and sometimes violent, attacks on these predators, coupled with social services for these kids.",-0.8514
120,"How nice of Turkey. <br/><br/>Refuse to help while the problem grows, then when the problem becomes Turkey's problem because they refused to help earlier let other's fight and die to solve the problem. <br/><br/>Where are the Mamluk warrior slaves when you need them, hey Turkey?",-0.8591
121,"This is where all of you ""Conservatives"" fail.  Your premise is completely erroneous. Families are not frayed because of sex, they are frayed because the American society has surrendered to the powers of concentrated wealth, and no one has a potion to escape.  Hope for gaining control of financial stability is a dead aspiration, and fear of destitution has made everyone look out for number one (themselves).  <br/><br/>This landscape has been created by the economic ""Conservatives"", and the social conservatives have been completely quiet, or worse, supportive.  Also, religious leaders on the right supported giving all of America's resources to the very few.  So, when you speak about sex, you are lost “David Brooks”.  No one wants to be a part of your movement that gives everything to a few, and turns everything else in the world into a pitiful ghetto.",-0.861
122,"Prof. Goldstone is exactly right—there are two different extremes along the demographic scale of human population growth: the stabilizing and shrinking end where those in the wealthiest (and most conspicuously consuming) countries reside, and the rapidly growing end where residents of the poorest, least developed countries struggle to survive. <br/><br/>The fact that overall population growth has slowed worldwide is no comfort to those who must watch helplessly as their loved ones die of preventable causes due to inadequate nutrition, healthcare, and clean water, among other income-related factors.  <br/><br/>Education and jobs would certainly help with the dismal economic situation that plagues the poorest countries—which also happen to be the countries with the worst human development indicators. In too many places in the world, half the population are denied entry to the economic, cultural, and political life of their communities and countries. The world is poorer for it. <br/><br/>The first step in solving this problem is to ensure that women everywhere have real choices: a choice of when and whom to marry; a choice of whether, when, and with whom to have children; and, a choice of how to live their lives. Real investment in birth control is crucial to this.<br/><br/>John Seager<br/>President, Population Connection<br/>Washington, D.C.<br/><a href=""http://www.popconnect.org"" title=""www.popconnect.org"" target=""_blank"">www.popconnect.org</a>",-0.8697
123,This tragedy really shook the country. It was the cause of many other conflict and unrest. Racism is one of the serious problems in American society. It's like two tribes. But this is not progress! This is a big step back!,-0.8773
124,"Right. And when you think about it, its the same problem in Iraq. Take out the one ""bad guy"" and if there are underlying issues, the violence continues. The only thing that seems to help is enough jobs to keep young men busy and out of trouble. ",-0.8834
125,"Tolerance for crime, corruption, and gaming the system are a cancer to any community. It is the recipe for social and economic stagnation. Examples exist throughout South America and Africa. No racial component is needed. <br/><br/>If New Orleans were populated by Swedes who climbed to the same lifestyle as the current residents, it would remain a mess.",-0.886
126,it's the blue state model: high taxes combined with costly regulations and protectionist policies for unions. The result: small and midsize businesses struggle and middle class individuals leave. Poor kids get stuck in lousy schools and the split between wealthy and poor increases.,-0.9022
127,"I get so depressed reading articles like this one knowing that people who need to learn this will never read or hear such arguments. They are decent moral people, just living their lives, working and raising children in their white middle class cocoons. They attend church and are generous to frineds and people like themselves. They will never read the liberal NY Times, or any paper, and they listen to FOX News. They have no personal connction to poverty, no real knowledge of how those people live or try to survive. So how can they possibly understand the real challenges?<br/> Mr. Kristof, you're preaching to the choir. Please, how can you, or we, pass these ideas on to those who have absolutely no idea what it really takes to emerge from poverty. We don't need just solutions. We need a bigger part of America to listen to the problem.",-0.9024
128,"Finally, an article that looks a real solution to failing institutions in failing neighborhoods (i.e. schools) ---move the neighborhoods. Scattered site housing is a researched based answer (which we knew about in the 70's), but politically never gained traction. Granted, the problems associated with travel to jobs, etc. is not an easy one to address. Having said that, looking for a solution to that problem is far easier than attempting to fix an institution --- like schools--- in failing neighborhoods. ",-0.9061
129,"Bravo, Blow has mined the data and found ""excuses"" for some of Black America systemic failures.  Black dad's can't be blamed for their negligence, they are in prison . . . it's not their fault,  you see.<br/><br/>Next will be the justification for obesity in the poor Black community.  Not their fault . . . these poor people are eating expensive fast food.<br/><br/>Actually, there aren't any of these problems to any large extent in the middle and upper class Black community, the problems are planted firmly in the soil of poor black America.  Soil tended to and nourished by the Liberal Progressive excuse maker.  <br/><br/>Blow - gardener extradonare.",-0.9278
130,"Sadly I have come to the conclusion that most Americans are naive children easily led by the ruling class to swallow all the propaganda fed to them by the very people who benefit the most, the rich/corporations/powerful aka the ruling class. Our country/democracy is being dismantled before our eyes (Citizens United, TPP, ALEC), and who do most Americans blame? The poor people and the brown people, the people who have the least amount of power in this country are blamed. Unfortunately most Americans will not recognize the truth until it arrives at their front door and knocks them flat. By then it will be too late. The die will be cast.",-0.9305
131,"Blaming the victim --- this is the problem with both parties. We blame police officers, we blame teachers, we blame principals, we blame social welfare agencies, but, no one blames policy makers, who, are quite comfortable with  sitting back and allowing the victims to be blamed. ",-0.9326
132,"One of the problems regarding Ayn Rand’s books is that most people simply do not know how to read critically. They labor under the delusion that merely because something gets published, it must be worthwhile and useful. Ayn Rand’s work is neither. It is an expression of a neurotic narcissist with an inferiority complex who covered it up by fantasizing about bigger-than-life characters of alleged superior capabilities that she endowed with the power to make up the rules of the game as they went along. Her appeal was primarily to naive and gullible teenage boys who needed some rationale for the direction their weak egoless souls yearned to take. As their excessive greed overtook common sense, is it any wonder that such people turned out to be self-centered, idiotic Republicans with no concern for the common folk? Hell, we even let such miscreants become leaders of the Federal Reserve so that they could dictate the economic policies of the nation to the rabble! Is there any wonder, then, that we have had decades of economic and social injustice when an easily manipulated populace is so poorly informed, so abysmally illiterate, and so chronically ignorant that they actually elect people who do not have their own best interests at heart? Where lies Reason when people act irrationality? Or is “rationality” reserved to the wealthy and to the politicians whom they buy with a nod and wink to that fruitcake Ayn Rand? ",-0.9695
133,"I think we have to rethink the issue here: who of the poor in each strata would benefit the most by being in a middle to upper income area? The problem is that there is so many types of poverty: there's poverty due to dysfunctional personality disorders of the parents, of children with conduct disorders and mental illnesses, of the decline of good paying blue collar jobs, substance abuse, mental illness, etc. Until you stop looking at poor people as one stereotypical monolith and look at each *household*, you can never really solve the problem of poverty. If we looked at poverty instead as a individual illness with distinct causes in each case, we can make a bigger dent in the larger problem of intractable, intergenerational poverty. That is what I think is lacking in this analysis.<br/><br/>And the unkind comments of automatically assuming that moving a poor family into a wealthier area will turn it into some kind of third world slum are the other side of this stereotyping of classes of people. You can move a single mother with one child who is quiet and bookish from the projects into a better community and she and her child will succeed barring any other handicaps. But the kid that got involved in gangs because his mother was mentally ill drug abuser and largely absent when he was sent to foster homes is not going to do so well without a significant amount of social supports.",-0.9705
134,"California has been struggling with this problem since the state shut down it's mental hospitals during Reagan's time as governor. A fundamental lack of understanding about mental health issues informed this decision, with the deeply flawed reasoning that advances in medication had reduced the need for institutionalizing people. <br/><br/>Having lived in Los Angeles my entire life, my own experience has been that a huge portion of the homeless population suffers from debilitating mental illness (I would put severe addiction issues in that category as well). The restoration of a blighted urban core is not the main culprit behind homelessness. The rising inequality in our economy, while a huge problem, is also not the root cause. A walk down Skid Row or parts of Hollywood does not yield the feeling that one is amongst victims of globalization, but rather people with the most grave mental health issues, who would struggle to hold a job regardless of the economic environment. <br/><br/>For that portion of the homeless population that is not suffering from some sort of disability, there is an issue of accountability. Why would someone with limited means move to a high cost state? Is that not the definition of setting oneself up for failure? How is the state supposed to combat the homeless problem when there is a steady influx of the poorest of the poor to LA? Los Angeles, and California in general, have been expensive housing markets for decades. This is not some overnight phenomenon. ",-0.9872
135,"As is unfortunately typical, prevailing opinion creates a false dichotomy with regard to a complex situation. No one is saying that police forces are not a necessity. But to respond to the legitimate grievances of marginalized individuals with a full embrace of excessive policies is to exacerbate an overwhelming experience. Worse, it solves no problems.<br/><br/>The solutions to these problems are long term and require reconsideration and rebuilding of many of our social systems. We Americans are very poor at nuance and long term planning, and accordingly approach solutions with a sledgehammer. We need to take a hard look at the variables which cause these situations. Our gun laws are absolutely insane, and we swim in a sea of violence because fringe extremists refuse to recognize the pernicious evil of free and easy access to firearms. Our justice system is blatantly unequal. Our economic policies for decades have sacrificed the poor and the lower middle classes on the altar of ""globalism"" and the greed of the 1%. So instead of investing in our nation, our citizens, and our cities, we ship jobs to foreign countries and gut the opportunities of our people. Instead of investing in equal educational opportunities for all American children, we base funding upon real estate value. <br/><br/>Either we change and make a genuine investment in the lives of Americans of color, or we maintain a discriminatory system, and needless violence, and loss of life. ",-0.9886
