,comments,scores
0,"""A Way to Get Fit and Also Have Fun""<br/><br/>This article grabbed my attention because getting fit and staying in shape was always something that I found particularly fun and exciting. Having taken part in my high schools cheer team, we have used this 10-20-30 method previously and I feel as though it worked. I feel as though I push myself the greatest in the 10 second range but can then relax in the 30 second range when it is just a gentle pace.<br/>From the conditioning we do in cheer, I have certainly gained muscle and I think that this routine also works when you are working your abs, because we have done this exactly and it certainty built my core strength. I believe that this article really grabbed my attention because it was something that I could relate to and had real life experiences to pull from. It made perfect sense that the 10-20-30 runners gained the most muscle and shaved the most time off of their run because that workout pushes your body at all different levels and works different body parts during the different paces. This experiment definitely made sense and made me only want to do the 10-20-30 workout and record myself to see, personally, if this experiment would work on someone like me as well! My only question is, were the runners that they took to do the 10-20-30 experiment of all different shapes and sizes? If not, could this have had an effect? Other than that I found this to be an exciting and reliable experiment.",0.9956
1,"TESTIMONY<br/>b fagan ""Ever hear of the US Senate?""<br/><br/>The Senate subpoenas climate testimony, once every few weeks for the foreseeable future, in which climate alarmists are regularly thoroughly trounced.<br/><br/>It covers all aspects of climate science, e.g. here is the Senate testimony of David Legates on precisely how climate scientists who don't toe the scare line are being destroyed.<br/><br/><a href=""http://tinyurl.com/qayrggm"" title=""http://tinyurl.com/qayrggm"" target=""_blank"">http://tinyurl.com/qayrggm</a><br/><br/>That testimony accumulates in PDF files and is the basis of forthcoming congress decisions on climate science funding, climate action, EPA use of secret science, EPA powers, EPA existence and on the US funding of the IPCC. Many of these have already passed both chambers, but are for the moment slightly under veto proof margin.<br/><br/>PS My favorite fun Senate testimony moment was when the fellow brought by alarmists to the science discussion was an insurance salesman. <br/><br/>He said that he believed disinterestedly in the best climate science available, to be used by his giant company.<br/><br/>Forgetting to say how any unsubstantiated climate scare increases his margin by a giant factor. E.g. the Hansen paper discussed by Andy here would give insurers a risk free 1000% -1000000% extra return all by itself.<br/><br/>Make sea level insurance mandatory, use the 10 ft (instead of 4 in)/50 years as established science and you can literally bankrupt Manhattan in a day. With proceeds divvied up between lawyers and insurers.<br/><br/>That is why top climate scientists end up well paid on insurance company boards.",0.9613
2,"The answer clearly lies in more research, science, engineering and common sense. The last one, I am afraid is a rare commodity. It is easy to say that why not build houses that withstand most natural calamities! You can but the costs will be prohibitive that most Americans will not be able to afford them. It would be a combination of good research that is convincing enough so that we may intervene expeditiously and prevent some calamities if not all, and advances in engineering that improve water, beach and soil management. Common sense? Well! Do we really need to build mansions on the edge of the ocean with rising ocean levels? Rising ocean levels? Gee! I knew I would fumble into it somehow. ",0.9599
3,"I read an article titled, ""Growing Vegetables in Space, NASA Astronauts Tweet Their Lunch"". NASA has been researching the prospect of growing crops in space and now astronauts have done it. This week the story was published showing a video of astronaut Kjell Lindgren showing the world what his red lettuce looked like and he actually sampled a taste on camera. He later told us that he plans to take a sample back to earth to be studied further. This to me is an example of how exciting our future will be with space travel. I can't imagine how cool it would be to be able to grow your own food that actually tastes good. In the article he mentioned that this research will certainly benefit future space travelers. I am just curious how they will harvest meat and livestock as I imagine not everyone will be a vegetarian in the future.",0.9512
4,"A friend of mine has delved into the technological obstacles that stand in the way of getting a computer to read a patient's  successive X-rays to achieve timely diagnosis. The difficulty is, apparently, significant.<br/>Calling this technology ""a moonshot"" is not just loose talk. If successful, it may change the way medicine is practiced.<br/>When I first heard that Watson is learning how to practice medicine I was inspired. I am an attorney with a solo practice and concluded that Watson would be perfect to carry out in an instant the legal research that now takes me hours.<br/>Right on, Ms. Rometty, Mr. Kelly, I may well be one of your first customers when Watson reaches the right price level and gets its law degree!",0.9437
5,"When is this column going to be discontinued? It would be highly relevant if the year were say 1970 when the cognitive sciences, feasible data analysis, computer models, artificial intelligence, behavioral economics, etc, etc did not yet exist. <br/><br/>But really, in 2015, we are still interested in the armchair lucubrations of academic philosophers or professors of psychology taking a lazy philosophical time out from their scientific obligations? <br/><br/>The only things of interest here are either extraordinarily well designed studies  that illuminate statistically distinctive empirical patterns or (per impossible) foundational theories that allow us to perceive either causal or well defined stochastic mechanisms that explain the phenomena of interest. <br/><br/>Time to retire this column and move on, I would say. ",0.9295
6,"Alan: ""Anyone who believe in this ""climate disruption"" is a fool. Read some articles from the 1930's and see how much disruption occurred then. ""<br/><br/>Climate science has learned quite a bit since the 1930s, but the basic physics of anthropogenic global warming was worked out by the end of the 19th century.  In 1895 the Swedish scientist Svante Arrhenius, who went on to win the Nobel Prize for Chemistry, published the results of laborious hand calculations showing that the  “temperature of the Arctic regions would rise about 8 degrees or 9 degrees Celsius (Centigrade), if the carbonic acid (CO2) increased 2.5 to 3 times its present value.""  Present-day estimates of equilibrium climate sensitivity (ECS), based on a wide range of evidence from multiple sources, are just slightly lower than his: 1.5 to 4 degrees C for a doubling of CO2.  See:<br/><br/><a href=""http://earthobservatory.nasa.gov/Features/Arrhenius/"" title=""http://earthobservatory.nasa.gov/Features/Arrhenius/"" target=""_blank"">http://earthobservatory.nasa.gov/Features/Arrhenius/</a>",0.9286
7,"It's interesting to see the Catholic Church getting involved in the climate change debate.  Climate change is being caused by human economic activity, and one of the main drivers of that economic activity is the growth of the human population.   The best thing the Church could do for climate change is to change its stance on contraception, to slow the growth in the human population.",0.9022
8,"Thanks for forgiving my lapse, and for these valuable insights. The issue of saturation coverage that doesn't rely on ""news hooks"" is something I explored on public radio's On the Media in 2006. Thanks for prompting me to look for it. Here's an excerpt <a href=""http://www.onthemedia.org/story/128730-dangerous-extremes/transcript/"">and the link</a>: <br/><br/>""[Climate change is] breaking news in terms of the scope of the history of human life on earth, right, which is for most people, a snooze. I guess it gets down to what is journalism about. I do think there's a part of journalism that needs to explore the things that don't necessarily fit our norms. In other words, let's for the moment leave aside the things at the edges of the science that are compelling and weird and scary but that we don't really understand very well and get back to the bedrock. This is what carbon dioxide does. More of it will make the world warmer. A warmer world will have less ice. That will make seas higher. And that will lead to profound transformations that we need to pay attention to. And if it takes writing a story that way, where you literally start the lead of the story, ""This isn't a story as we know it, but this is a story, let me tell you why', I think that's a - that could work.""",0.8941
9,"I am Catholic, I love the Pope and especially what Pope Francis does to help the poor. BUT, the Pope is no more an authority on Global Warming than he is on Economics, or the NFL. This article is so blind to real science that it is more of a commercial promoting Global Warming than anything else. I have news for you and for Pope Francis, there is no Global Warming. The real facts are, the real science is, the Earth has not warmed a single degree in almost 20 years. That is what is true. When you talk about 'well financed' forces impacting the debate and trying to hide the truth, you should be talking about all of the university professors collecting millions in government grant money to ""study the issue""... do you think they will ever come out and say there really isn't much impact on the world wide temperatures, which would cut off their well financed research and incomes ???",0.8777
10,"Global Warming<br/><a href=""https://en.wikipedia.org/wiki/Global_warming"" title=""https://en.wikipedia.org/wiki/Global_warming"" target=""_blank"">https://en.wikipedia.org/wiki/Global_warming</a><br/><br/>The global average (land and ocean) surface temperature shows a warming of 0.85 [0.65 to 1.06] °C in the period 1880 to 2012, based on multiple independently produced datasets. Earth's average surface temperature rose by 0.74±0.18 °C over the period 1906–2005. The rate of warming almost doubled for the last half of that period (0.13±0.03 °C per decade, versus 0.07±0.02 °C per decade).<br/><br/>The average temperature of the lower troposphere has increased between 0.13 and 0.22 °C (0.23 and 0.40 °F) per decade since 1979, according to satellite temperature measurements. Climate proxies show the temperature to have been relatively stable over the one or two thousand years before 1850, with regionally varying fluctuations such as the Medieval Warm Period and the Little Ice Age.<br/><br/>The warming that is evident in the instrumental temperature record is consistent with a wide range of observations, as documented by many independent scientific groups. Examples include sea level rise, widespread melting of snow and land ice, increased heat content of the oceans, increased humidity, and the earlier timing of spring events, e.g., the flowering of plants. The probability that these changes could have occurred by chance is virtually zero.",0.875
11,"David, due respect, asking Adrian to earn some physics and asserting Susan as qualified in that area is simply objectively hilariously wrong.  Physics is what Adrian himself does, and what the great Dr. Anderson did.  Susan is an artist who spent time at MIT and grew up with the amazing Dr. Anderson (and he really is one of the greats).<br/><br/>If one simply imagines a debate on physics between Adrian and Susan - well it might be a you tube sensation for just how badly she would fare. <br/><br/>Meanwhile - the simple settled physics REQUIRED the extra heat be seen in the lower troposphere in a formulaic comparison with the surface... this and everything else predicted never happened as well, except for the added C02.<br/><br/>In other words, observation contravened experiment, Dr. Feynman uses this sort of even as the definition of ""wrong"".  No matter who you are, or how beautiful your theory. ",0.8625
12,"wmar - to help you out, here are charts from sources.<br/><br/>Here's the +0.14 C warming trend over global land surface during what you guys keep calling the pause.<br/><a href=""http://www.ncdc.noaa.gov/cag/time-series/global/globe/land/ytd/12/1997-2015?trend=true&amp;trend_base=10&amp;firsttrendyear=1997&amp;lasttrendyear=2014"" title=""http://www.ncdc.noaa.gov/cag/time-series/global/globe/land/ytd/12/1997-2015?trend=true&amp;trend_base=10&amp;firsttrendyear=1997&amp;lasttrendyear=2014"" target=""_blank"">http://www.ncdc.noaa.gov/cag/time-series/global/globe/land/ytd/12/1997-2...</a><br/><br/>Here's a page with a bunch of charts from NASA.  Showing warming.<br/><br/>And a chart from Woodfortrees, with the British HADCRUT data.  Showing warming.<br/><br/>I know, this isn't the original source of the data, but anyone who adds settings will get the same answer anyone else will.   In this chart, I use the 30-year intervals Adrian said are the natural cycles, using the start dates he suggested.   <br/><br/>Note that what you call the ""pause"" has warmed in 15 years as much as it warmed from 1850-1880.<br/><a href=""http://tinyurl.com/hadcrut4-30yrsegments"" title=""http://tinyurl.com/hadcrut4-30yrsegments"" target=""_blank"">http://tinyurl.com/hadcrut4-30yrsegments</a>",0.8618
13,"For non-fossil advocates and real skeptics, Tamino has been posting a variety of analyses dealing with the various distortions making the rounds.  Somebody interested in the technical background might like to go over there.<br/><br/>Real statistics from a top statistician with great variety from a truly open mind:<br/><a href=""https://tamino.wordpress.com/"" title=""https://tamino.wordpress.com/"" target=""_blank"">https://tamino.wordpress.com/</a><br/><br/>For anyone interested, a variety of people who actually knew Feynman and his work would like you to know that he would have made very short work of the universe of climate denial. They have kidnapped him as their hero because he is not present to show that the cargo cult is the stuff they prefer to real science.<br/><br/>On Tamino, here's a list of the most recent 5 item back a bit, but are highly relevant to these arguments.<br/><br/>- Why SO hot?<br/> - Uncritical Mass<br/> - Actually …<br/> - Somethin’ ain’t right<br/> - Judith Curry responds … sort of (v2)<br/><br/>The last is the most recent of a detailed takedown of some of the heroes of the posse that tries to shut everyone else and domination DotEarth's comment section.<br/><br/>Now there will be a deluge of comments addressed to Susan, but the content to which I refer is real science and has nothing to do with me, so the criticisms and distorted characterizations of me and my choices are irrelevant to the subject.",0.8494
14,"Actually Pena Nieto is Batman and the Green Party of Mexico is the author of all good things.<br/><br/>What evidence do I have to support that, the same evidence you cite to support your right wing spin mongering, none. ",0.8481
15,"An Arctic Methane heat wave, so far little acknowledged, combined with Global Warming, signals a worst case possibility of human extinction within 5 to 15 years.<br/><br/>What must be done? Reduce the burning of fossil fuels 80% within 5 years.<br/><br/>New Science (technology in development) can make that possible. <br/><br/>""If we have carbon free electricity, the [climate] problem is solved"". James Hansen<br/><br/>Carbon free electricity is being developed - employing Fuel-Free Engines that run 24/7 on Atmospheric Heat. See: <a href=""http://aesopinstitute.org"" title=""aesopinstitute.org"" target=""_blank"">aesopinstitute.org</a> <br/><br/>Atmospheric Heat is a vast untapped source of energy larger than all the fossil fuels on Earth.<br/><br/>Fossil fuels are subsidized to the tune of $5.3 Trillion this year! (International Monetary Fund – Working Paper – WP/15/105 - May, 2015 – Page 30)<br/><br/>BOLD ACTION IS REQUIRED - Check the facts and act. The lives you save may include your own - and those of everyone you care about.",0.8478
16,"Times are changing, so the attitude is also changing. They should be on the wave of fashion trends, it will at least increase their sales. Friends we are understanding that money rules the world. And homosexuals have a fairly strong lobby in the government. Draw your own conclusions!",0.8439
17,"Danny,<br/><br/>Said methane has not resulted (thus far) in any warming even meeting projections let alone exceeding them.  Andy is correct about the methane sink (bacteriological action).  The area isn't warming, but rather is cooling, adding ice and this should persist for decades, perhaps as long as till 2080, depending upon if you include longer cycles to the PDO/AMO alignment.  Please see the stand-alone post above describing Greenland's adding mass, early winter, etc ...<br/><br/>Further, as Andy has written about before, permafrost existed/persisted during the last of several melting periods in the Arctic over thousands of years, there is no evidence it would not do so again, especially as this warm period is so much cooler and shorter than the last 4 major periods and great may shorter ones such as the period 1976 forward.<br/><br/>In any case - permafrost freeze up is already underway.  AMO cold cycle should last until at least 2035 (or more).  Longer patterns suggest a complete freeze lasting more than 50 years from today, despite any and all carbon emissions, or methane emissions, which have been in consideration as being risks to the planet or to its flora and fauna, including we humans. ",0.8415
18,"I would really like to know the source of your information.  When I review the satellite global temp database , I cannot find any global warming for 18 years and on .3C change over 100 years.  What is the specific source of your temperature data related to your comment?  Also, I cannot find any evidence to support the idea that drought conditions are different than what happened during the last 150 years..  Could you please cite the source for that comment also?  ",0.8295
19,A good point indeed. There is simply conflict of interest when thre expert is paid. The 'expert' is motivated to make sure that the officer is exonerated - the main reason his/her services were sought in the first place. Then more exhortations will drive up demand for the testimony of the same expert from officers. Then the expert has to live up to their reputation creating a negative cycle. Just stating the obvious.,0.8271
20,"Kurt,<br/><br/>makes one curious about this list and what Trenberth has been looking for and about some of these quotes:<br/><br/>Dr. James Hansen – NASA GISS – 15 January 2013<br/><br/>“The 5-year mean global temperature has been flat for a decade, which we interpret as a combination of natural variability and a slowdown in the growth rate of the net climate forcing.”<br/><br/>Dr. Hans von Storch – Spiegel – 20 June 2013<br/><br/>“…the increase over the last 15 years was just 0.06 degrees Celsius (0.11 degrees Fahrenheit) — a value very close to zero….If things continue as they have been, in five years, at the latest, we will need to acknowledge that something is fundamentally wrong with our climate models….”<br/><br/>Updated list of 66 excuses for the 18-26 year 'pause' in global warming <br/><br/>""If you can't explain the 'pause', you can't explain the cause""<br/><br/><a href=""http://hockeyschtick.blogspot.com/2014/11/updated-list-of-64-excuses-for-18-26.html"" title=""http://hockeyschtick.blogspot.com/2014/11/updated-list-of-64-excuses-for-18-26.html"" target=""_blank"">http://hockeyschtick.blogspot.com/2014/11/updated-list-of-64-excuses-for...</a>",0.8225
21,"Imagine the breakthrough discovery! Stability and predictability and routine are positive influences in child development. Next thing you know those child care experts will be demanding security! <br/><br/>I feel as if we are zooming back in time, before the Fair Labor Standards Act, before the labor riots and union movement. Those were not good times. Labor rights were granted, not through some liberal desire to undermine personal responsibility, but because they promoted social stability. Just the kind of stability that scientists can now confirm, almost 80 years later, are actually necessary for social stability.",0.8167
22,"Here is a reference that supports your theory. It shows a strong correlation between inequality and financial speculation.<br/><br/><a href=""http://papers.ssrn.com/sol3/papers.cfm?abstract_id=1661746"" title=""http://papers.ssrn.com/sol3/papers.cfm?abstract_id=1661746"" target=""_blank"">http://papers.ssrn.com/sol3/papers.cfm?abstract_id=1661746</a>",0.7461
23,"Why are you quoting a high school teacher on plants and seeds about Greenland and global warming? That's who Mr director emeritus is. <br/><br/>On the facts, so what's the conversion to ocean depth? a thousand feet if it all melts? As the water level rises what happens to the rate of melting? A lot of Antarctica ice is seated on land below sea level which will flood with warmer sea water.  Reducing this to percentages is like saying only 1% of the population will die....<br/><br/>Real scientists are not as sanguine as you about this or the much more rapid change in the float ice in the Artic:<br/><a href=""https://www.youtube.com/watch?feature=player_embedded&amp;v=8xdOTyGQOso"" title=""https://www.youtube.com/watch?feature=player_embedded&amp;v=8xdOTyGQOso"" target=""_blank"">https://www.youtube.com/watch?feature=player_embedded&amp;amp;v=8xdOTyGQOso</a><br/><br/><a href=""https://www.youtube.com/watch?v=c3XpF1MvC8s"" title=""https://www.youtube.com/watch?v=c3XpF1MvC8s"" target=""_blank"">https://www.youtube.com/watch?v=c3XpF1MvC8s</a>",0.7399
24,"I agree completely. It would be far more enlightening if this data was overlaid with other datasets, some of which have been suggested in these comments. My guess is that the reasons behind these regional differences are much more nuanced than just one or two simple factors.",0.7264
25,"David Benson and WMAR are both citing ill-reviewed papers, and WMAR is hinging great claims on the basis of the word ""extends"" in an abstract ... where clearly the paper does NOT support the meaning of that word which WMAR imputes.  <br/><br/>Fundamentally ocean sediment or calcareous deposits which capture oxygen do NOT measure the local temperature with the δ18O ratio.  What is really being measured is the enhancement of 18O in seawater due to evaporation and fresh-water storage on land (the bulk of which must be storage as ice somewhere), and/or the returned fraction of freshwater which is 18O depleted.<br/><br/>In aggregate, over the oceans as a whole this provides information about how much total ice the planet has, and hence is an indirect measure of global climate.   Locally however these records are commonly driven by various processes ... in the case of the data from the ""Antarctic fjord"" the likely driver is glacial surge to that fjord. (melting ice water depleted in 18O)  Is that glacial surge a surrogate for temperature?  If so what is the ""calibration?"" <br/><br/>Similarly the data show something happened in that fjord.  It is ridiculous to claim on the basis of that data that ""extends"" means that the same something happened uniformly everywhere from high northern latitudes down to the antarctic, particularly when there is clear evidence it didn't happen in other places.",0.7186
26,"What do your studies show for folks who leave their name?  I'll add that if studies reflect the final word on so many issues -- political or otherwise -- then we should all be living nice, peaceful, lives.",0.7003
27,"One more attempt to get the truth out for real skeptics.*<br/><br/>""What's Really Warming the World?""<br/><a href=""http://www.bloomberg.com/graphics/2015-whats-warming-the-world/"" title=""http://www.bloomberg.com/graphics/2015-whats-warming-the-world/"" target=""_blank"">http://www.bloomberg.com/graphics/2015-whats-warming-the-world/</a><br/><br/>*Unskeptical ""skeptics"" argue against reality, embracing peculiar inconsistent items that confirm their bias, and rejecting the vast majority of information coming from a wide variety of disciplines and expert authorities.  Understanding of climate and the dynamics of heat-trapping greenhouse gases increasing the energy in the system is largely uncontroversial, despite the confusionist carpetbombing via a too complacent media. ""Balance"" and ""fairness"" in the service of this disgruntled minority who worship fossil energy and despise clean energy are dangerous for our future. <br/><br/>Unfortunately, inaction is easy, and they need only cause doubt and delay. The wealthiest industries on earth have created a mighty mirror universe of false information.",0.6997
28,"It's a rhetorical sleight of hand to use the OKC bombings to support the central thesis of this article, which is presumed to be supported by the ""hard data"" (post 9/11). Mentioning the ~3000 deaths in the article without adding it to the data that is the central assertion here is more attempt at persuasion than actual proof.<br/><br/>The last three paragraphs and closing quote clinches with a discussion of OKC, but that data is not added, because ultimately you would have to add the 9/11 data. If you did, the data would show something else entirely.<br/><br/>Thus, cherry-picking data with an article that is too far reaching. Thus an agenda is afoot.",0.6808
29,"Notice the part about ""Adding in the last two years of global surface temperature data."" And the rate of warming was 1/10 of a degree for 2000-10 (compared with 2/10 of degree for the the recent decades beforehand). There has never been a hiatus, only natural variation. And recent warm years are going to affect the numbers.<br/><br/>'Science' Publishes New NOAA Analysis: Data Show No Recent Slowdown in Global Warming<br/><a href=""http://www.noaanews.noaa.gov/stories2015/noaa-analysis-journal-science-no-slowdown-in-global-warming-in-recent-years.html"" title=""http://www.noaanews.noaa.gov/stories2015/noaa-analysis-journal-science-no-slowdown-in-global-warming-in-recent-years.html"" target=""_blank"">http://www.noaanews.noaa.gov/stories2015/noaa-analysis-journal-science-n...</a><br/><br/>A new study published online today in the journal Science finds that the rate of global warming during the last 15 years has been as fast as or faster than that seen during the latter half of the 20th Century. The study refutes the notion that there has been a slowdown or ""hiatus"" in the rate of global warming in recent years.<br/><br/>The study is the work of a team of scientists from the National Oceanic and Atmospheric Administration's (NOAA) National Centers for Environmental Information* (NCEI) using the latest global surface temperature data.<br/><br/>""Adding in the last two years of global surface temperature data and other improvements in the quality of the observed record provide evidence that contradict the notion of a hiatus in recent global warming trends,"" said Thomas R. Karl, L.H.D., Director, NOAA's National Centers for Environmental Information.",0.6808
30,"Yeah, we're all sorry that Frank Bruni noted reality yet again. but one minor suggestion: to observe and analyze a thing is not the same as approval.",0.6808
31,"Let's see the evidence for your claim of warm periods in human history which are GLOBALLY warmer than today.    Original references, not blogs or YouTube, etc.",0.6597
32,"How can there even be a debate when one side does not even believe in education much less science? It is just like debating the concept of evolution. Maybe we should just adopt the Republicans tactics, i.e., proclaim that Jesus has descended to earth and proclaimed at gunpoint that climate change is real.  Or have a conference and claim that the Virgin Mary showed up and melted a bunch of snowballs. We can even provide potato chips with a mysterious image of Jesus fanning himself against the heat. And God told me to write this post. Really. ",0.6486
33,"I will say my kid, who was brought up on markers and paper is extremely creative and in advanced academics now...but there's not enough evidence to really link that...sample size of one, other confounding factors, etc.",0.6361
34,"Are they supposed to research everything at once? Einstein gave us a theory of Brownian Motion, Special Relativity, and General Relativity over a fairly short period, yet they're three of the most important theories of the 20th century. Feynman literally gave birth to a new way of understanding field theory and made numerous major contributions to physics. <br/><br/>What groundbreaking physical theories have you contributed so far in your life?",0.6313
35,"How many decades must we wait?  This experiment was started in earnest in the 80s, with a big push under G.W.  I think that we can start reaching some ""tentative"" conclusions here.",0.6249
36,"You misstated what your Storch cite said, as its first sentence says that the discussion only looks at ""near-surface warming,"" you then threw up a dingabat graph whose authors and sources aren't given, and you cited some brightly-colored pie chart from goofball who's given herself a superhero name to make the trifecta.<br/><br/>Oh, and a) partly because of people like you, there IS no such thing as a really clean waterway anywhere on the planet anymore, and b) EPA was there INVESTIGATING THE SOURCE of pollution that already existed. Liked the wildly exaggerated amount you gave, too. thanks a bunch.<br/><br/>Why was it again that we're spozed to take you guys seriously? Other thanthe lousy effect you have on discussion and action, of course?",0.6191
37,I was ready to give the GOP several states to try out their experiment.  This will do.  Thank you. ,0.6124
38,"Mike T<br/><br/>The post title uses the word ""mutability"" for a reason, a reason you have successfully ignored, in the empirically unfounded belief that an economic concept is in fact a newtonian reality: increasing wages can change many other variables that effect costs, output, revenues, and profits. The variables ""fixed"" for economists' convenience, in the wilds of the market place are not fixed. ",0.5859
39,"Sadly, there are so many biased studies conducted by scientists with corporate ties and corrupted loyalties.  Good for the NYT for pulling back the curtain to reveal Coke's disingenuous efforts this time.  We need sound studies, funded by impartial sources not serving corporate interests but the public good.  Is that even possible today in the U.S.?",0.5846
40,"The truly terrible thing about the statements in the article is that they imply that there is a ""science"" in which all articles endorse the idea that climate is man made. This is done through catching inferences such as some greenhouse gas, or greenhouse gas related model is being studied. In other words, were these figures true, we have a science which is based on only one model, (the human-caused greenhouse amplification theory), is allowed to be studied, and apparently less than 3% of scientists even bother to check to see if natural climate influences could affect their predictions and prognostications. Such is the sorry state of science now in the US and elsewhere.",0.5719
41,A landmark 2014 study calls that conventional wisdom deeply into question. December 2014 Journal of the American Psychiatric Association.,0.5719
42,"This makes no sense to me at all. If you are cold, no matter who you are, you should speak up and have the temperature changed. If you have to accommodate others because you are the only one who is warm or cool, then that is fine. Think of others, if you can. If the authors think we should raise thermostats, then that is an easy business decision.",0.5574
43,"Susan:<br/><br/>Please prove your allegations:<br/><br/>""And he's compromised by family loyalty, in addition to his other prejudices. Because Pielke Jr. is just a Republican ""expert"" who makes a good living taking other people down, without substance or honesty.""",0.5574
44,"As you note, the true controversy is over '...the ""quantitative"" size rather than ""qualitative"" nature of the effect.'<br/>However, since IPCC's latest report shows that the scientific estimate of the potential *size* ranges from *not much effect* to *a significant effect* over the coming century, wouldn't it make sense to focus scientific research on narrowing that range for policy-making purposes?",0.5574
45,"David:<br/><br/>James Hansen doesn't agree with you:<br/><br/>Dr. James Hansen – NASA GISS – 15 January 2013<br/><br/>“The 5-year mean global temperature has been flat for a decade, which we interpret as a combination of natural variability and a slowdown in the growth rate of the net climate forcing.”<br/><br/>Dr. Hans von Storch – Spiegel – 20 June 2013<br/><br/>“…the increase over the last 15 years was just 0.06 degrees Celsius (0.11 degrees Fahrenheit) — a value very close to zero….If things continue as they have been, in five years, at the latest, we will need to acknowledge that something is fundamentally wrong with our climate models….”",0.5559
46,"Well, let's hear it for Kumbaya.<br/><br/>One practical question/point is whether Watts thinks the CO2 sensitivity is less than roughly 1.5 °C / doubling?  The evidence that it is &gt;= that is extremely strong.    Not that I care too much, but what's the denialist's ""party line"" on this topic?<br/><br/>The Yes/no on Thorium reactor cycles is funny.  There's no reason climate and fossil-consumption arguments should entangle ""Thorium fuel cycles"" one way or another.",0.5334
47,"Posa, shouting ""travesty"" a few times doesn't do anything about the fact that NOAA added new station data and revised a few algorithms, just as UAH revised the heck out of their algorithms.<br/><br/>All the data sets fundamentally agree, so picking on any one is pointless, except in situations like UAH back a decade ago where they were the ONLY data set not showing warming.  Until a number of published papers by outside reviewers forced Christy and Spencer to fix some real issues with their programs.   Now they've done it again, and perhaps they are closer to reality.  Finally.<br/><br/>But your initial comment ""However, an impending El Nino will raise global temperatures a bit later this year, but nothing extraordinary.""<br/>is kind of odd - since we are now in what is well on track to be the warmest year in the records going back to 1850.   Warmest years are all scrunched into the last two decades, almost all of them in the last 15 years, and warming further with weakened solar output.<br/><br/>Well, come to think of it, it isn't extraordinary when you consider the rapid rise in greenhouse gases.",0.4892
48,"""The actual temperature that would be required to do this for healthy people would be close to freezing, if not below.""<br/><br/>My fingers turn blue when I'm chilly.  I am healthy, not vegan or vegetarian or dieting dangerously.  I am not aware of having circulation problems.  There are more things in heaven and earth, Dan Stackhouse, than are dreamt of in your philosophy.<br/><br/>I've found that wearing an undershirt of the shapewear variety helps a lot.  i don't know whether that is because the extra layer warms my core, or the squeezing does something to my blood pressure - I suspect the latter, b/c putting on a sweater doesn't have the same effect.",0.4877
49,"So let me see if I understand this correctly: Mr. Bush, an ex-politician, feels he is qualified to discourse on Global Climate Change and it's impact, but the Pope, who is the head of the Catholic Church is not. <br/><br/>Have I got that, correct?<br/><br/>Just making sure. ",0.4497
50,"The less it costs them, the more corporations are willing to support change.  The picture is entirely different when their business model is based on endlessly squeezing workers or on destabilizing the earth's climate.",0.4019
51,Why is 10 the magic number when it comes to clowns and jugglers?<br/> There are two kinds of numbers in the world:<br/>    exact:<br/>        example: There are exactly 12 eggs in a dozen.<br/>        example: Most people have exactly 10 fingers and 10 toes.<br/>    inexact numbers:<br/>        example: any measurement.<br/>Is FOx News trying to balance precision versus accuracy. Gods knows they have never been accurate or stated a correct value.,0.4019
52,"Andy,<br/><br/>How many years absent projected warming before you can open yourself to the possibility that 'the basics' - including what the assumptions that work into the physics are, may need revision based on empirical data? I am open to altering my view should the facts warrant that, so far they have not, are you open? <br/><br/>In essence - everything Hansen 1988 and thereafter ""predicted"" have all failed to manifest according to those physics and basics, aside from the climb in atmospheric carbon.  The IPCC has been similarly ""wrong"" in their projections and scenarios.<br/><br/>When to you is the date when we all get called to account?  You have seen the lack of statistically significant warming for not less than 16 years (GISS) and as many as 22 years (RSS).  You have seen the models failing and the analysis that shows the confidence level at less than 2% (and dropping).<br/><br/>Surely, there must be a date in your thoughts upon which we all face the 'experiment' and then how that matched with valid 'observation'.  More than half the satellite period shows nothing like what the IPCC projected, no school child alive today has experienced material climate change, you have read the SREX and know that even our fingerprint may not present itself for years (if ever).<br/><br/>I think we need to get ready to say that by X date - we all accept what the valid data tells us, not any voices of authority or opinion or even 'scientists say', the related 'scientists tell us'.",0.3879
53,"Fagan,<br/><br/>18 years and 5 mos is UAH LT<br/><br/>18 years and 7 mos is RSS LT<br/><br/>HadCRUT4 shows cooling since 2001<br/><br/>we agree it has warmed since the LIA ended, the past 20 years are all along that same trend, no acceleration, especially when you deconstruct the NOAA and GISS data fraud of about 0.5C<br/><br/>No data set shows statistically significant warming since 17+ - 23+ years ago. <br/><br/>You repeatedly speak of a 20 years time frame ... which according to you is noise, as mattering, even as the data sets show nothing scary at all. ",0.3875
54,Scientific research needs to clean up its act too.  One of my children worked in a lab off and on through college and grad school.  Decided the research route was not the way to go--too much fudging going on--didn't like the lack of ethics.,0.372
55,Thank you to NASA for taking me out of myself today.,0.3612
56,"We should all listen more to Mr. James from Houston, a famous and learned atmospheric scientist from the highly regarded Texan school of climate cognoscenti. Thank you, Mr.James, for your insightful remarks.",0.3612
57,thank you for the link,0.3612
58,"The fundamental problem with the ""population bomb"" is that it is an unfalsifiable hypothesis. A critic can say ""it's been XXX years and nothing has happened -- clearly it's wrong"" and Dr. Ehrlich can answer ""the hypothesis isn't wrong, XXX years just isn't long enough."" <br/><br/>That doesn't make the hypothesis wrong, and no one has disproved it; Dr. Ehrlich shouldn't offer a mea culpa. But everyone should also acknowledge that disproving it is impossible. We can -- and should -- debate the arguments and logic underpinning the hypothesis. But we should do so with the awareness that, much like God, the debate can only be resolved if evidence proves the hypothesis correct; evidence can never disprove it. Arguments like ""it's been 47 years and nothing has happened!"" therefore do not further the debate.",0.3462
59,"What will be achieved by President Obama's belated executive action on climate change is dependent upon domestic and international partisan politics and socioeconomics.  Neither science nor technology significantly matter outside of that perspective and context. Climate change is a natural normal planetary phenomenon related to moving continental plates, air and water over time in relationship to living things. ",0.3455
60,"Obamacare's opponents made a prediction: that the ACA would reduce the number of jobs available, or at least slow their growth.  The data contradict the prediction.  Seems pretty clear-cut to me.  Correlation does not prove causation, of course, but it was the ACA opponents who erroneously predicted the sign of the correlation.",0.34
61,"Sure, duder, exactly what I meant. susan anderson too--oh, wait, I am reliably informed by some kook that I AM Susan Anderson. ",0.3182
62,"If this theory works, then there are eight acrosses that meet the criteria.  So, the theory must be flawed, or there is yet another peculiarity in this puzzle.  Not revealing what that apparent peculiarity is.",0.296
63,"Yes, wimmer, if you cite your own absurd screeds and invented, colorful graphs as proofs, your own colorful invented graphs and goofball screeds will, in many ways, agree with your, ah, claims.<br/><br/>Congrats; the rest of us must rely on mere scientific evidence.<br/><br/>And apllies again the nutbar test: what are the odds that you are wrong?",0.2732
64,"ROW:<br/><br/>The question here is long-term trend (as well as attribution for recent loss in Greenland Ice). Steele believes the trend over the past decade or two may have ended; indeed, he is suggesting a turn-around. Since he's stuck his neck out on this, perhaps one should wait for the results in 2016 and 2017 before commenting on whether Steele is incorrect or not. <br/><br/>As I read it, Steele's post wasn't an effort to summarize the NOAA report, but rather to draw attention to cyclic changes in oceanic warm water flow as the most probable explanation for the loss in Greenland Ice over the past two decades (as opposed to opportunistically ""blaming"" it on increased atmospheric CO2). <br/><br/>Steele points to natural cyclic behavior as the primary factor in the warm water flow: ""... negative NAO also implies a spin-down of the subtropical gyre and therefore a drop in the pole-ward transport of warm tropical waters.""",0.2617
65,It's okay.  This won't go on your permanent record.,0.2263
66,"When our stated memories of an event differ from a recording of an event, the explanation is probably not a lie. Instead of maligning mr lewinski's ideas, you might have done a service for yourself and your readers by reading about inattentional blindness and other related phenomena. The human brain and psyche can do some things that on face value can seem quite strange.  ",0.079
67,"i agree...generally.  however, we *could* live underground and work on terraforming as a longterm project.  i am not talking about a mass migration, i am talking about getting viable populations off earth.  it is stupid to leave all our eggs in a single basket.  i am personally very doubtful that interstellar travel will ever be possible, the distances are just too vast, but we could do a lot in our own solar system to ensure the survival of life.",0.0653
68,Amen David. We have surrendered direct experience and our own inner intelligence to these meaningless studies that somehow have become the holy grail in the western mind. ,0.0516
69,"Here are two relevant references.  All you needed to do to find them was to google PubMed, Pontificating based on old data doesnt work.",0.0
70,"The topic's Greenland ice melt, Rupert Darwell is a ""corporate strategist,"" without a scintilla of scientific training or expertise, and I'd ask you the same question: what'll you do when the IPCC et al turn out to be right?",0.0
71,and you evidence is what?,0.0
72,I can confirm that the chemistry passages on pollution were unusually detailed.,0.0
73,Guess you're the expert.  Ewww.,0.0
74,What planet are you from that you think these things are not the norm? ,0.0
75,Post of the day. You have Trumpism down to a science.,0.0
76,Such a misconception about the USPS. Do some research about what they can and do do.,0.0
77,Flawed study!,0.0
78,Another nail in our planet's coffin.,0.0
79,Can you cite some examples?,0.0
80,"The lesson is don't believe anything, not even stories with pictures without any palpable physical evidence that can be studied and analyzed. ",0.0
81,"We've also gotten a lot more anti-science since my childhood, when we all wanted to be astronauts...",0.0
82,Predictable that wmar would show up with his anti-science.,0.0
83,"Kevin,<br/><br/>Indeed, scientists DO say ""multi-year trends"" count more than short-term measurements. Know any scientists that say 40 years isn't long enough to draw conclusions from?",0.0
84,Exactly what are you predicting here?,0.0
85,"Lew:<br/><br/>My ""qualifications"" - to ask a question of Revkin?  Are you serious?<br/>By ""affiliations"" - do you mean ""paid by the Evil-Fossiil-Fuel™ industry?""<br/>LOL.<br/><br/>Sure, Lew. You first. ",0.0
86,"Adrian  O, as is typical, has managed once again to mamgle the facts.",0.0
87,An SLR?  Still make those?,0.0
88,"Those were actual quotes. Several people said ""I don't know nothing about............"". I don't make this up, I just observe it.",0.0
89,Post of the day. You have Trumpism down to a science.,0.0
90,Excess ain't rebellion<br/>You're buyin' what they're sellin'<br/>--Cake,0.0
91,"Scary, really, that Brownback et al are working so very hard to create a more regressive tax structure.  Ideology and benighted Common Sense (which has taught such truths as a universe centered on a flat earth) trump an educated policy based on economic theory and facts.",-0.002
92,"Oddly enough, it is the cult of the denialists that has taken up the role of the Church in besmirching science both personally and factually. The irony is indeed  quite thick.",-0.0516
93,"Curry is also a geoscientist, so her  thoughts on the subject — your rules — are worthless.<br/><br/>Incidentally, what are your qualifications that allow you to undermine the  author's conclusions?  ",-0.0772
94,"Not sure if you just didn't read the article that you linked to here, or if you are just trolling, but it clearly states that this trend is a local (not global blip) in a serious problem.  Either way, you have provided a good example of how denial of the serious global warming requires either willful blindness or just plain arrogance. ""NOAA found that from 1998 to 2012 there was 'more than twice as much warming as the old analysis at the global scale,' at 0.086 degrees Celsius per decade compared to 0.039 degrees per decade.""  That's why the actual denialists are up in arms about this report.",-0.0852
95,"There's science, then there's the Koch brothers. At the moment, they have the money. Science and engineering have the potential to stop global warming, and make global access to cheap, safe, energy a reality.<br/><br/>As for Obamacare, some drug companies are exploiting the right wing, media circus, attacking it. They jack up the cost of certain products, and blame it on the policy. People rarely drill down for the truth.",-0.128
96,"we should prioritize seriously colonizing other planets.  as of our current knowledge, earth is the only place in the universe where life exists, and so it is in an extremely precarious position.  if we get hit by an asteroid, or a gigantic volcanism event occurs, it could all be done with in very short order unless we stabilize our position.",-0.1779
97,"@spindizzy:  your argument is jumping a few steps. <br/><br/>First, lets assume we have a closed room with a stock exchange. The players are automatons with very accurate random number generator. In this situation, with a sufficiently large number of players, we would see the ""market"" follow the model.<br/><br/>However, the real world, ""its all a fugazi""! There a many extraneous events not to mention ""crowd mentality"". So the close root model goes out of the window.<br/><br/> But lets give his model the ""falsifiability"" test,  If his model says that on 10/7 DOW would be 6.5K then lets see how much predictive the model is. Lets test his model first to ""falsify"" it! ",-0.1951
98,"Like when the candidates were asked if they believed in evolution or creationism. THAT was revealing, and pathetic!",-0.2003
99,"Wmar - - - Not me. Strongly influenced by my conversations with Feynman, I am",-0.2057
100,I think you better read those graphs again.  It seems you missed that the arctic ice has been at record lows or close to record lows all year.,-0.2263
101,You're trying to say that's causal?  Ridiculous!  I'd point to the famous correlation that a lack of pirates causes global warming...<br/><br/>Here's one reason life expectancy has risen dramatically:  medical advances.  Here's another:  improved sanitation.   ,-0.2481
102,What about risk mitigation strategies?,-0.2732
103,"That's why scientists provide a range of scenarios. Please don't pull out more rhetorical gimmicks here (both 'sides' are extreme, reasonable folks are somewhere in the middle). This isn't Obamacare, and we can't cut a deal with the planet. As James Lovelock once said (among others, I'm sure), 'if humans don't take care of the planet, the planet will take care of humans.'",-0.2828
104,"And, it's ONE person.  Am I missing some national trend that has given rise to the amount of coverage this is getting?",-0.296
105,"Feeling the Heat: Earth in July Was Hottest Month on Record<br/><br/>	The average temperature of the Earth correlates directly to the temperature of the climates across the globe. Even a seemingly miniscule change, like one degree, can send the carefully formed climates into a heated frenzy or an icy freeze.<br/>	The Earth just keeps getting hotter. This rapid increase is due to a combination of man-made climate changes and a near-record El Niño, an increase in temperature of the equatorial Pacific Ocean that affects weather worldwide. The average temperature of the Earth is accelerating at an alarming rate, making this past July the hottest month on record. According to the article, “July’s average temperature was 61.86 degrees Fahrenheit, beating the previous global mark set in 1998 and 2010 by about one-seventh of a degree…”.<br/>	The oceans became record breakingly warm, they were 1.35 degrees warmer than the 20th century average. Climate change is a natural occurrence though it can be shocking how many carefully adapted plant and animals are struggling to survive as the temperature increases.<br/>	Personally, climate change has always worried me which may be an irrational fear. Climate change has occurred since the beginning of time and has resulted in the uniqueness of the creatures on Earth today. Change is healthy and life on Earth will find a way to deal with it.",-0.296
106,"Why can't you post .gov and .edu links to support you effusions here, Adrian? Some kind of conspiracy?",-0.3298
107,"The debate was memorable for what it has unleashed: Trump vs. Women, and for a very important issue that were either avoided or omitted. I refer to climate change and its deniers. ",-0.3415
108,"Read this column and you will know why higher education not gladly funded the way it was in the middle of the last century. The academe has turned inward, writing mush to each other in code. Will the world really invest in scholarship that fusses over banal observations about ""nordo-centrism""? The substitution of vacuous 'correct' observations about “we white male Euro-Christians” for rigorous scholarship focused on real problems may be satisfying to philosophers - and these seem unjustifiably self-satisfied and self-absorbed - but the *real* problems of race, poverty, legacy disadvantages, and public health that *really* plague our country and the world (the southo world and the nordo world both) are not ameliorated by tortured language about ""metanarratives"" or ""deconstructing race"" or the like - I have read this column twice hoping for more and find that the more I understand the thesis the more dissatisfied I am with the time I will never get back (and I have a doctorate in philosophy and am a productive scientist, a real scientist who would have been called a 'scientist' even before the semantic dust-ups in the 80s over calling qualitative researchers and victimhood studies 'scientists'), but I am darn sure I'm now in favor of lowering funding to schools like Syracuse Villanova and Duquesne (the home institutions of these ""philosophers"" in this piece). ",-0.3446
109,You are conflating your dislike of a company with actual science. ,-0.3818
110,"Bruno wrote an op-ed, not a scientific article.  It is appropriate to point out the irrationality of the leading vocal anti-vaxers, who are not scientists.",-0.4019
111,"Thank God for a reader who understands statistical research! Would that David Leonhart did. As for Wilcox, he probably does but was tortured when his exhaustive study produced no stastitically significant results, especially results that supported his preconceptions. What then could he do but avoid the results produced by regression analysis and report raw data that fit his thesis. I have done a bit of such research in my long academic life and all too often it produced results that did not fit preconceptions or that produced statistically insignificant results. If you are serious about your scholarship, you report the former and write off the latter.",-0.4111
112,"Who do you consider the so-called ""deniers""?  In particular, exactly what do you think they are denying?",-0.4137
113,"@Tenney Naumer,<br/><br/>""the near shut down of the thermohaline circulation in the north Atlantic""<br/><br/>Hunh?!? Maybe you should consult a physical oceanographer instead of a climate scientist. The global thermohaline circulation is driven by the wind. To shut it down, you'd have to stop the rotation of the earth, or turn off the wind. If it was shut down in the North Atlantic, or nearly shut down as you claim, it would be affecting the rest of the thermohaline circulation throughout the world, and that is not happening.",-0.4314
114,"Add global warming to the seriously bad ideas that have remarkable staying power.  The hiatus or pause in temperature rise since 1998 while CO2 continues to increase calls GW predictions into question.  So, the proponents re-spin the data to try to erase it.  Economic consequences are not being considered but solutions are bound to drive up energy costs and thus all costs - for questionable benefits.  The impact will fall most heavily on the already suffering middle and lower classes - yet the Very Serious People continue to push the theory.",-0.4385
115,"Blow obviously thinks Wilson is barely human, but he is contradicted by the facts and findings.",-0.4497
116,"Susan:<br/><br/>""the size and politics and expense, which causes the wrong corners to be cut.""<br/><br/>Good description of the IPCC and related processes. ",-0.4767
117,"poor, based on what data? ",-0.4767
118,Flagged as spamming reposts of phony graphs.,-0.4767
119,Duh. It takes research to figure this out? Money trumps everything in the corporate feudal world. Rise up or be trod into the dirt.,-0.4939
120,"Volcanic eruptions can indeed usually (emphasis on usually) be predicted, but not based on clouds. As magma rises in the volcano, it swells the volcano, and that deformation can be measured. It also fractures the rocks, setting of swarms of small earthquakes.<br/>All the volcanoes in the Northwest are in fact constantly monitored by US Geological Survey scientists who could tell if the volcano was coming to life (as they did in the case of Mt. St. Helens). What is difficult to predict is the exact time, the style, and the size of the eruption.<br/>A geologist.",-0.5023
121,"I think a better quote from the Dalai Lama would have been:<br/><br/>""When you think everything is someone else's fault, you will suffer a lot.""",-0.5106
122,"I suggest you look into the science and evidence.  There is nothing skeptical about these ""skeptics"" but they've go you in the inaction corner. The wealthiest industries on earth have funded a mirror infrastructure to persuade you that there's nothing much to worry about.  If your family was in danger, you'd act.  And they are.<br/><br/>Calling those of us who have been trying to communicate for over four decades fanatics is just plain wrong.",-0.5204
123,"Nothing False About Temperature Data<br/><a href=""http://www.factcheck.org/2015/02/nothing-false-about-temperature-data/"" title=""http://www.factcheck.org/2015/02/nothing-false-about-temperature-data/"" target=""_blank"">http://www.factcheck.org/2015/02/nothing-false-about-temperature-data/</a><br/><br/>Climate Denial Food Chain: Conservative Media Run With Baseless Climate Science Conspiracy Theory<br/><a href=""http://mediamatters.org/research/2015/02/10/climate-denial-food-chain-conservative-media-ru/202469"" title=""http://mediamatters.org/research/2015/02/10/climate-denial-food-chain-conservative-media-ru/202469"" target=""_blank"">http://mediamatters.org/research/2015/02/10/climate-denial-food-chain-co...</a><br/><br/>Climate Myth: Climate Scientists 'Fabricated' Temperature Data<br/><a href=""http://www.politifact.com/punditfact/statements/2015/feb/13/dana-perino/fox-news-host-climate-scientists-fabricated-temper/"" title=""http://www.politifact.com/punditfact/statements/2015/feb/13/dana-perino/fox-news-host-climate-scientists-fabricated-temper/"" target=""_blank"">http://www.politifact.com/punditfact/statements/2015/feb/13/dana-perino/...</a>",-0.5267
124,"This article has it all! Sexism, global warming, underdog oppression, with a hint of corporate brutality.",-0.5707
125,"This is an interesting thesis, but there is very little evidence to support it.<br/>It is equally likely that the Democratic Party has to get in bed with the billionaires precisely because, due to apathy or conspiracy, it is denied its intrinsic large majority.",-0.5713
126,"I predict the data will not change the minds of those who have decided they are gluten intolerant/insensitive one whit. Too often it seems a populace under-educated in science comes up with their own theories and uses their own experience and those of their circle (n of maybe 100?) to ""prove"" their theory. I don't intend to apply this observation to those who are truly celiac sufferers, but for the rest, anecdote is not science.  However, enjoy your placebo effect!",-0.6103
127,"Normal variation ring a bell?  How about, what goes up, must come down (like the stock market always seems to do).   <br/><br/>I dig Newton -- but stats are about probability, not certainty.  <br/><br/>Six sigma -- what does that have to do with CC?  Are you saying that the climate is akin to some industrial process?  I think I missed the point.  ",-0.6652
128,"Dr. Stavins asserts that appropriate contribution by Harvard et al. is through research, teaching and outreach. That would work if the climate deniers were acting rationally. However, they reject any data which does not support their point of view. After twenty-five years of conclusive research, the political party which controls both houses of Congress and a large majority of state houses rejects any of the research which indicates climate change is real.",-0.666
129,Unlike natural disasters the climate is under human control. Stop creating carbon dioxide and start destroying it.,-0.6908
130,"When the article speaks of the increase of climate skepticism (really denial) the author advances several possible causes but neglects to mention the influence of fossil fuel money in turning the neutral scientific fact into a ""wedge"" issue for hard core conservatives. ",-0.6956
131,"It seems that the idea of personalized truth, long held by gender a racial studies proponents, has had some strange consequences to which some people take offense.  I think it would be well to be on guard for junk social science.  On TV spokesmen and spokeswomen for the Africana studies or critical racial studies point of view have expressed outrage at what Dolezal has done.  In effect they are saying that she has expropriated what they term victim status that is undeserved and self-serving.  The fact remains, if you check the correct boxes, you can benefit yourself, even if you have no objective claim to any disadvantage.  There is a solution:  eliminate the boxes.",-0.7003
132,"I know Revkin is paid to translate highly technical matters into layman's language.<br/>I know your mission in life is to plant doubt through cherry picking.<br/>I am a layman who puts his trust in highly trained scientists, not the Rush Limbaughs or Kurts or Kips of the world.<br/>You have Verified Commenter status and do several other denialists. You abuse that privilege, using the bullhorn the Times has given you to scream your nonsense over more sensible posters.<br/>This post, as it goes through the world's slowest moderation system, might take hours to be approved. In the meantime you will be able to spew nonsense unfettered by such constraints.",-0.7024
133,"Khal from Los Alamos -- quite right, but the public can't see the difference, and worse, because of the idiotic politicization of this one very large issue, now does not trust science, scientists, politicians, or even the Pope.<br/>We can't do much about viral idiocy, but the only hope we have is that the next generation somehow is educated to have a better grasp of what science really is, and how we might dig our way out of the (several) impending extinctions.<br/>Possibly a job for another Manhattan Project, eh?",-0.7098
134,"We really need to do a better job of educating people about science. I mean, many of these anti-vaccine nuts are apparently upscale, educated people. Unfortunately, contemporary education doesn't usually mean knowing very much about anything except one's area of study.<br/><br/>Every high school student should know the difference between anecdote and experiment, between controlled and uncontrolled studies, They should understand the process of hypotheses formation and testing, the concept of falsifiability, the journey from scientific hunch and controversy to reproducible experiments and acceptance.<br/><br/>Also, every student should know enough basic statistics to understand the statistical analysis in a scientific paper. They should be able to identify the common logical fallacies and look for evidence of fraud.<br/><br/>Finally, they should be presented with some political speeches and web sites, both dishonest and reputable, and asked to identify which is which.",-0.7579
135,"Anyone who gardens seriously knows (or should) that virtually everything we plant has been extensively modified and deliberately bred for certain key characteristics. Considering the dangers of ordinary foods, as per the recent news story that a child died from eating ordinary cinnamon, I find the hysteria over GMOs to be ignorant and hypocritical. The Smithsonian magazine had an excellent article recently on the question of why people have become so anti-science, that even disproven theories (e.g., vaccination causes autism) so easily become thoroughly embedded in people's consciousness.",-0.7638
136,"I suspect the Avalanche, as they reference Colorado rather than Denver in the team name, were erroneously excluded in the mile-high list of failures.",-0.765
137,"JC,<br/><br/>Scientists who created the assumptions relative to the power of C02 to warm a non linear chaotic system were wrong.  As evidenced by the observations of the climate when forced with C02 and when natural variation and drivers are accounted for. <br/><br/>It is a non-issue as we all seem to agree that new ways to power our world will emerge and be useful long before AGW would be a material factor, if it even ever could be a catastrophic issue is well in dispute due to saturation and negative feedbacks. ",-0.7906
138,"NAOMI ORESKES IF OF COURSE RIGHT . . .<br/><br/>...but, the people and companies who call the relationship between the use of fossil fuels and climate warming a hoax or say 'that it's controversial to make more monies as they pay lobbyists to have politicians to lie are just plain evil.",-0.7964
139,"Those same scientists also predicted more numerous and damaging hurricanes and yet, we have had none in 10 years.  They also predicted more floods (we have had fewer), more droughts (fewer), more tornadoes (fewer), etc.  Name one place on Earth with a climate catastrophe caused by man.  You can't, they don't exist.  You live in the same state as I do, is it getting warmer here?  No, we have had the coldest summers and winters in my lifetime.",-0.8387
140,The content of this article needs to be shouted from the rooftops. There are far too many fake or senile scientists denying global climate change. We need to plan for the disasters that will surely come. The doubters are organized by Big Oil. Why does the US government subsidize them? The advertising agencies who were organizers of the campaign to minimize the defense of the tobacco industry and now sowing doubt about global climate change need to be put out of business. ,-0.8591
141,"Greenhouse gases ARE a specific threat.  The only difference with acid rain is that acid rain wrought a very identifiable harm in the short term.  CO2 and other greenhouse cannot be identified for sure as causes of specific environmental disasters, but their thermal properties coupled with inexorably rising atmospheric levels cannot help but cause the earth's temperature to rise, note to mention the oceans becoming more acidic.  No matter, though.  The earth will survive - with or without us.",-0.8689
142,"Whatever the reason Republicans have to oppose climate change legislation, cost and job loss are weak arguments when the planet is at stake. Further, when 95% of scientists and even the CIA affirm that climate change is a security risk, how are they going to face the American electorate further down the road. Their denial is difficult to understand, or am I missing something...",-0.8834
143,"Liz, would you provide us with the studies, stats, etc that you quoted about ""In WA state we have outbreaks of pertussis every year because of ignorant conspiracy theorists who refuse to vaccinate their own children""?  I've never seen that proof and would love to see the studies that prove patient zero was a conspiracy theorist. <br/><br/>Unfortunately, without such proof, you've proven yourself to be the conspiracy theorist and, who knows, maybe your or your child were patient zero, carrying a mutated strand of pertussis that may or may not have been dormant and then passed to the next victim. ",-0.886
144,"Alex Coulter / Susan:<br/><br/>OK, so you both support (somewhat) the Karl study, since you both apparently buy the argument that existing records include a cooling bias in oceanic (Argo?) measurements. I'm not quite sure that you substantiated that claim. Nor that you've been able to remove your own confirmation bias in your musings. <br/><br/>So let's look at the 5-y running mean record for the lower troposphere over LAND (which should be warming FASTER than the oceans, if we are to believe the past five IPCC reports):<br/><br/><a href=""http://www.woodfortrees.org/plot/rss-land/mean:60/plot/rss-land"" title=""http://www.woodfortrees.org/plot/rss-land/mean:60/plot/rss-land"" target=""_blank"">http://www.woodfortrees.org/plot/rss-land/mean:60/plot/rss-land</a><br/><br/>And if you don't like satellites, or don't believe the lower troposphere reading is valid, use the UK Met Office's reanalysis of land temperature sensors:<br/><br/><a href=""http://www.woodfortrees.org/plot/crutem4vgl/mean:60/from:1979/plot/crutem4vgl/from:1979"" title=""http://www.woodfortrees.org/plot/crutem4vgl/mean:60/from:1979/plot/crutem4vgl/from:1979"" target=""_blank"">http://www.woodfortrees.org/plot/crutem4vgl/mean:60/from:1979/plot/crute...</a><br/><br/>Is there ""evil fossil fuel / denialist™ funding"" in RSS &amp; the UK Met Office / U of E. Anglia?<br/><br/>Kurt in Switzerland",-0.9039
145,"We've seen the tactics of the business lobby before. Its always so unbelievable-- after all, they have children and grandchildren too. But their willingness to take the planet out goes on. <br/><br/>Remember CFC Ozone depletion?<br/>DuPont, which made 1/4 of the world's CFCs, spent millions of dollars running full-page newspaper advertisements defending CFCs in 1975, claiming there was no proof that CFCs were harming the ozone layer. The CEO of Pennwalt, the third largest CFC manufacturer in the U.S., talked of ""economic chaos"" if CFC use was to be phased out. CFC industry companies hired the world's largest public relations firm, Hill &amp; Knowlton, who organized a month-long U.S. speaking tour in 1975 for noted British scientist Richard Scorer, a former editor of the International Journal of Air Pollution and author of several books on pollution. Scorer blasted Molina and Rowland, calling them ""doomsayers""Molina's response was, ""The gentleman is good at attacking. But he has never published any scientific papers on the subject."" <br/><br/>Same song, next verse. ",-0.9042
146,"I cannot imagine why the following hasn't received more coverage.  On July 23, the US Department of Defense sent a report to the Senate Appropriations Committee on the security impacts of climate change. From the description:<br/><br/>""The report reinforces the fact that global climate change will have wide-ranging implications for U.S. national security interests over the foreseeable future because it will aggravate existing problems such as poverty, social tensions, environmental degradation, ineffectual leadership, and weak political institutions that threaten domestic stability in a number of countries.""<br/><br/>The first sentence of the conclusion goes on to state that climate change is a ""present security risk"". Got that? A PRESENT security risk. <br/><br/>And remember...Mother Nature gets the final say.",-0.9136
147,"Unfortunately its all mixed up in the crazy world of ""Climate Change"". Scientists, who's work is only believed by minorities, have become political activists, picturing themselves as harbingers of disaster and heroes, and 24/7 news agents have become wizened to the fact that imagined global disaster can make big money. It's a sick world, and the US president has now put himself at the head of it.",-0.9186
148,"Whereas climate denial consists of a large number of internally inconsistent hypotheses which in any other field would be considered to be fighting amongst themselves. You can simultaneously find people posting ""Nobody is suggesting the climate isn't warming, we are skeptical that is caused by humans"" and ""There is really no warming, it is an artifact of Urban Heat Islands"". Not to mention ""It is all a conspiracy by climatologists to fabricate the data"". In any objective analysis, there is no real alternative to AGW theory, rather a collection of fringe hypotheses with no support which conflict with each other rather than form any coherent alternative.",-0.9309
149,"Why did/do we need to conduct studies such as the one cited here? Anyone who has endured, and survived, a war in a zone of conflict will not only know what is stated here, but will have been able to observe more and more lasting ill effects as the years roll on. You *never* get over the effects of having been hungry over a long period. Instead of worrying about the implications for yuppie US dieters, perhaps think of the effects on all the children of war, who live with these consequences for their whole lives.",-0.9384
150,"""Why don't you liberals outlaw super violent movies and video games""<br/><br/>...because it's been scientifically proven that they have no affect on violent crime rates. That's unlike gun violence, which is directly correlated with gun ownership both at the state and international level.<br/><br/>Too complicated for you Karl?",-0.9552
151,"Down in the comments stream below, good old Adrian is screeching about how NASA is hiding the data from OCO-2, the latest satellite in the Total Carbon Network of sites and sensors.<br/><br/>Apparently NASA is terrified, just terrified, of ""revealing,"" (and there's a word to watch for, since it's always followed by stupidity at best), that OCO-2 proves that all the CO2's being generated by trees and rain forests. <br/><br/>Now of course NASA says that the satellite's there to study the places on earth where carbon gets captured and stored, but wotthell on that minor technicL detail.<br/><br/>What's truly funny is this:<br/><br/><a href=""http://disc.sci.gsfc.nasa.gov/OCO-2/data-holdings/oco-2-v7"" title=""http://disc.sci.gsfc.nasa.gov/OCO-2/data-holdings/oco-2-v7"" target=""_blank"">http://disc.sci.gsfc.nasa.gov/OCO-2/data-holdings/oco-2-v7</a><br/><br/>Some hiding. REALLY hard to find; I hadda google the words ""OCO-2 data,"" and EVERYTHING. <br/><br/>By the way, OCO-1 suffered a launch failure, and the OCO-2 data's offline today for planned computer maintenance. Communist conspiracy, I expect.",-0.958
152,"it is not ""much ado about nothing"" when people receive death threats to their families.<br/><br/><a href=""http://www.popsci.com/science/article/2012-06/battle-over-climate-change"" title=""http://www.popsci.com/science/article/2012-06/battle-over-climate-change"" target=""_blank"">http://www.popsci.com/science/article/2012-06/battle-over-climate-change</a><br/><br/>""Scientists who speak up quickly become targets. Both Milloy and his counterpart Marc Morano, who runs the site <a href=""http://ClimateDepot.com"" title=""ClimateDepot.com"" target=""_blank"">ClimateDepot.com</a> and once declared that climate scientists ""deserve to be publicly flogged,"" occasionally publish the e-mail addresses of climate researchers, a stunt that can result in scientists receiving a flood of vitriolic messages. A few weeks before our meeting, Milloy had offered a $500 bounty for a video of anyone who would heckle Mann with ""an alarmism-debunking"" question during the California leg of his book tour. ... as with the white powder in Mann's letter (which the FBI determined to be cornstarch), the threat made an impact.""<br/><br/><a href=""http://www.bloomberg.com/news/articles/2012-09-10/climate-scientists-face-organized-harassment-in-u-s-"" title=""http://www.bloomberg.com/news/articles/2012-09-10/climate-scientists-face-organized-harassment-in-u-s-"" target=""_blank"">http://www.bloomberg.com/news/articles/2012-09-10/climate-scientists-fac...</a><br/>""""The harassment has an intimidating effect—especially on young scientists,"" said Stefan Rahmstorf, head of earth system analysis at the Potsdam Institute for Climate Impact Research in Germany. Rahmstorf said that watching colleagues be harassed often deters them from speaking to media or the public about their research, which skews the debate.""<br/><br/>I don't need or want defense; Robert in Minnesota obviously takes all this personally. Reality is what matters.  He is welcome to believe what he chooses. If attacks are idiotic, that's helpful.",-0.9683
153,"The ""Science by Press Conference '  Andy reports  recapitulates every element of a program of media hype we witnessed in  1983 , when , even before peer review began  ""nuclear winter"" coauthors ,Paul Ehrlich and Carl Sagan gave a K Street PR firm $100,000  for pre-publication publicity  for their scary scenario.<br/><br/>They launched  it  with a barrage of apocalyptic artists conceptions and   talk of ""the extinction of homo sapiens "" in a special issue of the nation's largest circulation weekly, Parade Magazine, where the peer review process amounted to nothing more that the Editor talking to the authoe, possibly while shaving-- Sagan was both.<br/><br/>Many applauded their effort to scare the world into disarmament, but as  Andy may recall, I told climatolgist Steve Shneider at the time that I viewed raw propaganda exercise as a threat to the credibility of climate modeling on the eve of global warming debate.<br/><br/>What Councli for a liveable World president George Rathjens called "" the worst example of the misrepresentation  of science to the public in my memory"" ought to  have warned the world about the hazards  of subordinating science to advertiing. <br/><br/>Instead, its perverse  polemic success  made it a role model for publicists on both side of K- Street and Madison Avenue, witness today's efforts to frame science to fit existing policy agendas:  today no one  reads ,and few remember how , having known Sin at Hiroshima, science ran into advertising a generation later.",-0.9737
