,comments,scores
0,"Tortilla is nothing but  Indians chapati or Roti . Various parts of India and the world use variations of floor and blends. Prepare well kneaded dough then it round about 2mm thin,  roast on a metal pan, turning it once and then roasted over open flame for a couple of minute till it puffs up into a soft balloon. A tea spoon of clarified butter applied, hand torn into a piece and eaten with various vegetables, dalls  etc.  My could whip up a dozen or two in  30 minutes or less and serve 5 to 7 off us  seating around  on the floor in the kitchen. It was  just a simple ritual for twice a day meal,   Now a days  simple handy implements and machines that roll/ press and cook are often used.<br/>As for Mexican style tortillas I usually buy by the dozen  in a air tight vac packages , good for 30 days ( sell by date)  at $2.00. Usually I heat  a stack in a counter top oven turning the stack once and or sometimes one at a time when they puff up like a balloon. The secret is to keep the stack wrapped and not allowed to dry out.<br/>My favorite tortilla preparation is shredded cheese layered on  fresh sliced mushroom layered on a the tortilla. Over the cheese  add some  diced onions, capers, chopped sweet basil leaves, or dried  herbs of provance, plus some sprinkled olive oil and few small whole or sliced olives , touch of  salt / ground black pepper or even  diced Jalapeno peppers. Cooks a high heat for 5 to 6 minutes till cheese melts. Slice the pie into 8 pieces. Best served with beer/ wine",0.9855
1,"At this very moment I am sitting in the Hotel Du Nord in the Old City section of Besancon drinking the unusual Cotes Du Jura Rouge Trousseau wine with my two friends. We flew with our bicycles from Chicago to Paris on May 27 and eventually took the train to Orleans. We have been cycling beginning June 1 from Orleans on the Velo 6 bike trail system and have found Besancon to be just as wonderful as you have described. Since two of us are vegetarians we were even able to find a sweet little restaurant down the street called Le Bersot de l'Orient with fine couscous and tagine  either with or without meat.  The owners are Moroccan and Algerian and gracious Beautiful natural and man-made landmarks, unusual wines, and many food choices have made Besancon (and Dole) a memorable and compelling highlight of our trip.",0.9747
2,"The must absurd part of this exercise is the belief that there is enough actual discriminating power to make a ranked list where #1 is really better than #2, #2 is really better than #10, and #10 is really better than #40.  Perhaps you could vote for an unranked Top 10, followed by the next Top 20 or something like that.  Presuming that one can compare New Nordic to molecular gastronomy to traditional Japanese cuisine on an apples to apples basis is even crazier than breathlessly following the latest US News list of Top Universities each year. <br/><br/>People love to rank things even when there is no statistical significance.  Let's just see this as a fanciful exercise with no precision.  <br/><br/>PS.  I did eat at Noma last year, and it was definitely the best meal I've ever had.  Sadly with my current budget, I might make it through the Top 100 in, oh, about 100 years.  ",0.9725
3,"Perfect weeknight recipe--minimal prep and cooks largely unattended. I was looking for something healthy and easy, and expected to like it OK. But the flavors were surprisingly complex and it really won me over. Really nice with a cucumber/yogurt salad on the side.",0.9652
4,"Oh my, that chicken is the most excellent chicken I have ever made. The wonderful crackling skin, the lemony salt and pepper rub, the hint of complexity the feta brine added! All amazing. I told my wife I believed I was going to have to leave her so I could marry you. After a single bite, she told me we needn't divorce because we could BOTH marry you! Thank you for this delicious recipe.",0.9626
5,"Well, it DOES taste like fresh corn.  But fresh corn does way better unfrozen and unaccompanied by all that cream, etc.  This is an ""interesting"" dish -- but not a staple.  Note that the ice cream seems to freeze harder than most others, so allow some thaw time before scooping.  Also note that the blackberry sauce recipe yields a pretty soupy product.  Consider some cornstarch to thicken.",0.9589
6,"Yesterday, I ate at a non-chain restaurant and was dismayed, once again, to see an area on the menu labeled ""Kids Corner"" - predictably, it listed chicken nuggets, pasta with butter, and a burger, all available with fries and nothing else. <br/><br/>Other cultures do not share our notions of special ""kids' food."" Children eat what the family eats. Also, a lot of the food we think children need, or will demand, didn't even exist several generations ago (chicken nuggets, bright yellow mac-n-cheese out of a box, yogurt in a tube, etc) or were special occasion foods found almost exclusively in restaurants (French fries). <br/><br/>The article recommends not turning meal time into a battle, and I can't argue with that. But I also think the best place to start is a family meal composed of real food and real food only. The child can choose which items to eat and can choose not to eat, but he or she will eat what the family eats. Of course, in a family with small children certain accommodations will be made - very spicy food, unusual foods like raw seafood, or food someone has a particular aversion to can be skipped, or offered alongside plainer dishes children will find more enjoyable.  <br/><br/>This may not work for children with psychological disorders, but it will go a long way with children who are merely picky or sensitive. We're truly not doing our children any big favors by constantly feeding them a limited range of mostly empty calories made from overly processed ingredients. ",0.9578
7,"My son (who is now 15 and eats most things without complaint) was a very picky eater as a toddler and young child, but had no other behavioral issues and was incredibly eager to please and follow rules. It was very clear that he felt guilty and uncomfortable about the inconvenience and distress that his eating choices caused but when he tried to eat the foods he did not like he would get super stressed and eventually gag and throw up. There was some kind of anxiety at play but since it was only focused on food we opted to let it be and he eventually expanded his palate as his activity level rose such that it was difficult to get the calories and feeling of fullness that he desired without eating more kinds of foods. We had family that suggested that we seek mental health help, but he was such an easy happy kid otherwise that I was worried about messing that up. Would love to know if there was a better way.",0.9522
8,"Turned out really well!! I used a cast-iron skillet, thought that it would overflow but luckily didn't. I used half strawberries, half rhubarb, cut down a bit on all the sugar used, and cut down on the butter for the caramel top...still turned out sweet and excellent. Very pleased with the cake's consistency and the juiciness of the fruit. Serving with vanilla ice cream a MUST for the density of the cake. YUM!",0.9521
9,"thank you and the two replies that follow so far,  for your kudos to CA. It is amazing how many people from other states rub their hands together in glee over our problems. Why would any patriotic American wish ill on a supplier of wonderful fresh produce, the 9th largest economy in the world, and a net donor to the federal government? ",0.9517
10,"Very easy to make -- dijon, shallots, wine and chicken -- nice gentle taste combo.  Take care not to over-bread the chicken, though.<br/><br/>Adding preserved lemon (see Patti's note below) sounds like a terrific idea.",0.9493
11,"I do not see the problem.  Japan has always protected rice and everyone should respect that.  Rice is their lifeblood and with a limited amount of land they cannot afford to have any riceland lost to foreign competition.  A full compliment of riceland is their national asset for survival if they ever have an embargo on rice for some unforeseen circumstance.<br/><br/>As for the other countries that have their sticking point based on a national interest, I would accept it.  Surprisingly, we may get our sticking points also.",0.9473
12,"Great, now just deliver our order a couple days later and you can treat your employees better. <br/><br/>We'll be fine with it, trust me. <br/><br/>You can have your cake and we'll be able to eat it without getting nauseated by articles like this.",0.946
13,"This is one of our most favorite recipes for meatballs. The tomato sauce is delicious but can run short if you want to really soak the meatballs in it so we usually make extra, as much as double. If you want more heat add more pepper flakes, although we like it the ways it is! Superb!",0.9421
14,"Double the onions! In my house there are never enough. If, however you have leftover onions they are amazing in an omelet for breakfast (or anytime). This became an immediate family favorite. I serve it with tahini sauce on the side instead of the white sauce. It's also great at room temp if you want it for a pot luck or company. Just make alot!",0.9411
15,"Having lived in the Colorado foothills for years with many bears, and having several encounters with them,  here's my suggestion about how to think of them.  Basically they are food motivated.  Best not to carry food into bear territory, especially anything smelly.  Their natural food is sparse and hard to get.  So, human food is very appealing.  And by the way,  the woods is really theirs, not yours.  It's where they make their home.  Be respectful that they permit you to enjoy yourself there.  ",0.9382
16,First time I made this and it came out great!  I went with some of the other comments here and used less brown sugar (I also only had dark brown sugar in the pantry).  I also used cherries and chopped figs.  The granola came out wonderfully!  The salt cuts through the sweetness well.  Next time I may try less sugar and a touch less syrup.  Highly recommend if you're looking for a snack to keep around the house.,0.935
17,"I'm in my 50s, thin, and eat lots of vegetables.  When I was young, my parents served healthy food, but I still had a huge sweet tooth.  I would have loved to have ordered chocolate chip pancakes with chocolate milk when I was a kid.  However, that meal would have been served on a regular sized plate and the glass of milk would have been a small size.  Today, pancakes come on a serving platter and kids can get refills of drinks.  I can't even imagine the calorie difference between the two meals.",0.9343
18,"I'm gradually figuring out other uses this delicious condiment.  So far its a winner mixed with the meat for a burger, makes a simple potato frittata special and jazzed up beer cheese soup.    I think I could put it in bread dough too.  It would make very special hamburger rolls.",0.9305
19,"Here is a healthy alternative to sugary sodas. This drink was the key to getting over my decades-long habit of drinking sodas.<br/><br/> Briefly microwave (30 to 40 sec.) a couple of spoonfuls of frozen blueberries, and one or two frozen cherries, or  strawberries.<br/>Then squish the fruit with a spoon to release the flavorful juice.<br/>Let cool a bit. <br/><br/>Then pour this juice and fruit pulp into a chilled glass.<br/>Add your choice of frozen and/or fresh fruit, plus ice water. <br/><br/>After you drink the beverage, eat the fruit with a spoon. This feels a bit like a bear foraging for goodies. <br/><br/>I like to put this drink in the freezer for 10 or 20 min., to get a thin layer of ice on top, while I prepare the rest of my meal.<br/>If you do this, it is important to use a glass that is tapered wider towards the top. This way, if you leave the drink in the freezer too long, the thicker expanding ice layer will move upward and will not break the glass. <br/><br/>Also, when I just want a quick drink, the clink of ice cubes makes a glass of plain, chilled water very appealing.<br/>I also drink coffee or tea, with stevia sweetener. ",0.93
20,We love this chowder. I don't use the bacon or salt pork so it's got a different taste but delicious nonetheless. I generally have access to littlenecks so use those along with light cream - delicious.,0.9287
21,"Best. Summer. Salad. Period. Make sure to use well chilled watermelon straight from the fridge. Also, I used white balsamic vinegar (condimento bianco) which worked wonderfully.",0.9246
22,Excellent and well worth the not-too-much effort. Really impressed my guests and hubby. Yum. I did use my fingers to pull the cavity bigger than a wooden spoon handle wiggling would do so there was more room for stuffing. I will definitely make this again and again.,0.9152
23,"I think by ""stuck"" you mean that we don't change the relative position of the plates, rather than that are actually glued together.  (For example, if one can glue the top two plates together once the position is chosen then one can slide the top plate almost completely off the second plate and glue them together there -- it won't topple once the glue is dry assuming that like tongue depressors the plates are flat bottomed and have a center of mass in the center.)<br/><br/>Without the glue, the shifts are pretty easy.  The first shift is 1/2 a plate length.  The next is 1/4.  The next is 1/6.  The next is 1/8, etc.  This way the edge of the nth plate is directly under the center of mass of the previous n-1 plates.<br/><br/>As n goes to infinity so does the sum of the shifts, so yes, one can get the top plate arbitrarily far horizontally from the bottom plate.",0.9151
24,"This was easy, healthy, delicious and fun. I found Halloumi at our local Wegman's.",0.9118
25,This looks like a lovely dish.   I love the idea PDF making the broth as well. ,0.9118
26,This looks like a lovely dish.   I love the idea PDF making the broth as well. ,0.9118
27,"I'm going to have to try this place! Thanks for sharing. I have a deep seated aversion to Eggslut, lines snaking around the corner for eggs on toast? No thanks.<br/><br/>You're right about LA and Chinese food, of course. The knife cut noodles, or Yunnanese food are out of this world. But it's great that, at least for now, this piece of real LA heritage is still going strong.  ",0.903
28,"Andy, procuring, albeit rarely, your beef and pork at a higher price through your local shop does not change the fact the animals who provided the juicy fillet mignon you washed down with a fine cab or the crispy bacon with two eggs over easy were slaughtered just like the animals that feed the teeming masses.<br/><br/>Does it ease your conscious to think that the unsuspecting calf that nudged the butcher just before the carotids were sliced was treated humanely....until the bloody end of life? Do you think the squeal of Porky as the execution was carried out was a note of gratitude for all of the niceties extended during its short life?<br/><br/>Where your food comes from is irrelevant to the food. That it comes at all, now that is a different matter.",0.9013
29,What is so very great about her site is that she offers recipes for a huge array of foods that really are made from scratch and offers recipes for many things even Koreans would buy ready-made. This is a huge bonus for the many subscribers who are in parts of the world where a Korean grocery is nowhere to be found and one must make everything one wants to eat oneself.<br/>I have never made anything from this site that wasn't excellent. The recipes are foolproof and that is all one ever wants from a recipe collection.<br/>If her site were to suddenly disappear from the internet I would go hungry!,0.8949
30,"""And as everyone should know by now, a well-made pie, a beautifully frosted cake and perfectly crisped fried food are treats, occasional indulgences. Let’s make them as well as we can, rather than take short cuts using phony ingredients that don’t taste good and are unhealthy.""<br/>Thank you Mark.<br/>And walk more and eat less. Let's not over think simple choices.",0.8934
31,"This is a phenomenal recipe, very simple and delicious, as savory as it was sweet.  Three people devoured the entire thing for Sunday breakfast. But we were stupid-we didn't watch the video that said DON'T defrost frozen fruit beforehand, as it would thin the batter too much.  But before mixing everything, we let our berry mix drain for about an hour, getting rid of almost all of the excess liquid.  and we pushed the temperature to 380 for the last 15 minutes for more browning. Worked perfectly.",0.8928
32,I thought this was great. Baked it in an 8x8 pan and used rosemary and thyme from my yard. House smells amazing. I used half grilled corn and half basmati rice; I had some of each in the freezer. Served as a  main course accompanied by roasted yam cubes. Definitely would make it again.,0.891
33,"This was delicious, easy to make, and well received.  I served it with lettuce leaves, which added a bright crunch.",0.891
34,"Charles,<br/><br/>You have to be kidding. I would love to see Bernie in the White House, although I fear he would get eaten alive in many ways just like Obama was. <br/><br/>But EVERY Repub is a right-wing religious nut, otherwise they don't make the cut. Some are just nuttier than others. <br/><br/>PLEASE don't hand over the Supreme Court to the this country's right wing. Please. ",0.8906
35,This recipe is really REALLY delicious!  We've done the wings on the BBQ and under the grill and they came out perfectly.,0.8884
36,"Made this today for lunch.  It is delicious and satisfying.  Instead of mixing the goat cheese with herbs, I layered basil leaves (it's what I had) over the goat cheese and then layered the roasted red pepper.  Divine.",0.8834
37,"Super easy to prepare; a bit awkward to stir in the onion while the breasts are in there. Otherwise, delicious!",0.8805
38,Great Sunday supper. I marinated everything in a two gallon ziplock making turning very easy. I served with jasmine rice &amp; scallions and made a pan sauce with all the remaining juices. Good stuff.,0.8805
39,"You did well to find one type of sugar-free bread.  We lived in Chicago from 1995 to 1999; yearly visits ended in 2012. What began as a wonderful choice of Whole Foods artisan breads diminished to zero as we couldn't find a single loaf that wasn't sweetened.  ""Healthy"" cereal became inedible as the sugar level or substitutes were increased while their crackers all became sweetened.  Dinner at restaurants acquired sweet sauces; salads contained fruit.  Conversely, chocolate and dessert foods began to include salt.  Cookies and ice-cream increased in salt.<br/>We can no longer visit the USA without expecting to prepare our own food from scratch for almost every meal.",0.8689
40,"This is not a case of Whole Foods recognizing reality. I followed the public hearings back in the 1990s when organic standards were being developed. A long-time Whole Foods employee (now VP of Global Communications and Quality Standards) sat on the committee. Whole Foods played a key role in formulating the National Standards and was the only retail representative on the board. I believe it was in WF's best interest to loosen the standards so that they could ""grow"" the organic market and also label their 365 line as organic. Ultimately, I believe the corporation has long benefited from the watered down organic certification we have today. ",0.8625
41,"""Can You Make an Awesome Burger at Home? Yes, You Can""<br/>August 5, 2015<br/>Sam Sifton<br/><a href=""http://www.nytimes.com/2015/08/07/fashion/mens-style/can-you-make-an-awesome-burger-at-home-yes-you-can.html?ref=dining&amp;_r=0"" title=""http://www.nytimes.com/2015/08/07/fashion/mens-style/can-you-make-an-awesome-burger-at-home-yes-you-can.html?ref=dining&amp;_r=0"" target=""_blank"">http://www.nytimes.com/2015/08/07/fashion/mens-style/can-you-make-an-awe...</a><br/>It is currently 1 A.M. right now, and I have decided to click on the food category to get rid of all these crazy midnight cravings. As expected, I was not let down. This certain article caught my attention because of its high definition picture of two small, aesthetically pleasing burgers. Just by looking at the thick patty, drooping cheese, juicy onions, fresh greens, and glazed buns made me drool. To further explain the quality of this burger, I would have compared it to the animated Krabby Patty which we ALL once drooled over. Not only did the picture catch my attention, but the title stated that I could make these kind of burgers at home, and I thought to myself, ""hey, why not!""<br/>In the midst of gaping at the burgers, I also noticed how reserved we are to public outings. We spend so much of our time outside, buying ourselves these fatty meals that we forget that these kind of meals are accessible at home at a much cheaper price. I personally remember a time when my dad made our family a homemade burger stuffed with a thick patty, onions, and much more delicious goods and they were no match to any six dollar menu. Instead of simply throwing cash at valueless restaurants, maybe we can all start moving the dinner table back home. ",0.8559
42,"In my experience the furniture one sees in some Paris apartments belongs to a few family generations with their stamp on it, and to be admired but never used.  The American plywood table top, on a $70 dollar stand from Walmart, looks wonderful covered in a sumptuous cloth, and can be folded when being used for a picnic near the Brooklyn Bridge Park. ",0.8555
43,I made this for a dinner party to impress a new person in our circle. It was delicious. I served it with gnocchi.  I will make it again and again.,0.8519
44,We used very fresh smallish green beans (not what I think of as haricots verts) and corn from the farmers market.  It was excellent.  Probably OK with canned corn.,0.8491
45,"Forgotten how good that classic recipe is!  Added 1 tablespoon of Herbs de Provence to recipe and simmered it for 2 hours  partially covered to intensify the flavor. Nice side dish with grilled meat. Tastes great re-heated after being stored, frozen for a while.",0.8478
46,Yes.  Thank you!  <br/><br/>A mix of unequally sized triangles and quadrilaterals might be a more interesting challenge.,0.8427
47,"Thank you NYT for teasing me again with this wonderful ethnic food while I despair on the ""left coast"" with only excellent Mexican food to keep me going. If I was anywhere near this place I would drive there right now.",0.8391
48,"Thank you NYT for teasing me again with this wonderful ethnic food while I despair on the ""left coast"" with only excellent Mexican food to keep me going. If I was anywhere near this place I would drive there right now.",0.8391
49,"This sandwich was delicious!  It is also beautiful on a platter. I made it for a group of people, and one woman said it took her back to sandwiches she had eaten in her younger years in the south of France.",0.8356
50,"anna - if you're couponing to eat canned vege's instead of fresh, that's just frugality and that's a win from a cost standpoint (not that much is lost in canning).<br/><br/>On the other hand, if you're buying frozen dinners with coupons, then you're first choosing one of the most expensive ways to eat, then mollifying yourself with the coupons.  Much better to buy some chicken pieces, dredge it in flour and fry it, instead of buying Swanson's fried chicken with a coupon.  Or pick up some reduced-for-quick-sale round steak, cut it up right away to stretch that out with potatoes and vegetables to make the stews just about all our ancestors made to get a big family fed on only about 1 lb. beef.<br/><br/>And if there's time for a lot of assembling coupons, there's time for cooking from scratch. ",0.8316
51,"really good, but prep time is significant: pitted cherries w a chopstick, picked the leaves off the mint and a BIG bunch of parsley that barely yielded the requisite 1.25 cups... i guess if you get in the zone + listen to music you don't see the time pass. anybody else think it needed maybe one other note? spring onions? but again, very nice dish.",0.8315
52,"I loved this: a great way to serve fresh rhubarb and strawberries in season. Not too sweet. Not dense at all. Cake was very light but topping did stay on top.  Also, very attractive. And my husband, who says he doesn't like desserts, devoured it.",0.8287
53,Delicious! Followed the recipe and cooked in oven. Watch the timing--a 1.5 lb. snapper baked on the 5min. or so/side. The tomato mixture really makes this fish (and a side of couscous with the tomato liquid) delicious.,0.8268
54,I just checked out her website.  She's soooo adorable!  Behind her youthful enthusiasm is a frighteningly accomplished cook.,0.8172
55,"This is a good overview of a fascinating topic. Most of the IPOB wines I have tried (quite a few) have been good to otherworldly.<br/>But any dogma about alcohol levels is a bit much: What matters most is whether the wine tastes ""hot."" I've had some ""big boys"" that were beautifully balanced; just have to be careful about how much one drinks at a time.<br/>I haven't perused all the comments, so I'm not sure if I'm the first to mention a major ""hole"" in this story: It should have mentioned the 2011 incident in which Rajat Parr tasted a 15.2% pinot noir and liked it enough to offer to buy it. It was a ruse by winemaker Adam Lee, who switched labels on two wines -- but it points out the perils of drawing strict lines and having stern litmus tests.<br/>Mostly, it's heartening that there are now so many well-made California wines for any and all palates.",0.7985
56,These were fabulous. We've made coconut macaroons for years and these were a wonderful change.,0.7964
57,Here's my mother's old New England recipe: cut the kernels off the extra cooked corn fresh from the farm. Have some cooked shell or horticultural (Cranberry?) beans on hand. Saute together in butter and salt to taste. Delicious.,0.7964
58,Really delicious and mostly hands off. Highly recommend. Don't skimp on the lime juice!,0.7951
59,"You need a fridge certified with the 4-star thingy freezer. A lot of people I know have small fridges with inner freezer compartments (the norm, in Paris), which only keep store-bought ice cream half-melted if they stay there for more than 12 hours. Others with the separate top door do only marginally better. I still have my year 2000 GE side-by-side, which will freeze anything you put in it within an hour, and will actually harden ice cream bought from the store. If you buy a lot of frozen food, and/or need to freeze items safely, side-by-side with a 4 -star freezer is the way to go. ",0.791
60,Easy and tasty. What more can I say. Another great recipe from Nigella Lawson.,0.7906
61,"Refreshing &amp; summery. Make sure you get bright red ruby grapefruit juice, and maybe use a full ounce of simple syrup - the citrus can make it quite sour (though that's what I loved).<br/><br/>It would also be nice as a spritz, poured over half a glass of seltzer water.",0.7906
62,Made this in a smaller version tonight since I only had a small container (3.5 oz) of Shiitakes. Reduced most ingredients associated with the Shiitakes to 25%. Turned out great. Highly recommend,0.7841
63,Fresh mint is essential to this flavorful salad. I used both green and yellow zucchini and since I only had 1/2 lemon;  I needed to use 1/2 of a lime. It was a colorful and refreshing salad that would be nice enough to serve at a party.,0.7783
64,I weighed 120 lbs. when I graduated from college because I was still living at home and my very wonderful mother was a terrible cook. The best way to stay thin is to avoid restaurants and close relationships with good cooks.,0.7778
65,"Wow! Crisco can remove grease or oil based paint? Didn't know that. Thanks for the tip. I now have a new way to clean my hands after painting without those harsh chemicals, and a use at last for something that's been sitting unused on my kitchen shelf.",0.7777
66,"Marcella Hazan has a wonderful recipe for Baked Bluefish with Potatoes, Genoese Style in Essentials of Classic Italian Cooking that is well worth a look.",0.7717
67,"I am making this a second time today with fresh zucchini from the garden.  I didn't make my own sauce, but it was delicious.  My family gobbled it up.",0.7717
68,I agree - Crisco makes the best pie crusts.  ,0.7717
69,"We just finished our run of blues here in Virginia. My favorite way to prepare them is to smoke them, grind them up in a food processor, and used in a smoked fish dip.  If eating them, the key as stated by others, is to eat them fresh. This recipe looks great and I'll have to try it. One thing I would recommended is to remove the skin and cut out the ""blood line"". This is a thin strip of meat next to the skin and is typically not great eat.  I noticed this was not done in the video, but just my preference.  ",0.765
70,These are delicious and easy.,0.765
71,I know right? What's on his playlist this summer? What is Bernie's favourite ice cream. What best sellers is he reading? What is his favourite golf course?<br/>Inquiring Minds Need To Know!,0.7545
72,"My wife and I loved this dish. I will absolutely make this again. Used cherry tomatoes, scallions and mint we grew. Found a mix of farfalle and orrichette in the pantry. I, of course, forgot to halve the tomatoes so they did not exactly work as described. I also cut the butter down a bit and used pecorino instead of pancetta. I think basil is better choice than mint, too. But all my mistakes aside it was still one of the best summer dishes I have made.",0.7506
73,"Don't forget admonitions against shellfish and pork!<br/><br/>But polygamy is fine, thank God.",0.7475
74,Really good and easy. I used Thai basil from the garden. I will make it again.,0.7474
75,"Raj, do you ever go to these sublime places and just have a drink and maybe a dessert with your dining companions who can sample at will?  How does it work so that you are not missing out on great joints?",0.7467
76,"We ""cherry pick"" parts to fit our narrative.<br/><br/>Read: *They* ""cherry-pick"" parts to fit *their* narrative. What *we* narrate is the truth.",0.743
77,This is fabulous and easy to make. I served it without chicken as a first course. I simplified the prep BT microwaving the asparagus spears. We will serve this for company next week with a Southern BBQ.,0.743
78,"Speaking of cherries...which gives me an excuse to quote one of my favorite lines of poetry, from Marianne Moore's poem entitled Nevertheless. I had been thinking about it these days, in cherry season. These are the closing lines of the poem:<br/><br/>            What is there<br/>like fortitude!  What sap<br/>     went through that little thread<br/>     to make the cherry red!",0.717
79,"I spent 32 days in the Jura/Franche-Compte during a home exchange in 1998.  Our home base was a small town of approx. 15000 named  St. Vit, FR.  The summer was hot and muggy but we travelled from Salin-les-Bain (spa), to Loray, FR, for morilles mushrooms, to Pontarlier, FR, for a sausage and cheese festivals, to Lac de Neuchatel, Swz., for chocolate and boating, to the Route du Vin for white wines and the Vosges Mountains.  Unforgettable trip.  Highly recommended for new experiences.",0.7086
80,Not a dance step.  I'm thinking some mixologist somewhere should create a cocktail named the jiggery-pokery.  It of course would need to include apple jack as a sub for applesauce.  Perhaps some bitters combined with a bit of sugar.  Bourbon as a salute to Kentucky's successful state-based health insurance exchange.  Think of the possibilities!,0.6996
81,"As with many others, I have made this for more than 30 years.  Last fall there were no Italian purple plums in the NY and MA markets where I shop, so suggestions for alternate fruits would be helpful. For B. Wheeler, the recipe calls for 12 plums (24 halves), which it always takes.  Great recipe.",0.6908
82,"so in the end it is perfect sanitation and air but not spices that make the difference.<br/>Indians, like me, who live in the US and eat spicy food don't live any longer either. ",0.6808
83,How can I make this bread with no mechanical stuff? I used to love to knead bread and would like to do it again.,0.6705
84,"These are best made by microwave:  a layer of cucumber slices, covered with the spices, sugar and vinegar.  Heat on high for 3 minutes - stir - repeat twice.  Jar.  Will keep practically forever.<br/><br/>Best alternative - bread and butter jalapenos.  Slice jalapenos as for cumcumbers, proceed as shown.  Cowboy Candy!",0.6696
85,"I think it's been years since I had a carbonated soft drink and since I had fast food from BK, McDonalds, Wendy's, etc. <br/><br/>There's a lot of justifiable anger.  But one easy thing a person can do is just not buy those things.  Buy fresh fruit, vegetables, a little meat, whole grains, and exercise a bit now and then.  And don't fret about people calling you too skinny.  You're not, everyone else is just fat. ",0.6652
86,"Fun puzzle, not a lot of crunch, but smooth and tasty.<br/><br/>Lest anyone think that the clue about ""green rooms"" containing SOFAS is one of those arbitrary ""green paint"" clues, keep in mind that the performers' backstage lounge in a theater is traditionally called the green room regardless of its color scheme. Most green rooms contain SOFAS, but the green room at the Carolina Theatre where we perform our G&amp;S productions does not. It has tables and chairs like a small lunch room instead.<br/><br/>Here is Mozart's Don Giovanni (i.e., Don Juan) doing a turn as SERENADER tempting his next intended conquest to come to the window (etc., etc.).<br/>""Deh vieni alla finestra""<br/>Sung by Dietrich Fischer-Dieskau<br/><a href=""https://youtu.be/0P9N758jM2Q"" title=""https://youtu.be/0P9N758jM2Q"" target=""_blank"">https://youtu.be/0P9N758jM2Q</a>",0.6597
87,"This is good, less gloppy than some other recipes I've tried. I used the only Chinese noodles in the store -- they're dry and like angel hair. Next time I'll use a pound of regular spaghetti. Also added cucumber and scallion.",0.6597
88,Use firm grains of contrasting color.  I used brown rice and quinoa and it had a less-than-optimal texture.  The tomato dressing is quite nice.  I doubled the fresh herbs.,0.659
89,This is great! Tasty topping for an arugula–cuke–avocado –toasted walnut salad on a hot evening.,0.6588
90,"Great and fast! I halted the recipe for 2 and used half wine and half shrimp broth made by boiling the shells. I used red pepper flakes and did not make it too hot. Next time, I'll have it w/ pasta or rice",0.6588
91,I add a can of black beans and use basil instead of mint---it's great!,0.6588
92,"Have just baked this, the ingredients are a very nice mixture, although as I am not a fan of blue vein, used Camembert cheese for creaminess and a good freshly shaved parmesan for ""tang"".  It worked!",0.6512
93,"I am a frequent J Crew shopper who still buys some of the stuff.  The quality at J Crew has gotten terrible.  They need to return to their roots.  I still love my navy linen blazer fully lined in a bright dotted pattern with a kelly green grogain ribbon. This today, would be called a ""Collection"" piece with a $500 price tag on it.  ",0.6444
94,"This is a sleeper of a cake--I wasn't wowed by it when I made it, but found myself reaching for a slice (I froze several) for a coffee or tea break, or as a snack on the go. Not flashy, but reliable and satisfying.",0.6414
95,Give me that and one order of freedom fries and It's the Real Thing.,0.6369
96,"Amazing! I used preserved lemon and added baby potatoes from the garden and a scattering of kalamata olives. Omitted the thyme garnish, out of laziness more than anything. Anyway, it's in our ""recipe hall of fame.""",0.6239
97,"Of course, it makes perfect to move families into neighborhoods in which the only food stores are Whole Foods and Mariano's and the clothing stores are Brook Brothers and Burberrys and the local restaurants are all four star.<br/>How convenient to walk to work as a janitor in a central city high-rise and drive 18 miles to buy a loaf of bread.<br/>What next, a government mandated Dollar Store on Park Avenue?<br/>Seriously, what do you people do for a living, faculties at a clown college? ",0.6199
98,"Agree that pounding boneless breasts yields servings that are too thin are too prone to overcooking.  Deboned breasts, left skin on, marinated as directed.  Took a bit more attention while cooking (alternating lower and higher temps on grill) but result was juicy and skin was nicely crisp.",0.6124
99,"Easy. Tasty. Tried it on an unseasonably cold evening in June, so sauteed the onions and peppers lightly, then heated the salad after mixing the beans with the dressing. Worked well.",0.6124
100,"As a post-menopausal woman who is in the tiny, wretched, minority that will have hot flashes forever, the thought of working in a refrigerated office sounds wonderful. Sign me up! I haven't felt chilled for about 17 years.",0.6114
101,We put some Habanero in our carrot cake. Delicious!,0.6114
102,"Americans are a silly people who live in a bubble where wolves have vanished along with the bear and the bison.  They relate to animals as the author pointed out by a Disney cartoon, Bambi being a perfect example.  They eat up their ground up cow or pig and call it beef and pork, how silly of them.  While in the US Air Force my pilot, my boss I was a Radio Operator, told me he couldn't eat lamb, I asked why?  He said it reminded him of the character of Sherry Lewis', Lamb Chop.  Americans need to do more hunting, see where their hamburger comes from ",0.5994
103,"Made this with ripe heirloom tomatoes and it was amazing. Did not believe it was possible to capture the taste of a ripe tomato in a cooked sauce, but this one does. In addition to the tomato pulp, I used the tomato jelly and water by carefully draining the seeds. Otherwise I followed the recipe as written and can't wait to make this again so I can freeze a batch for winter eating.",0.595
104,"Not everyone hikes or swims or goes to museums, but everyone has to eat.  Thus information on restaurants is likely to be useful to the broadest range of readers.",0.5927
105,Can use dried cranberries in place of dried cherries.  Don't think Sr. Cream would go but a dash of Balsamico may just be a nice touch.,0.5719
106,I will relish you excellent post - until it get's taken down.,0.5719
107,"I used skinless, boneless  thighs and they were delicious.",0.5719
108,Wonderful. Made this with ground turkey. Added a little Red Boat fish sauce.,0.5719
109,"It's not a ""choice"". And here's an excellent sample why I skipped Bioethics classes after the first 5 minutes.",0.5719
110,Delicious and very subtle. Substituted milk for cream and added some chèvre (1/4 cup) for flavor. Served this with a Chablis. Cherries for dessert.,0.5719
111,"It's a little different now since school starts before 8 and ends at 2:30. So if you ate breakfast at 7:15 you might not have lunch until 12. Sorry, but that's too long for an 8-year old to go without anything to eat, and I am not a big advocate of snacks. When we went to school 40 years ago the school day was 9-3 with lunch at 12, which was timed just perfect to go without snack. I remember coming home for a snack before dinner. My kids are just as active, if not more so, but they do not have as much formal physical education, as it has been cut from the public school curriculum. Parents in my community are hyper-conscious of what their kids are eating and this awareness is becoming more widespread, so I think these generalizations that people 40-50 years ago were healthier are outdated or may need to be reevaluated. And there were plenty of overweight and obese children in my own elementary school. It really wasn't that rare. They got ""skim"" milk while everyone else got whole.",0.5499
112,"Whenever I order these I long for the crunch of fresh cucumber, and more rather than less.  <br/><br/>I like a little julienned lettuce mixed in too.  Also consider slivered carrots, waterchestnuts, jicama.  <br/><br/>You can add a note of complexity to this recipe with tropical fruit, ie, mango, pineapple, lichee.  The fruit could be raw, or if you have time, grilled.",0.5456
113,"This recipe needs some further editing, as Maria noted.  If you look at the accompanying article (<a href=""http://www.nytimes.com/2009/01/19/health/nutrition/19recipehealth.html)"" title=""http://www.nytimes.com/2009/01/19/health/nutrition/19recipehealth.html)"" target=""_blank"">http://www.nytimes.com/2009/01/19/health/nutrition/19recipehealth.html)</a>, you'll find two grated carrot recipes laid out.  This is a mashup of those two.  I plan to make it later today with just the ingredients listed ""for the French grated carrot salad,"" which is what I feel in the mood for, despite its not being the dead of winter.  We'll see how it comes out.",0.5334
114,Don't sugar coat it like that Jay. Tell it straight out.,0.5267
115,"This might be the gravy for a southern version of poutine, with the second slice of (center cut) bacon I used, from on hand.",0.4939
116,"Really good flavor. If your skirt steak is thin, barely needs 3 minutes per side for rare.",0.4927
117,"And try with matzoh balls.  No reason not to use the recipe on the Streits or other brand box.  A small amount of salt, very finely ground pepper, and our favorite: freshly grated nutmeg.  When adding liquid to the mixture, use selzer instead of soup or water.  They can rest in the boiling water, turned off until the chicken is done.  Surprise yourself!",0.4926
118,"We were disappointed.  I recognized the time involved.  I cooked up half (and kept the rest in the fridge)  and we (the two of us) noted the burgers didn't have a lot of flavor, ""were missing something""  and it remined us of refired beans.   The next night,  I added 2 T.  vegan woischere sauce, lots of pepper and some chili flakes.  Better taste, but still lots bean flavor and on the mushy side (despite all the roasting of vegs).   Lots of better burger recipes in Veggie Burgers by Lucas Volgar.",0.4854
119,"From my days sorting in the thrift shop I can tell you that candles, scarves, small knickknacks purchased when traveling, silly magnets, more candles, holiday serving ware, stuffed animals, teacups and saucers, salt &amp; pepper sets and imprinted giveaways are bloating our universe.<br/>Never buy them or give them as gifts. They end up at our shop. ",0.4728
120,"Thank you, Mr. Howard.  That was the very first thought that crossed my mind as I read this article.<br/><br/>I couldn't help but note the irony of Whole Foods executive Matt Rogers talking about the importance of ""farmworker welfare"".  How about the welfare of your store employees, Mr. Rogers?<br/><br/>It is for precisely this reason that I buy my food, organic or not, at Kroger or Meijer whenever possible, whose employees are represented by the UFCW union.  ",0.4715
121,It worked fine with much less oil. Like a third of an inch instead of an inch.,0.4627
122,Absolutely delicious... husband was nearly licking the plate. :),0.4588
123,Did you eat the seagulls?  I hear seagull eggs are good eatin'.,0.4404
124,"Just cut the sugar down, which I do in many recipes because that's my preference. The flavor is delicious!",0.4389
125,More like an unsweetened quick bread than my idea of a zucchini bread.  I guess I prefer a sweeter version.  I did add currants with the walnuts which I would do again.,0.4201
126,"I like garlic flavored sauce, so I would add 2 whole peeled cloves when I prepare this recipe!",0.4199
127,"Making cornbread for Thanksgiving stuffing, can add the corn kernels from freezer, and jalapenos with the cheddar? Will this freeze well?",0.4039
128,She said usually a small treat and SOMETIMES an ice cream. ,0.4019
129,"Until I hear that there's absolutely no chance that Chinese meat has made it to the US, I will never eat meat again in my entire life. I feel better already.",0.399
130,Eggplant under a broiler works fabulously well!,0.3989
131,So tasty and so simple - can't mess this up!,0.3951
132,"""Mason jars filled with a homemade chile sauce of habaneros and peppercorns ..."" Please provide the recipe!",0.3802
133,Have to agree.  That's not a plate of food that appeals to me.,0.3612
134,"So much hoopla over this recipe that I'll share with folks here another little tip whispered to me by a person who had it whispered to him by a very famous Mexican chef whose name you all would know.  <br/><br/>Wasabi.  Just a little squeeze from the tube, not too much, lends just the right 'je ne sais what' to guacamole with peas or without it.  Just don't tell anyone I told you!",0.3595
135,Used mild Anaheim pepper. Not enough garlic—could be old cloves in fridge. Didn't strain...the hand blender did a great job pureeing the soup.,0.3553
136,"Well, I am waiting for one that serves me tea, at exactly the temperature I prefer!",0.3382
137,Why would supermarket chains be opposed? Supermarkets are stocked with fresh fruits and vegetables and quality meats and fish. So I don't see what the issue is. ,0.3182
138,"Southern cooking form GA, SC, AL, MS, LA, KY, TN  etc all do nothing but deep fry  just about every thing.  In some way dusting these blue crabs and frying them in abundance of butter that drips is also frying too. Far worst is people gobbling down lobster dipped in butter is just about the same thing in term of consuming loads of butter fat.  Try steaming with a touch of spiced extra virgin olive oil to prevent the delicate eat drying up and then using same mixture of olive oil and lime juice sprinkle. I like mine  with  a touch of herbs of provence ,little salt and cracked black  or chipotle pepper. Instead of beer I prefer some nice cold white wine like Fume Blanc, Dry rResling, Spainsh White Rioja, Chenin Blanc, Semillon Blanc.... etc",0.296
139,"All the Republicans are wannabes with no knowledge or understanding of the world, of its affairs. Seems they want only a piece of the money pie given each one elected, for the remainder of his life, along with his/her immediate family. Who has the ability and desire to say no to the lobbyists? I can think of two: Bernie Sanders and Sherrod Brown. Really, they all are chickens, with my apology to all real chickens.",0.2732
140,"""Thousands of wines""?  There are well over a million different wines bottled ever year.<br/><br/>Dan Kravitz",0.2732
141,"45 minutes to make? One must be a demon chef to get all of the separate sauces together in 45 minutes. Found the peanut sauce to be too thin, would add more peanut butter if I make it again. Used boneless skinless chicken thighs fr,mo Whole Foods which turned out well.",0.2732
142,"Here you can find pics : <a href=""https://500px.com/Mickael_Gaume"" title=""https://500px.com/Mickael_Gaume"" target=""_blank"">https://500px.com/Mickael_Gaume</a> <br/><br/>Alice, Flowers and One thousand of Flowers snaped in Haut-Doubs, Popies, snaped in Franche-Comté as well as Artic Winter and Serenity plus la Force Tranquille, the horses from Franche-Comté. <br/><br/>Best Regards.",0.2732
143,I wish the trend of the ugly Veggie/fruits with reduce price will come here in the states soon. I will support it whole hearted.,0.2732
144,"We take our own plastic containers to restaurants and put half away as well, right off the bat.  ",0.2732
145,"How about the man stay home when his wife is nursing to do the dishes, make the meals, do the laundry, clean the house, get the groceries and provide emotional support to his partner?  I am sure many man would rather be in a quiet office and hope all these things magically happen on their own.<br/>I suppose if a man were to earn a ton of money working during this time it would be more 'efficient' for him to pay a housecleaner, cook, driver, psycologist etc to do all these things which would support his partner (outsource the work to lower paid help); but a lot of couples don't make that kind of money- so the man needs to step up his game and get his hands dirty doing some dishes and changing some diapers!",0.2714
146,"These comments certainly did not disappoint. I enjoyed every single one, sipping my white wine daintily",0.2396
147,I made a half recipe yesterday -- cut ingredients in half and followed the recipe exactly as written. .... They were yummy but not as light as shown in the photo. I used a very fine glass so I could cut without twisting (hard habit to break!). A half recipe made six biscuits (one from pushed together leftovers).   I baked on parchment paper on cookie sheets.  Any coaching?,0.2338
148,"Years ago my local tiny grocery store in the West Bronx was replaced by a bodega.   I understood the need ... the demographics changed enough that the new community could use a store catering to their tastes.  But bubble-gum-flavored Good-o cola (made Coke taste like zero water), expired milk, and canned biscuits that were so old gray dough popped out had me traveling blocks away to the larger chain.",0.2263
149,"These Three by Lillian Hellman.  Okay, it's been a while.",0.2263
150,This is so that class is not interrupted for the kid to go out and get a drink from the fountain. It isn't the 8 glasses bit.,0.2235
151,"Thought this needed some pep -- something<br/>seemed to be missing, or maybe my corn<br/>was insufficiently sweet?",0.2023
152,This dish is a bit boring.  It might be improved with a little white wine.,0.2023
153,"I really shy away from turning on the oven in summer, so sautéed the zucchini in same skillet I used to toast almonds. Very nice flavor and almonds essential for texture.",0.2023
154,"This looks great, but isn't it dangerous to put a non-stick skillet under the broiler?  Aside from possible damage, don't they give off toxic fumes at temperatures above 400F?",0.2001
155,"I have the same ice-cream maker and the same problem: hard crust of crystals on the outside of the bowl.  I take a really stiff hard plastic spatula, (not rubber, not silicone, the type that comes with your food processor and you've never used before). I just jam it in against the wall of the bowl as it churns, constantly scraping it down.  Sometimes I just leave it in the bowl as it turns and walk away.  It adds another level or air into the mix, and it's not dangerous at all. Once the ice cream is churned, removed it from the bowl as quickly as you can.  Mine has never looked as light and airy as the video's. I think I need to get a better machine.  Any suggestions?",0.1911
156,It makes no sense to tip as a percentage of the price of food or beverage for which the server's part is the same regardless of its cost. Did opening that $100 bottle of wine take 5 times the skill and enthusiasm as the $20 of beer? ,0.1779
157,Always use this method of thinly slicing fruit and baking it in the pastry.  Always gives a good result and no juice or other fluid is needed.  My favourite way with fruit.,0.1779
158,"In some countries (such as Canada), butter is sold in solid pounds and not in sticks. Would it be possible to give quantities in cups? I figure 2 1/2 sticks is a bit over half a pound. But how much over?",0.168
159,"Sure you do, if you eat meat.  There are trans fats in meat.  But not of the same or similar molecular structures of what I'll call synthetic transfats.<br/><br/>Nothings simple, is it? ",0.1655
160,"I cooked my farro for over an hour and it was still very, very chewy and hard to eat. I wondered if there was a chemical reaction between the farro and the cider. I also thought the recipe was way too salty as written. I decreased the salt. It tasted good, but I would plan differently if I made it again.",0.1576
161,"I can't help you with your problem, Martin, but please:  Take a deep breath.  Maybe two or three.  Not too many, though.  You don't want to risk hypothermia.<br/><br/>Perhaps go out to dinner tonight, someplace safe, and don't come back to your own kitchen until the crisis is resolved.",0.1553
162,Calling a duck a duck doesn't make anyone a bigot. Rachel lied to everyone about pretty much everything and that's the real issue.,0.1531
163,"A wonderfully informative and detailed article. Apart from some understandable hype in the descriptions of the individual brands and ""Corsican spirit"", the piece is an excellent guide to a little known wine-producing region. But where does one find these wines this side of the Atlantic? I doubt that the native of Corsica, Joseph Bonaparte, planted any Corsican grapes during the days of his exile in New Jersey.",0.1406
164,"Don't forget to use the sanitizer sheets near the door of almost every grocery store.  Wiping down the handle of the cart is so simple, yet I see so few people do it.  Another place to wipe down is on aircraft. Use the little individually packaged wipes or those that come in soft packs of up to about 20 in a pack, and wipe down the handles, window shade and tray. Use the cardboard cup wrap holders on your coffee drinks. Stay away from buffets or at least wash your hands after touching the serving spoons (which everyone else has touched-I wish they gave out disposable gloves at the head of the line!)  Having had this illness once, I'll do whatever it takes to not have it again.",0.1363
165,"The opening sentence sets the tone: ""A bastion of ritualized, old-guard dining ... taken over by three brash young men who were born decades after it opened"".<br/>It is the perverse cult of youth by the news-inventing, rather than news-reporting, journalists who applaud a change from decades-respected customs to something that three young men, wet behind the years, whatever their culinary competence might be, plan to accomplish.<br/>And can they tell pouilly-fumé from pouilly-fuissé?",0.128
166,"I know you get the standard boiler plate, Israel has a right to defend itself. I get that all the time. When I point our Israel has gone far beyond self defense they just repeat what they said.",0.128
167,"Wow.  I measured the ingredients by weight.  The dough came together in the food processor before I could add the ice water.  Despite my best efforts, it had too much fat to be able to roll it out.  I tried to incorporate more flour, tried refrigerating the dough as I rolled it.  Nothing worked.  Fortunately I had not made the berry mixture.  On to another blueberry recipe.",0.1109
168,"Just off the top of my head, how about ""Private Benjamin,"" and  ""The First Wives Club,"" which might not stand up against ""Duck Soup"" (what can) but which I would put side by side with any of the others on your list.  ",0.1027
169,you're correct the first time.  a full breast = 2 identical sized pieces side by side with the breast bone in the middle.  usually stores sell half breasts. it doesn't  mean cutting them thinner.,0.0951
170,"For what it's worth.  Try the ""Turn Tavern.""  Turn left on New College Lane, go under ""The Bridge of Sighs"" and look for a pub where no one over 5'10"" can stand up straight.   In fact, after a few pints, no one can stand up straight.",0.0772
171,"I'm more concerned about washing off the residue left by the untold number of buyers who picked up, felt, and sniffed that melon before I bought it (after doing the same thing to countless previous melons myself). ",0.0772
172,Next time I would not dilute the barbecue sauce.  I see no value to diluting it.,0.0516
173,Next time I would not dilute the barbecue sauce.  I see no value to diluting it.,0.0516
174,"The GOP Congress friending this man? He is gay, French, eats something European  called duck prosciutto, and wears cuff links. Nah, I'm thinking Louie Gohmert isn't feeling it. Although I'm also conflicted here, as Louis Gohmert does struck me as kinda French sounding....",0.0077
175,"And, where you sat at a counter that ringed the kitchen long before anyone had thought of charging more for a ""chef's table.""",0.0
176,I use reduced fat coconut milk.,0.0
177,"I used molasses. I cooked at 250 for 4.5 hours, then uncovered at 325 (convection) for 3 hours. It took that long for the beans not to be completely soupy. Next time I would start with higher heat, probably add some Dijon mustard and tomato paste once the beans are uncovered.",0.0
178,Of course you can now have a two-fer with you're dried Kale suitable for smoking...,0.0
179,I would bet dollars to donuts that Trader Joe's ratio of organic to conventional products is as least as high as Whole Foods',0.0
180,What if the snacks are on your walk? ,0.0
181,"I let the batter rest for 15 minutes before cooking.  I also keep a can of evaporated milk in the pantry at all times, mostly for these pancakes--a can of milk plus water as needed.",0.0
182,And have some more Kool Aid.,0.0
183,"<a href=""http://IOPscience.IOP.org"" title=""IOPscience.IOP.org"" target=""_blank"">IOPscience.IOP.org</a> by J. Cook published 5-15-13.",0.0
184,Could we have the recipe for that chocolate cake sweetened only with bananas and/or coconut?,0.0
185,This dish is so full of flavour!  I'm looking forward to the leftovers.,0.0
186,"I make this often, including earlier this week, without the tomato sauce but with anchovies.  And never any cheese!",0.0
187,"Neutral refers to the pH, ie, not acidic and not alkaline, so it is less likely to react with the coating or the container.",0.0
188,"'Ice', as in frozen water?",0.0
189,Glass half-empty.,0.0
190,Too bland. Needs either more onion or more seasoning or both.,0.0
191,"It was for dinner, so he was vegan before 6 ( the usual dinner hour for most in North America)",0.0
192,"When you consider what the content of beer is, it's basically liquid bread.",0.0
193,"a ""specialized skill"" is repairing transmissions, not making a tortilla.",0.0
194,I'm thinking about trying this out with shrimp instead of softies,0.0
195,I'm having coffee while watching the Women's Finals in the French Open. I assume Suejean is having Pinot Grigio while she is watching.,0.0
196,You don't need all that olive oil either. 1TBSP with the bread cubes will suffice. 2 TBSP for the dressing is more than enough. Shaves off 6.5 grams fat and 60 calories per serving.,0.0
197,Why blend at all? ,0.0
198,"Boomer,<br/><br/>My local store doesn't keep this wine in stock but will order a case for me through its distribution network upon request.  I pick it up in about a week. I do the same for French Roses from Bandol or Cote de Provence, ordering a case for the summer.",0.0
199,"Tapioca for all fruit pies, actually. Also in crisps and cobblers.",0.0
200,"I neither soak the raisins beforehand nor pre-cook the chard. Starting the stems earlier makes sense, but just add the uncooked leaves with a bit of water still attached and the raisins will soak it right up. I also add 1-2 tablespoons of balsamic vinegar before serving.",0.0
201,.<br/>Would it involve a member of the Rat Pack?<br/><br/>MARINARA,0.0
202,"You do know that Katz's Deli isn't IN Time Square, right?",0.0
203,"Walker not just another  cheesehead,  ""holy"" cheese   for  a brain!",0.0
204,"I think what he wants is for the punditry to develop a tiny bit of awareness of how out of touch and off-base they are.<br/><br/>Of course they won't. They spend too much time looking in the mirror asking ""Who's the fairest of them all?"" - when they're not being grilled by their bosses for not towing the line of the latest polling results of how they're doing (applies to tv more than print, probably).",0.0
205,Is that jumper berries by weight or by dry measure?,0.0
206,"The best remedy is a good old metal comb, some hot water and a bit of patience. No costly chemicals, no lice hair salons. A bit disgusting at first, it then becomes a work-therapy of sorts.",-0.0258
207,Not while Putin and his syncophants rule the roost. Not a chance. We'll have to see what happens when he leaves.,-0.1877
208,"Nate - pretty horrible.  And some kids will be unnecessarily miserable.  No one should want to do that to a child.<br/><br/>How about this.<br/><br/>The kid has to tolerate the food everyone is eating, being on his plate.  Once he can tolerate that food being on his plate, you give him two chicken nuggets or whatever it is he'll eat, along with that other food, and the promise that when he has eaten them, if he eats one English pea or one kernel of corn he can have another chicken nugget.  Make it into a game but not the focus of attention at the dinner table so he's not playing to an audience.  If it's a matter of the kid being a little immature, this will nudge him along to growing out of it.  If it's a matter of an actual disorder, at least it probably won't hurt as long as you don't make a big deal out of what he won't eat.",-0.2191
209,This was delicious ... but messy. I couldn't get the 'burger' to hold together. I used purchased corn bread to make corn bread crumbs. Maybe I needed to dry them out?,-0.2263
210,"I saute onion and use slices of pork sausage instead of broken up Italian for my version of this recipe. I prefer using nicoise olive to greens ones, and substitute rigatoni for penne.<br/>Same basics, but altering the ingredients to my preferred taste.",-0.2617
211,"Americans can't eat without (bottled) condiments because the food tastes so god awful that it needs constant cover up. I guess this is already the 3rd generation Americans that have never tasted real food.<br/>Blue cheese on a steak is a thing from the 80's and I wouldn't want to be cought even contemplating a dollop of any cheese on a crusty steak.  Cheese is for after dinner.<br/>Chilled red wine? OMG, wine on the rocks!",-0.2619
212,Williamsburg is no Provence. Not by a long shot.,-0.296
213,floss after brushing so that you can see what your toothbrush missed.,-0.296
214,"Nixtamal is corn stripped of its outer casing by using diluted lye.  The tortilla is born.  This may be bad for you, but thousands of years of research suggests that it is not.  ",-0.3071
215,It was always better! Now if they could stop that orange velveeta that kids think is real cheese! Nothing like the real thing!,-0.3151
216,GE is a breeding method not an ingredient.  So many people get confused on this key point.,-0.3182
217,"-If you cut open a standard K-Cup of some dark blend (I used DarkMagic), you'll get almost 1/4 cup of very finely ground coffee.  Almost enough for a full recipe, more than enough for my 1/2 recipe (more than enough for this single guy, so I will be storing excess , sealed in fridge).<br/><br/>-I did not have any ""AnchoChile"" powder, so I just used plain old Penzey's Chili powder.  Well, look at the ingredients in such, and low and behold, it's ancho chili powder!",-0.3382
218,"Linda in, You are jumping from the frying pan into the fire.",-0.34
219,"Whatever her other intentions, the author has captured the tortured essence of puberty, mounted it under glass and put in on display. No magnification is needed for a transition of this magnitude, it's larger than life as it happens to you and I'm amazed she was able to contain it with words. Mix in the intoxicating spice of fanatic religion, and it's no wonder some number of us become bull goose loonies.",-0.3612
220,"After two bouts of serious illness and surgery to correct the problem, I lost about 37lbs.  I do not want to regain those pounds.  Instead, I eat a salad everyday for lunch and eat my dinner on a saucer not a regular dinner plate.  I drink tea after dinner and feel full.  I'm not much of a breakfast eater, but like an overripe banana with a cup of decaf.  If  feel hungry or simply not well, I'll eat a bowl of grits or an egg and bacon.  So far it's working.  I haven't gotten back to my exercise routine which consisted of Pilates, weight training, and stretching.  ",-0.3781
221,"Followed Sam's directions, including basting, and my only suggestion is that maybe 1 lemon is not enough.  Otherwise, fabulous.",-0.4168
222,The sun will rise but there may be no food on the table. ,-0.4215
223,I guess you could have offered her cake. What a dreadful woman.,-0.4404
224,"Interesting that there is no discussion of making the tortillas *fresh on the premises*, as is done in virtually every hole in the wall in Texas. They have about four ingredients and need about 3 pieces of equipment (mixer, press/roller, and griddle). Something as simple as a tortilla is all about how long it takes from the griddle to your mouth. Anything that has to go into a plastic wrapper and out to another location is a fail.",-0.4588
225,"""The Treat That Could Bite Your Dog Back""<br/>As owner of a recently adopted bullador, it was surprising to learn that one of his favorite after-dinner snacks could be significantly harming him. Reilly will always come running to the smell of a thick, ham wrapped bone, and my family gave zero thought to the fact that something so stereo-typically loved by mutts could really be damaging his small intestine. Even though we would supervise Reilly gnawing on his bone, it scares me to think that a tiny shard of rawhide could cause us a visit to the vet. Of the articles I had thumbed through before, this one appealed to me the most because not only was I unaware of this disputed point but probably many other families with dogs. I think in order to get this message across, companies should clearly advertise or at least inform buyers of the potential problems their dogs may face; choking, infection, and death only being a few. This article was informative but it also seemed a bit 'far-fetched'. What is so different between giving your pup a juicy bone and a chew toy? Both could possibly be lodged up in an unwanted part of your dog's body. Although people should be conscious of their dog's actions, a little more research could have made this article more suitable. A danger free toy that tastes just as gratifying as a ham wrapped bone is something I want to see Reilly chewing on soon.   ",-0.4906
226,"epic recipe miss readread used 4/12 lbs of tomatoes a bit more lime juice cuss I squeezed it, a bit more ginger and a bit more of each spice and no cumin..took it to my office where everyone went crazy when it was place on a cracker with some cream cheese, made another batch tonight.. it takes a long while to cook down, but put it onto of Rose Shulems fritta from yeaterday OMG<br/>thank you Mark!!",-0.4912
227,"Hahahaha, and they worry all the time about mortgage payments, tuition and the price of milk!",-0.4926
228,Someone broke in to my freezer!!,-0.5242
229,"On the blog GardenRant, a review titled ""Don't go see 'A LIttle Chaos' for the gardens,"" with garden designers commenting. It's not pretty.<br/><a href=""http://gardenrant.com/2015/06/dont-go-see-a-little-chaos-for-the-gardens.html"" title=""http://gardenrant.com/2015/06/dont-go-see-a-little-chaos-for-the-gardens.html"" target=""_blank"">http://gardenrant.com/2015/06/dont-go-see-a-little-chaos-for-the-gardens...</a>",-0.5279
230,"I have had misery with wine and porcinis. Me, wine and morels get along just fine. Some weird chemistry going on there.",-0.5574
231,"One can only wonder why this 'breakthrough' was never discovered before this.<br/><br/>First, the design of the study is a questionable. Why not create a more realistic situation, something that might actually happen in someone's life, and at the end put out a table of food from which the participants can chose?<br/><br/>Second, the conclusion that ""just think about an action path the improves your choice"" is silly and quite a leap. Ideas such as this have been beaten into us for decades and they don't work. There is more to it than just not having certain foods in our house or avoiding stores that carry what we crave. For proof of that you only need to read Gina Kolata's book, Rethinking Thin, or talk to any person who has ever been on a diet. <br/><br/>Articles like this are getting tiresome.",-0.5615
232,"Hello, Mr. Bittman, I enjoy your columns and recognize (perhaps more than you) the effort needed to get americans to eat better. Unfortunately, almost all foods consumed by americans is unhealthy. One needs only walk into any supermarket to see the shelves loaded from floor to ceiling with unhealthy food. I eat only unprocessed food. I don't anything that comes from a box or package (except 100% whole wheat pasta). In fact, health is all about not eating bad food - it is not about eating ""good"" food.<br/><br/>For dinner I had chick peas, brown rice, non-chemical chicken, spinach and cabbage. I never buy any kind of packaged food and I know the food in any restaurant is not as healthy as my home-made simple fare.<br/><br/>Its what you don't eat that makes you healthy, not what you eat.<br/><br/>Joe Brown<br/>Macrobiotic<br/>No red meat, canned, packed, plastic, colored, flavored, preserved food since 1967.",-0.5812
233,"But you didn't have sensory issues that made seasoned vegetables nauseating. <br/><br/>Would you say that a vegetarian diet or a halal diet or a kosher diet would hurt a person's social development because they couldn't share a meal with others? That is just silly. I have shared many meals with vegans and vegetarians, at fancy restaurants, at picnics, at school cafeterias at parties. I have shared meals with people who kept kosher at ball parks, at pizza places, at weddings, on airplanes and fancy restaurants alike. Why would a limited diet be any different? You really just don't understand the issue and think that we are doing parenting wrong. ",-0.5983
234,"As a restaurant investor myself, I understand the problem of no shows.  But the cancelation fee is just another example of New York restaurants forgetting they are what is called the hospitality industry.  Once upon a time, if your table was not ready, the restaurant apologized and offered you a drink.  Now they suggest you go to the bar and order a drink you may not want.  Similarly, a la carte ordering, which is based on the notion that you should only order what you want to eat, is being replaced by fixed price menus, which force you to order or at least pay for food you don't want.  I think of high end New York restaurants that have menus with two main courses (more than I usually want to eat) or include desserts (which are increasingly uninteresting or even poor in many otherwise very good establishment)s.  Not taking reservations is another example. I don't understand why New Yorkers put up with restaurant tyranny, particularly at  allegedly ""top"" establishments.",-0.6069
235,"The side of Donald Trump that is not raw, is half-baked! What an ass!",-0.6229
236,grains are the worst foods for us.,-0.6249
237,"A well-known fast food chain has started hiding hot dogs in its pizza crust and the internet is abuzz with worries about mushy green stuff with peas in it? For God's sake, it's only mushy green stuff. The honor of pizza is under attack. Where are your priorities?",-0.644
238,"Made this with whole wheat couscous and used chicken parts. I roasted the chicken parts for 30 minutes, but had to cook the dish 15 minutes longer at the end because the thighs were not completely cooked. Loved the flavors of this dish.",-0.6734
239,"I taught at a boarding school in a poor brahmin area of south india where our strictly vegetarian diet was interrupted Thursday nights when we got egg curry. Half the students would sit on the side served the egg, while an equal number would sit on the other side, with its own segregated silverware.  The skinny brahmins asked me and each other in hushed tones, ""are you eating the egg?""  Should I have told the students that they would be healthier eating the egg or that they should stick to vegetables as their parents do?  Or that they wouldn't be as skinny if they ate beef?",-0.6747
240,"That child was hungry because of the waffles, presumably with (probably fake maple) syrup, and the potatoes.  Her blood sugar skyrocketed, her pancreas pumped out insulin, then went into low blood sugar and hunger as it overdid its obligatory work.  <br/><br/>I'd bet that Mom thought the breakfast was exemplary.....because adverts for the waffles, etc.  (did she even make them?  Probably not.) told her it was.  She wasn't uninformed, she was misinformed, thanks to our corporate economy. ",-0.7096
241,"""I suggest buying ten 1 gal containers and putting them under your dining room table unopened for a few weeks. Don't worry, you'll get used to the fumes (plastic breathes of course).""<br/><br/>You lost me right there. Too much of anything can hurt or kill you. It's surprisingly easy to OD on Vitamin A, for example. Forget 1 gal containers. Consume a cup of Vitamin A and let me know how it goes.<br/><br/>People have died even from drinking too much water. See <a href=""http://en.wikipedia.org/wiki/Water_intoxication"" title=""http://en.wikipedia.org/wiki/Water_intoxication"" target=""_blank"">http://en.wikipedia.org/wiki/Water_intoxication</a>",-0.7264
242,"During my younger years when my stomach could tolerate it, I used to fancy a bizarre concoction called a Wall Street Wizard, which consisted of a half ounce each of vodka, gin, light rum, Midori, and Blue Curaçao.  Its stirred with ice and served straight up in a cocktail glass, and it's absolute murder on the palate.",-0.7269
243,"As a physician who specializes in weight loss, it has been my experience that while exercise is important, diet is about 80% of the battle.  Drinking liquid calories such as soft drinks, sweet tea, and even orange juice is the worst thing one who is attempting to lose weight can do.",-0.7845
244,"This was just ok.  I mixed the strawberries with Triple Sec.  There wasn't a brightness to the drink.  I thought maybe the<br/>Cava was bad, but it was not that. The drink based dull, it's hard to describe.  After a couple of glasses no one noticed!  It's pretty but I doubt I will make again.",-0.8143
245,"Organic is organic.  Whole Foods is having a hard time because their prices are so high and they have not been paying attention to their brand or consumers.  There is no reason why organic should not be in every market and not cost the same as regular produce.  The cost of non organic food must be measured not only in its cost but the cost of the total system.  How much does it cost if you get an ailment (cancer) from eating pesticides, or fertilizer from no organic food.  And let's not begin to talk about what gmo food may be doing to us.  Chemicals are bad for you and that's what you get with non organic food.",-0.8537
246,"Over a 2 year period, my aunt was left countless times in her wheelchair in a soiled diaper, because the staff was ""too busy"". To be fair, they earned an average of $9 an hour and only 2 staffers worked each ""cottage"" of 24 residents, most of whom had at least early stage dementia and 90% in a wheelchair or walker. The staff also had to clean up and serve every meal (they came in steam containers from a central kitchen), do the dishes (!) and wash linen napkins and placemats. All that kitchen work meant they were not there to help residents! It was the stupidest division of labor imaginable, resulting in late and missed meals, residents not getting special food orders (like diabetic meals!) despite paying for them and so on.<br/><br/>If it were not for some wonderful residents (the few that still had their minds), I would not have known of the neglect my aunt endured here -- and at prices that would have easily put her on a Caribbean luxury cruise every week.",-0.8621
247,"Sarah,<br/>There are poor people outside of the US. I know you don't want to believe it, but rice and cassava are what feed poor people. Without rice fields in the central valley, half a billion people will starve.",-0.8796
248,"I might add, the killing appears to have been illegal and unethical.",-0.9062
249,I think the recipe is crafted for baby artichokes with cooking times as indicated. the picture does not help with cleaning out the fuzzy choke portion during preparation. not easy to clean chokes in baby artichokes either,-0.9085
250,"I don't mind paying either way for service, but am I the only one out here who finds that service in the U.S. is poor and sub-standard?  Sure it's friendly enough, but when you look carefully it is a sloppy and unprofessional at almost every level.  It amazing how the public accepts this when in terms of the actual food they are demanding.  A quick but by no means complete list:<br/>-  Mixed couples being addressed as ""Guys"" - my wife of a certain age is not a guy!<br/>-  Asking for drink orders while still being seated and generally bad timing.<br/>-  Serving drinks by holding the rim of the glass (where your lips go - ugh!)<br/>-  Not taking the ladies' order first - (OK I might be old school, but it's more a question of doing things properly with a little class than anything sexist)<br/>-  Silverware:  not having the proper utensils to start going all the way to  taking a used dirty fork and/or knife off your plate and putting it back on the table that was previously cleaned with a rag that was probably not to clean to start with.  When did this become acceptable?<br/>-  Being served by a round robin of waitstaff.  There should be one waiter/waitress who directs the entire meal - assistance can be used but at the direction of the single waiter.<br/>-  Being served by the busboy - usually some poor kid from Guatemala who received no real training.  The waiter should be there to deliver or direct each course,  period.<br/>I am out of space - but when did this type of service become acceptable?  ",-0.9111
251,What's with all these carcinogen posts! You're probably more likely to die or be seriously injured driving to the supermarket and back to buy the steaks than you are to get cancer from charring and eating them. <br/><br/>Remember that -- while one is seldom indifferent regarding the timing -- one has to die of something.,-0.9503
