,comments,scores
0,"Thank you, Susan. I've decided to give it a year before making a decision. I'm buying some supplies to hopefully get the peeing under control - it's an epidemic - and I think I'll have a clearer head when I'm not breathing ammonia every time I'm at home! I'm sure I sound like I'm at my wits end, but I do love these cats. If I end up rehoming them, I would insist on doing a home visit and interviewing any prospective adopters. And the cats being adopted together is non-negotiable. They are best friends. :) <br/><br/>I do feel guilty for ""giving it a year"" because I've been neglecting them emotionally these past few months, and I feel like they deserve a better home. But from the advice I received, it sounds like I will have more time for them again once my baby's a little bigger. I'm hoping we can make it work, but if not, I would only place them with someone I knew would take great care of them. ",0.9934
1,"I am very interested in seeing this film---if anything just to try to understand their perspective. <br/><br/>I was fascinated by the fact they got up and walked away. Stop and think about this: they never had even that sort of freedom before. Crammed together in a small home, how difficult it must have been to find privacy.<br/><br/>Still, as claustrophobic as the story makes me, I try and have a wider perspective. For example, reading Laura Ingalls Wilder ""The Long Winter"" put me in the same sort of mood. Imagine being captive in what is essentially a cold, oversized shed and have no/little stimulation for almost a year? At least these guys had stories to help them escape. Not that I approve in the least of what hap[pened to them, but just trying to keep it in context.<br/><br/>The human mind needs many things to flourish beyond just freedom to come and go. Obviously these children were loved and obviously these children were educated and obviously these children were entertained. THAT, I suspect, will be the forces that help them grow.<br/><br/>As for their parents (and yes I include the mother), hmm, they certainly bordered if not crossed mental abuse. The problem with a full on accusation is that they were cared for medically and educated and from what i can tell, not physically harmed so I can see where the authorities would have a conundrum.<br/><br/>The good from here? Hopefully these kids evolve and grow and lead good lives. ",0.9932
2,"My observation:<br/>Most Hispanic countries have benign climates and gentle ways where a happy childhood leads to a happy adult life. Some Hispanic parents I've talked with relate the happiness of their children with the security of their own later years. Keeping the family happy keeps the family together. The greatest happiness is to be free to discover and learn on your own and to be accepting of others. Guidance has come from the natural environment itself. [They learn of dangers that lurk in paradise.]<br/>New England traditions of resourcefulness grew out of necessity of farming. You saw what your parents did to provide food for the family and for others.  Hard work and cooperation.<br/>Publicly owned corporations and fast-food franchises learned to exploit that. Of course, family farms are a rarity today.<br/>Corporations co-opt education to produce the labor force they want. It goes a long way back. Daniel Boorstin wrote of the overt and covert curricula: the 3 Rs vs being conditioned to respond to bells. Schools, co-opted by corporations, try to steer the development of children to serve their needs. Sixty years ago schools taught penmanship for keeping ledgers, and solid geometry for celestial navigation, trig and log tables for computing.<br/>Confuscism teaches respect for learning and that the application to meaningful work within the family is good.<br/>But most important of all are family traditions, which give us our identity Parent-child comes first, followed by other interests.",0.9913
3,"I think this is particularly difficult for families to do who have more traditional gender roles for the parents. I work, my husband works. His job is highly unpredictable; mine is more predictable. As a result, I have taken over the majority of child care. I never learned how to fix cars and faucets - he had a very high interest and has taught himself these things. We are highly gender segregated as a result. I feel somewhat helpless about it, frankly, but we do cross certain roles: my husband is an excellent cook, for example, and any time we have a dinner party, he does all the cooking. <br/><br/>However, my 10yo son recently half joked with me that I should get his breakfast because ""women do the chores like cooking"". (As a result, I told him to get his own breakfast.) I went through a true feminism awakening in college, thanks to many bright women and professors around me talking about these things. Not all women have that in their lives - it is wonderful. Yet here I am in a more traditional role! Children, life, and work do have a way of humbling you. These things are not a given, and at the very least, we need awareness.",0.9878
4,"Conservatives focus on FAMILY FAMILY FAMILY when the answer may be MONEY.  Economically stable households are more likely to persevere yet conservative economic policies are distinctly opposed to the family.<br/><br/>A recent online discussion about Its A Wonderful Life had me note that Capra, no liberal, depicted a Potterville driven to moral decay as a consequence of its economics.  <br/><br/>Another interesting conservative film, Follow Me Boys, will depict a grocery store clerk who will be able to support his family and volunteer as the local Scoutmaster.  The Walmart employee is unlikely to be able to manage either of these goals- supporting his or her family and volunteering for a local youth organization.<br/><br/>If conservatives want a Follow Me Boys culture, they need to embrace Eisenhower taxation, and a Follow Me Boys economy.  Behaving like Ralph Reed, supporting business interests that reduce worker salary and benefits while judging like a Church Lady is not working.",0.9698
5,"Some pretty significant misinformation going on here.  Just thought I'd share:<br/><a href=""http://bit.ly/paceuofr"" title=""http://bit.ly/paceuofr"" target=""_blank"">http://bit.ly/paceuofr</a><br/><br/>Schools are charged with the herculean task of supporting kids from all shapes, sizes, and walks of life - regardless of income, status, or upbringing.  They are trying to uncover anything they can to help hit the ground running in support of your child.<br/><br/>Who did you ask the question of regarding their question?  What did they intend to do with it?  The answer 'looking for clues in the medical record' shows me they are leaving no stone unturned in trying to best support their students.<br/><br/>If the information is that private to you - do what you did.  Don't answer.  Sounds like you're an involved parent and that your child won't experience some of the same difficulties others may in beginning their education.<br/><br/>My only ask is that you consider the immense pressure the district is under to help all students find success, and perhaps consider how one might actually applaud them for trying to 'look for clues' when supporting children.",0.9684
6,"So many young people I meet, look for some talent or ability in themselves that will bring them fame and fortune. What fame brings is obviously the money, but it will inevitability unbalance one's social, emotional, and intellectual life. One maintains that healthy balance between who people want you to be and who you really are with anchors in your life --- a supportive family, husband, religion, etc. We all need that individual or individuals in our life that after a day of being a master of the universe, tells us not to forget to bring out the garbage.But, unfortunately, with those who achieve fame at such a young age, those anchors don't exist or are not fully developed or are in themselves flawed (e.g. Amy's family). ",0.9655
7,"Jon, That's our typical American response to almost everything: more is better. I'm finally learning to take this kind of rhetoric with big chunks of salt. Quality of life is really king (or queen), but that shorthand ""live longer,"" seems to encapsulate (or the user hopes) it includes ""robust health, full bank account, loving friends and family around, interesting things to do."" Right.",0.9598
8,"I'm sure my neighbor and friend, Susie (as well as her children and grandchildren) is quite grateful that her mother did not fly to Scandinavia to abort her. You see, she was a thalidomide baby, and went on to have a productive, wonderful life.  Yes, she had a tough time, but overcame it and loves her life. Each child is a gift from the moment of conception.",0.9538
9,"I hated hospice too until my sister had our mother delivered there and it was a done deal.  I spoke to my mother for the next 5 hours though she appeared to be in another state of consciousness.  I recounted her life, all the amazing things she accomplished, how wonderful and beautiful she is.  I talked until I fell asleep on the bed.  My sister read the Bible to her, something our mother always did.  I woke up and started calling her name because it seemed her breathing would stop if I didn't.  My sister said not to do that, but I persisted.  I called her name and cried, knowing I had no ability to keep her alive.  I didn't want her to go, but we have no choice.  We were with her till the end and then a void of pain, then somehow a belief that someone with great love had come for her and she was okay.  Hours later I received a call from the mortuary.  They wanted to confirm they had the correct person, because the death certificate said 89 year old female, but the woman said I am looking at a beautiful woman who cannot be more than 65 years of age.  I laughed and cried at the same time and told her she did in fact have my mother and my mother was beaming with laughter at being complimented even in death.  ",0.9529
10,"None of my comment is researched or scientifically based, and of course the answers may fill libraries worth of words &amp; books.  There seemed to be a day many - many years ago when black &amp; white communities, regardless of their socio economic status worked to raise children to live with pride, integrity, and responsibility.  Interpret those words however you like.  Perhaps with the terrible deterioration of especially lower social economic brackets due to drugs and other influencers - these family structures, including African American - collapsed.  Until we can return to a system that encourages a more stable family type environment that encourages role modeling by participating in the larger system thru education, gainful employment, etc we'll see sad outcomes perpetuate.  I was blessed to grow up in a two parent family that demanded I get an education, stay out of jail, get a job, and most importantly respect authority and my fellow person.  Whether thru community support systems or families - we have to give young people a reason to believe... in this as a way to live.  ",0.9527
11,"It gets interestingly complex - the passing on of outgrown kids things. The items themselves often have some emotional content that is satisfied in seeing a friend use them. Otherwise, whoever picks them up at the curb could be re-selling them at a flea market, tag sale, Goodwill re-sale - so the monetary aspect is not really the issue. Passing things on to a friend keeps the emotional connection alive. What feels bad is severing the memories of those items when you thought you could just let them fade. Solution is to say goodbye to the items and send them out into the world to happily clothe others, and don't expect friends to carry on your attachments. ",0.9489
12,"My husband and I were upper middle class people in our early 40s when we became parents. We needed to hire a live-out nanny and went to a service a friend suggested. Owner told us she always advised nannies to turn down jobs in very rich households as they would be overly demanding, expect servitude and 24/7 availability. She attributed this to their earned lack of humanity -- the distance between themselves and actual real work. But lots of the nannies did not listen and were miserable working for the sort of people Mr. Frame profiles. Lucky for all, our nanny chose us and we chose her-- mutual affection and respect for each other over many years. The Rich Are Different. ",0.9477
13,"You have more than your parents and they had more than their parents, but let's delve deeper. Did you have any of the other life defeating issues mentioned in the article? Remember, he said disadvantage is less about income than environment. Were you well loved and was your home life stable? Were your parents alcoholics and/or abusive? Perhaps what your grandparents did well was raise children in a stable home.  I think you may have missed the main point of the article in your eagerness to applaud your success through your own hard work. Are you sure you are a liberal? You sound very much ""I pulled myself up by my own bootstraps, you can too.""",0.9474
14,"Comments like yours are tedious. Sorry success stories makes your life look bleak by comparison. This post gives me hope that there are other enthusiastic people raising enthusiastic kids that are enjoying life and each other and not constantly whining and complaining. Brag away - I need to find good people and they are way too hard to find because they are shamed by the mediocre into 'NOT BRAGGING!"" Our norm has been monopolized by the tyranny of mediocrity! ",0.9408
15,"Thanks for sharing your experience! My mom was shocked and irritated when the hospice social worker said ""he's progressing nicely"" about my dad, who was in hospice care. My mom interpreted this as the social worker being eager for dad to die soon. As the days turned to weeks with hospice, we were absolutely amazed by the care provided. Now my mom and I are incredibly grateful to the hospice staff.",0.9369
16,"thank you for sharing this.  This is a very important piece of info.  I must say I do wonder what doctors do when single adults need medical care.  I don't believe most moms of adult children routinely carry around  their  child's birth certificate, with divorce and remarriage many single adults do not share a name of address with their mom or dad. <br/><br/> Really makes me wonder what the documentation policies are.  I have a feeling that they vary widely.  And of course, no one gets to chose their hospital in an emergency.<br/>Thank you for bringing up this important issue, it is truly appreciated.",0.936
17,"""And her top dream was a single-family rental home in the well-appointed suburbs to the west, where the school districts are among the best in the state and where she would be a quick drive to her job..""<br/><br/>Is this really about race?<br/><br/>Lots of people of all colors have that dream.  That's why the price is so high.  Surprise!  You probably cannot manage it on a call-center worker's salary.  (I am assuming that the ""boyfriend"" is not a ""husband.""  Why not?  Does he work?  Does his income - if any - count in this situation?  Lots of question marks.)<br/><br/>Many people have already pointed out that there is a lot more to this situation than race.  I am not at all certain that a white woman of 25 with three children, an impecunious live-in boyfriend and a job at a call center would fare any better in the housing market than Ms. Wade.<br/><br/>It is tiresome to point out, yet again, that more education, marrying and staying married, and deferring childbirth (three children by age 25!) would go a long way towards that ""single-family rental home in the well-appointed suburbs,"" color notwithstanding.<br/><br/>And that neither ""the government"" nor landlords (most of whom are not in the business as a charity) nor an admittedly racist society can be the only ones to blame for this situation.",0.934
18,"Most...what a different world this is. There was a time when you were 18 you went off to college, joined the military, or got a job and began to try to carve out a life for your self. While extra help certainly is nice, I have to wonder if all this coddling doesn't stunt development as well. I have 5 siblings, 3 of us took the path that I described and 3 of us stayed at home and lived with my parents until their mid twenties. The three of us that went out on our own are now all married, have own families, own our houses (with mortgages), and are financially stable. my 3 siblings that got extra help from my parents are all single, rent, and just 2 of them are just barely now starting to be financially stable. One example doesn't make a trend, but.....",0.9337
19,"I went down to see this movie last night, after reading so many articles in the press.  I was glad the film maker did not dwell on the negative and offer harsh stereotypical judgements, as many critics seem to being to be doing.  There are noticeable similarities about how these young men were being raised and how Michael Jackson was bringing up his family, the biggest difference was that Jackson was rich and this family was poor. This is also true of many of other home schooled families, not to mention Amish, and some Mormon communities.  I understand the young men are very angry at their father, but the fact most of them are still there with him raises hope that as time goes by his sons can use their increasing social skills to help him also, surely things were done wrong here in the realm of parenting, but parents almost always do the best they know how or are capable of and why should we judge him so harshly, in a way his own family does not?  ",0.9333
20,"This is great news! Unfortunately after the Trans Pacific Free Trade agreements rolls in, we will loose every single one of those 280k jobs created. Unless your willing to move to Vietnam to pursue them. Which is not a bad thing, I hear from my expat friends the quality of living is amazing over there. Not a single one of them shows signs of stress.",0.933
21,"Why do that.  We already have mothers to care for children.  That has been working well since recorded history and from the dawn of our species, so why change.  I, for one, don't intend to change.  I like children well enough but not enough to be their primary care giver.  If it comes to that, they, children, will great suffer from trying to get me and, I suspect, men in general to be mothers.  It is not a role that I like, am not suited to it either by inclination, temperament, or instinct, and shall not do it.",0.9287
22," You were a feeling child, connected with nature.   Through your tears, you were teaching your father who operated unthinkingly as if still in his childhood needs (when there weren't as many billions of people on the planet and there was more space for wildlife).  He was the impulsive child.  You were compassionate, having a more mature conscience than your father.  Because of your love and  gratitude and your understanding of your father's history, you could not defy him and refuse to bring the pliers. You were seven years old.   Thank you for your story.",0.9286
23,"""Despite tremendous progress, a majority of Americans still cling to traditional gender norms"" <br/><br/>""Cling""? ""Progress""? Maybe the majority has it right, there is no reason to label their position as clinging. That people have the freedom to be all avant-garde with their lives and try out non-traditional roles is a good thing. Which is not to say that non-traditional roles are always good thing.<br/><br/>People only have one life to get the work/life/family balance right. Traditional roles mean that people don't have to spend a decade or two determining their own personal roles, they can just take a prepackaged role and run with it. <br/><br/>The roles, as I see them presented by the major faiths: <br/><br/>Get out of school as a guy, find lawful employment, a wife, produce children, and provide for the family.<br/><br/>Get out of school as a gal, find a husband, produce children, take care of them, and maybe get a job later if you feel the inclination. <br/><br/>""Clinging"" to these ""non-progressive"" roles means you can get moving on all this in your early twenties, as opposed to floundering around wondering which way really is up until your late thirties. ",0.9157
24,"She came to this country when she was very young and she stayed, spending 50 years in Los Angeles.  Lucky us!  She apparently has also always kept a home in Canada.  Lucky them!  I'm sure we all love her equally.",0.9133
25,"I fully support this. Both parents should have the time to bond with their baby in that critical first year without the fear of reprucussions from work. I hope dads truly take advantage of this, as you will never regret the time spent with your child. ",0.9091
26,"No ancestral homes in my family but this is how it worked for my family and the families of most of my friends.  My dad got out of the army after WWII and used the GI Bill to get his CPA.  Within a few years he used his VA benefit to buy a starter home (in a community that was all white, if not by law, then by longstanding custom).  The public schools were excellent and managed to teach the children of large families with no particular trouble.  My parents worked hard, but no harder than those black parents in the small town ghetto that bordered our town did. <br/><br/>My parents sold that house for four times what they paid for it and moved on to a house in a more upscale community.  They owned that house until they died.  We no longer own that house, but when we sold it, we sold it for ten times what they paid for it.  That's just one way we gained an advantage not available to those who couldn't take those first steps.  I'm not afraid to admit that my family gained advantages not because we were better than others, but because we were white.",0.9013
27,"I am finding that getting older even with medical issues can be happy, rewarding and interesting, as long I can still find ways to contribute to the well being of my family.",0.8979
28,"Nancy,<br/><br/>I have a friend who has a Down syndrome brother and he is a delight.  He is very much a part of their family lives and they would not trade him for the world.  They are far more compassionate and understanding because of their brother.  He has taught them more than they have taught him.",0.8908
29,"So which part of Mr. Bush's comment offend?<br/><br/>The notion that two people should raise a child?<br/><br/>The belief that a father who ""fathers"" and then walks away is harming mother/partner and child?<br/><br/>The belief that a society who loosens its view on two-parent families is going down a bad road?<br/><br/>I get the ""let's not hurt anyone's feelings"" third-rail of Progressives and Liberals.<br/><br/>But is there any guidance we can give to people without ""judging"" (oh, the horror) their decisions.<br/><br/>Let's put it another way from a grown-up.<br/><br/>Women should not have children alone.  The burden of raising, if you call it that, and working to support the child will take its greatest toll on (ding, ding, ding) the child.  Remember that, when fantasizing about some law partner with a live-in nanny...the 1% solution.<br/><br/>Men who father children and do not take responsibility for their upbringing should be harshly criticized by society.  Yes, HARSHLY.<br/><br/>Two parents are better than one.<br/><br/>Children are the ones being sacrificed in this social experiment about ""a woman's right to choose"".  How about ""choosing"" to create a child and then creating the environment for that child to succeed.<br/><br/>Mr. Rosenthal is eager to implement state-organized warehouses to raise all the children from broken, dysfunctional adult behavior.  I am willing, instead, to say to adults and the society who surround them: ""Grow up.  Be responsible!""<br/><br/>You, and this paper for publishing your comments, are mystifying.<br/><br/>I hope this debate continues.",0.8852
30,"Through your writings, I seek thoughts to living a worthwhile life and achieving peace.  Traits I will live by and share with my family and young children.  Many thanks.  ",0.875
31,"This issue has come up often on this board.  It's an interesting issue to me.  <br/><br/>People who read the news think they understand something about the BSA.  When you examine the problem from the top down like that, the moral compass seems to be pointing pretty clearly away from scouts.<br/><br/>More often, I see scouting at the bottom.  You can't walk a quarter mile in my town without finding an Eagle project - a repaired trail, a fence, a trail kiosk, a street sign for a local charity.  There are runs and triathalons and community fairs that run on the volunteer service of these boys.  The history is long.  It's a model that works.  There are men who work high pressure jobs who volunteer 20+ hours a week to scouting (even when their boys have moved on) because they believe that boys need intermediary institutions, male mentors and real work in adolescence  (jobs for kids are rare, and too often, if you're not athletic enough to get noticed by a coach, you're without a mentor).  <br/><br/>Fact is, only a small portion of the population is formally involved in raising up a new generation.  The Scouts pull high-value adults out of the woodwork and make them community leaders.<br/><br/>I grew up in a pretty awful evangelical church.  There is a self righteousness that comes from judging what you *think* you know about people, without actually getting to know them.  I detect a lot of it in the attitudes of liberals toward families who choose to continue the tradition of the BSA.  ",0.875
32,"Glad I stumbled on this article today.  Part of being the highly prized first-born only daughter of a high-acheiving, brilliant narcissist is never being sure if you are right in your feelings or wrong (as I have been told many times.)  Thankfully I have been through many, many years of therapy and growth, and fighting with my father, so that he leaves me alone; I see him as a toothless lion, but he still grabs.  I stay distant.  This conversation encourages me to understand that wanting to be as far from the real person as possible is not disloyalty, but self-preservation.  If I feel sick just writing about this, that alone should be a sign.  I feel for his current partner, and my mom before her; he has joined his first name with hers in this cutesy cloying way that reminds me of a three year old.  I read the comments here, and I say to myself, you're okay, you're okay, you're okay.",0.8736
33,"hepcat, these guys may be a bit younger than you are, but not by much: <br/><br/><a href=""https://www.youtube.com/watch?v=WhuHQ3k9T4A"" title=""https://www.youtube.com/watch?v=WhuHQ3k9T4A"" target=""_blank"">https://www.youtube.com/watch?v=WhuHQ3k9T4A</a><br/><br/>The leader (the clarinetist) is a friend of mine. They were quite popular in Europe some years ago. I'm not sure whether they're playing any more. ",0.8669
34,"Teen slang is amazing because it evolves so quickly and is used by these"" kids"" so briefly in respect to time. I like the trend of calling an idolized celebrity ""mom"" or ""dad"". And the kids will just comment on a photo on Instagram or subtweet the word ""mom"" or ""dad"" to said celeb. Reveal less to say more.",0.8646
35,"God speed Mr Obama. Wishing you much success in your mission to help make this planet a green one, for our kids, grandkids, and future generations of Americans and all humans. Because we are one human family.",0.8555
36,"We all always want to have our cake and eat it too. We no longer want the constraints of church, family, and ""censorious"" peer-group; but we'd like less competitiveness, and more security and solidarity.<br/><br/>Can't have it both ways, as in so much in life.<br/><br/>Also, poverty is not what it used to be. When we were kids in the 1950s and '60s, we took our vacations at local state parks. We were a big family, so we had two used cars. My dad commuted to the campground after work-- and he was a dentist. He bought his first new car in 1965, 20 years after he and my mom were married. And we thought we were rich! And we probably were--- but our ""lifestyle"" from a purely material point of view was far less affluent that an equivalent family today. The situation toward the ""bottom"" was much tougher than it is today.",0.8512
37,Many thanks to Dr. Michailidis for sharing her family's story with so many readers and for striving to help hospitals understand how they can make a hard time a little easier for grieving new parents. It's shocking that stillbirths are so common and yet still so taboo. Your eloquent article about an event that is both beautiful and devastating will go a long way toward breaking that down. Best wishes to you and your family.,0.847
38,"The thing I remember most from the Martin case is Obama's statement: ""If I had a son, he'd look like Trayvon."" Give the man a break!<br/>While there are men who manage to do well with an absent father (the President as a case in point), black and white kids tend to do best when both parents are involved in their lives.",0.8439
39,"ESS<br/>Joining you in saying that it is tempting to lock oneself in a room, if one is fortunate to have one, and remain there oblivious to the noise out there, but I want action.<br/><br/>This person is not planning to rage, but will continue to wage war on Racism in America.  How?  The President is the only leader who inspires me with hope, while he remains a realist and is on a path to educate young angry men as to what lies ahead of them.  I hear him.<br/><br/>A late Jewish friend whose family fled Germany was realistic, and knew that his son whose mother is from Africa was going to have some rough times.  He educated him at an early age, not only as to American history and racism, but what it takes to make us human.  Not easy, but we can take one step backwards instead of two, in order to go forth.  <br/><br/>'Life isn't fair', quoted to me the other day is not good enough, and when feeling depressed, it is the vision of a strong African friend who comes to mind while we walk together on an outing.  I am leaning on her because she is a Teacher of Life, and ahead of us only a few steps away, is a Japanese and Korean man having a quiet exchange.  They have both told us what it was to grow up during WWII.<br/><br/>For some reason, it is an image that keeps coming to the fore, while it is time to quietly roll up our sleeves again and begin to care about people with respect first, and love next.",0.8429
40,"dont have any issues with law hardening up and clarifying. its become obvious to me as an ex-wife, mother of 24 yr old daughter and 12 yr old son MALES OFTEN DONT HEAR THINGS QUITE THE WAY THEY ARE SAID and are capable of enormous amounts of charming extrapolation. why do we beat around the obvious - clear boundaries and justifiable conduct are the only way forward. we have to teach our young men to be accountable - young women are wising up, why shouldnt they?",0.8402
41,Young adults should be banking to save for expenses and a rainy day. Anything that encourages savings is a good thing!,0.8398
42,"Rachel: yeah, I know, it is not easy to adopt.  Maybe that is wishful thinking on my part.  I just don't know enough about it, but have friends who have adopted either from overseas and also from this country, so it is possible.  Hopefully someone who has adopted can weigh in!",0.8239
43,"My grandfather came to the US because he and his family could neither prosper nor be safe in their home in the Russian Czar's empire.  Because of this my life and my children's lives are pleasant and comfortable.<br/><br/>It is a very old commandment to treat the stranger and foreigner without abuse.  Remembering this, and reading a stories like this reminds me I need to do more to help these desperate people fleeing from danger.<br/><br/>My government needs my urging to both help the refugees and to work harder to calm the strifes from which they flee.  I need to give more to the international organizations that attempt to ease the suffering of these victims of violence most, if not all, have never fostered.  ",0.8136
44,"There's a big difference between a two-earner/two-parent family and a SAHM, breadwinner family.   From a child's perspective, a SAHM can be almost like a single mother, just with more cash.<br/><br/>I believe similar maps have shown that women are much more likely to take economic responsibility for themselves in northern states.<br/><br/>I'd like to see a study of where men take personal responsibility for their children (i.e. equally pay for child care or do it equally themselves, equal parental leave from work).<br/><br/>A patriarchal family with a SAHM is a far-cry from the actual two parent family where kids now have a huge leg up.",0.8081
45,"The guy who filed for bankruptcy 4 times, who only success in life was his stellar decision to be born to a rich father, is leading in the polls, after all. ",0.8074
46,"""Aren't politicians from the states that have higher rates of single parent homes the ones lecturing us on ""family values?""""<br/><br/>Yes, we have upstanding moral politicians, such Newt Gingrich and Mark Sanford, lecturing us on family values. (I told my friends around Charleston that I didn't want to hear another word about family values after they elected Sanfraud the last time.)",0.8062
47,"Yes, the article, in service to the agenda, fails to mention the obvious fact that kids with more resources and support have better outcomes - just like in the rest of life. If you have 2 parents who can afford to raise you, you're less likely to spend as much time in jail, day.",0.8055
48,"Isn't there a contradiction between the transformation of having a child resulting in a lower life satisfaction for the parent and the parent's unwillingness to return to the childless stage because of the parent""s ""rich new life?"" Parents' choice of a new  life that is less satisfying but nonetheless pleasingly richer is  a confusing example of the choices the writer is talking about",0.7977
49,"The ugly reality of life is that there is no such thing as stable employment anymore.  There is always pressure to get more things done faster.  The fallout is  more people transformed into corporate eunuchs, devoid of meaningful personal lives nor family.  Like all economies based on an obsession with optimizing, it can't last more than a few generations before such a society loses all interest in perpetuating itself. <br/><br/>Just look at Japan for reference.  In order to capture dominance of the global auto &amp; electronics market in the later half of the 20th Century, they eventually created a generation that has no interest in having children nor maintaining extended family relationships because they don't have the time anymore.  Too busy being drones for their employers.<br/><br/>Optimization is the enemy of good enough, and good enough lasts while excessive optimization burns the system out, like an engine running on Nitrous Oxide all the time. ",0.79
50,"French, Americans...<br/>Brothers in the worst periods, sometimes angry eachother,  but brothers as long as we do not forget our common values, my friend.",0.731
51,Let's work on strengthening families so that childhoods can be better.,0.7269
52,"I knew a friend, did the same thing you did. Retired at 45 over $2 million  in assets. Then 2008 hit. Now he is living with his mom. Yeah capitalism.",0.7269
53,"If I didn't know better, I'd think they lifted a picture of my son! Looks exactly like him. However, the behaviors described are so far from my son's behaviors. Thankfully, he is a good and well-balanced kid. ",0.7258
54,My son's friend and I have been watching this with full attention.  I felt like we were watching the World Cup!  ,0.7177
55,"Two things: I did not take a stance on the Ohio bill one way or another, I simply gave you a window into our life with our son.  For parents facing a diagnosis, I believe lots of information from people living the life is invaluable.<br/><br/>We are not ""reconciled"" to our life with our son, but rather we are enjoying it.  Why in the world would you question that?  How could you possibly know how we feel?",0.7149
56,"Oh, what a wonderful comment!  So much empathy for other people!  So much self pity.  Glad I'm not a neighbor or family member of yours.",0.7022
57,Except that her mother's travails were real and Hillary devoted her life to benefit women and children in part in honor of her mother's suffering.,0.7003
58,This course seems to heady for young adults.  It would be a lot more valuable for people who could give (personal) examples of have followed one value path or another and should they continue or switch or what - people in their 40s.,0.6997
59,"Some of us know far better than do you KB about having an identity stripped from us and living a life no child should endure-separated from parents, siblings, and extended family, placed by court order under the guise of all being in the child's best interest.  Biology and its parent DNA is indeed all.<br/><br/>I ask this of you and others: just who are you to say a child is better for being separated from mother, father and/or other family? Or better in some foster care situation or better institutionalized?   Or better being adopted?  <br/><br/>Too many of you have no clue what it is for a child abused, abandoned and court-ordered until and sometimes beyond -the age of majority.  Others of us know this vicious cycle only too well.    <br/><br/>The other part that this narrative did not speak of was the simple fact that although small John hated his mother for what she did, she was his mother who he also loved. It would appear form the narrative that the love was stronger than the hate.  the very person who cause d him such early anguish was the mother who died and for whom he grieved her absence.<br/><br/>So much for your theory that biology is useless.  Without that biology and its ability to procreate and survive over millennia, none of us would be reading or responding to this -without the DNA we would not know who we are and where we came from.",0.697
60,"The article focuses on what Team 6 (and Delta) members do overseas.  I have another concern: What are these veterans like when they come home?  How can they learn to operate within civil society after they operated outside the law, stayed inside secret networks, used killing and other violent tactics, and then came home.  Are they now the clean cut guys who live next door to us, go to religious services, shop, raise kids, go to PTA meetings and little league games -- and vote as if they were just ""normal"" folks.  What role do they play in American life and politics inside the USA after living withing the secret military framework?  How do they vote?  What societies do they join?  Whom do they work for?  What influences are they on their kids? This is beyond our caring for our ""wounded warriors"" who fought in the military.  This is about those who volunteer and are trained to be in an elite and very special unit -- and then come home.  I would like to know more about this.",0.6959
61,"... an example.<br/><br/>An uproar in a family (not mine) when one member decided to plan a destination wedding with her fiance, the airfare alone for which would clean out certain members.  When some who were close in family had to decline, there was consternation over that, during which the bride to be said that she would *never* have gone about such a thing if she didn't think everyone could afford it!<br/><br/>Well, there's afford, and ""afford"".   If one doesn't value things like an emergency fund, there's a lot that can be afforded!<br/><br/>In my own far flung family, we have a constant little thing over who can travel more to visit each other ...<br/><br/>There are ways, direct and indirect, people may rely on the resources of others, and its better if they don't think they can do that to any great degree.",0.6846
62,The current generation of young are the most pampered in history. Tax payers (mostly older) pay enormous sums to support primary education through property tax. Many have no children of their own. Most college costs are picked up by parents and grandparents. Few young people work their way through college (true this is a lot harder to do now) Please spare me the transfer of wealth from young to old cliché.,0.6808
63,"Yes, but what woman would have a fourth let alone fifth child after having triplets or how would a marriage survive two sets of twins under 5. I do think 48 is the more probable age  of the father rather than 36 (from a mathematical point of view eliminating ambiguity) as Bartholomew was certain he knew Azemelius's age. But, I would be more comfortable being 36 with only three childre &amp; one se of twins than 48 &amp; with all those younguns. Imagine the tuition payments. And, forget retiring at 65.",0.6746
64,"The only time workers are treated fairly and with compassion is on Soap Operas, where the wealthy protagonist gets to tell the young single mother  in the office she can take off for a month so her son can have a smooth transition to his new school ",0.6705
65,"In his announcement, Mr. Christie spent much of his time lauding his parents.<br/>I don't know that I would be proud of a child whose success was largely based on being a liar and a bully.<br/>As far as I'm concerned, if his parents are responsible for what he is then they did a pretty lousy job of teaching him how to be a human being.",0.6705
66,"Right, the old ""some of my best friend's are black"" line.  That's right up there with ""Yankees don't get it.""<br/><br/>I've got friends and family in the South, you're kidding yourself but you're not kidding anyone else.",0.6652
67,"But for the kid born here, Mexico is not home... they've never been there....there school friends are here, they were raised in American culture... on and on... Mexico is not home to these kids. Plain and simple!",0.6643
68,"Joel 2:28<br/>""And it shall come to pass afterward, that I will pour out my spirit upon all flesh; and your sons and your daughters shall prophesy, your old men shall dream dreams, your young men shall see visions:""<br/>These children are a sign that we are indeed in the last days.",0.6597
69,"Please send a message Disney will understand:  don't go there and let friends, family and co-workers know why.",0.6597
70,"Joel 2:28<br/>""And it shall come to pass afterward, that I will pour out my spirit upon all flesh; and your sons and your daughters shall prophesy, your old men shall dream dreams, your young men shall see visions:""<br/>These children are a sign that we are indeed in the last days.",0.6597
71,"Again, and for the 40 thousands time, this is between a woman and her doctor, and her husband and family.  Some can do this others can't.  But why is the government getting involved in this.  Like I really need the US government in my bedroom???",0.6545
72,And a lot of well connected friends.,0.6369
73,"Clearly you don't spend much time with high school-aged kids. Many look like they are 18 or even 21. By the time I was 16, I regularly passed for 21 - and I wasn't the only one. <br/><br/>If you are 30 and looking for partners this young, very likely you know what the law is and that it's not normal. If you're 18, a third of the people you might reasonably expect to date can be jail bait.",0.6369
74,Just wondering why Bill Clinton was so vigorously protected by NOW when he was so extremely disrespectful to his wife. ,0.6333
75,"My grandparents came from Poland.  My grandmother came from Pultusk, arriving in New York in 1921.  Her parents followed, her father in 1927 and mother in 1931.  I knew and remember my great grandparents.  Some of their children did not leave Europe.  They remained in Warsaw and did not survive the Holocaust.  ",0.6307
76,"Good point - what exactly is an ""intact"" family - how long do the parents have to have been married to each other to qualify - the children's entire lives, or since last year? Can a family be intact if any of the children are from one partner's previous relationship(s)?",0.6199
77,"Our 33 year old lives with us for a variety of reasons, mostly economic, and I am not looking forward to the day when he might leave.<br/><br/>We thoroughly enjoy his company, and he lends a hand for the big jobs around the house that his dad and I find more overwhelming as we get older.<br/><br/>The only downside to this is that he is not experiencing the mistakes and challenges that young people usually do when they make their way independently.  I don't think it is good for him to have such a limited experience not only of the world but of his own capacity.",0.6189
78,"I am a mere child in my sixties...<br/>I take no medicines, not even aspirin, but perhaps that is only because I never go to the doctor.<br/>I think I have wisdom enough for one, but what can I offer to the young, who face a world so much different from the one I faced as a youngster?<br/>Only this: Follow your heart...",0.6124
79,"You can learn a lot about people if you listen to them—and resist the urge to demand, What the hell is wrong with you? The more people I know, the more weirdness I know, and everyone begins to look like a bucket of symptoms and neuroses. For example, I know a man who “took up” with one of his high-school students: they married after her graduation a couple of years later, and still are. From what I can tell, such people are still teenagers emotionally and don’t think of themselves as predators, or at least no worse than teenagers. What I feel has to be said is that children and sex are a bad idea—even among themselves, and I feel that has to be said because we should not accept what seems to be an emerging view that children are sexual beings. Boys don’t understand girls, and girls don’t understand boys, and neither probably understands themselves, so it’s almost unavoidable that they hurt each other (and themselves) emotionally. Yes, of course, I, as many, have changed my view since I was that age, and I know this is unrealistic, but I think every parent wants his child to have his youth a blissful ignorance free from sexuality except in its most benign forms, which is why it’s hard not to be repulsed by adults who would be the ones to end a child’s youth—precisely because they see children as sexual beings. ",0.6115
80,"Yeah, Thomas. I once read that an Indian women had to have 8 children before the probability that a male child who would live long enough to support her in her old age would exceed 0.5.",0.5994
81,Any mixed work environment has the dynamics he mentions. Emotionally mature people deal with it and get the job done. This guy is a pure scientist and over analyzes life. Consider the source; he's not Dr. Phil.,0.5994
82,"Reader, it's worth noting that due to family dynamics, children in the same household can grow up in very different emotional environments. ",0.5965
83,I'm sure the Duggars agree with you.,0.5859
84,"What a dry, unimaginative world you must live in.  Not all of us have a family to raise and support, nor do all of us slave away in a job we hate.  That's not called narcissism, that's called having a healthy respect for your own life and life choices.  ",0.5859
85,I'm sure the Duggars agree with you.,0.5859
86,"He saved the mother of my wife and is sort of a co-founder of our family. We will never forget him. Danke schön from Berlin, Sir Winston!",0.5801
87,I'm sorry about your Dad.  I've been wondering if Trump isn't suffering from some kind of dementia.  It seems like a very real possibility.,0.5795
88,"Some folks believe that, come the disappearance of labor, masses of unemployed humans would turn to macrame and writing poetry.  I do not.<br/><br/>Last weekend, I went camping with my children, ages seven and four. As we set up, the four-year-old had difficulty finding something to do and, consequently, found trouble around every corner.  Eventually, I found several tasks for her.  She turned her attention to these and, with great concentration, accomplished the tasks beautifully.<br/><br/>Humans want to work and we want to feel useful. When that is not a possibility, we're going to get into trouble.",0.5719
89,Sad story! The daughter has maintained on different occasions that her father was the first Samoan inducted into the Hall. He was born &amp; raised in the San Diego area. This makes him American foremost which is never mentioned. If he was a true Samoan who never made it to these shores we would have never heard of him! America gave him his opportunity! RIP Junior!,0.5673
90,"--Writer who cared so much for her friend that ""I made the appalling decision not to go back into her bedroom"".  Exactly whose suffering was being ended?<br/><br/>--And other friends? ""One by one we departed until just one friend remained."" Friends like that who needs enemies?<br/><br/>--And that remaining friend? Gone also before death. ""Only the home health aid [a stranger] was home at time of death."" All had other business. Including the writer. To write a memoir-for which she now had a good anecdote? <br/><br/>--Suppose HW had departed and friend was off to linger not die?<br/><br/>--""I need to get up and walk."" Could she have wanted to change her mind? People do. Friend response: no.<br/><br/>--Anyone but me note that nowhere in this story does the ""compassionate"" writer say that she herself heard her friend say she wanted to die. <br/><br/>--Not even an indication that when the 5 ""compassionates"" arrived that this was the contemporaneous wish of the person who was about to die at their ""merciful"" hands. (Scarcely meets clear and convincing SCOTUS test.)<br/><br/>--Even the friend of friend only said that ""she wanted our help to end her suffering."" <br/><br/>--A cry for solace and help not death? Even the friend/friend would not know. <br/><br/>--Any thoughts of consulting a trained specialist on depression?  NYT has noted in at least 2 recent stories (on  suicide pilot) that over 90% of suicides are the result of episodes of deep depression. And in one NYT story that a mother who wanted to die was saved by the daughter-to mom's gratitude.",0.5661
91,"For all of those commenters who are criticising Charles Blow's supposed claim that ""Black Dad's are the best"" as being wrong headed and statistically innacurrate... You are completely missing the point and don't understand nuance.   <br/><br/>Let me explain. Blow isn't really making a claim about black parenting. He isn't saying that black kids are doing great, nor is he ""really"" saying that black dads are awesome. He is pointing out that shorthand descriptors mixed with convential wisdom are actually a really misleading way of evaluating societal problems. The invetible conclusion of which are infantile solutions to problems requiring a more complicated kind of response. <br/><br/>He raises some very good points:<br/>1. What does it mean to be married? Blow points out that many black families are intact and married in all but name. The qualities Marriage supposedly signifies, such as time fathers spend with kids, when dissaggregated paint a very different picture than black marriage stats alone imply. <br/><br/>2.If a black father is forceably sepparated from his family... is it meaningful to treat him as an absentee father who is willfully neglecting his children? Do campaigns that get black dad's to pay more attention to their kids make sense if the ""available"" (non-dead/incarcerated) black dad's are already spending a disproportionately large amount of time with their kids? <br/><br/>3. The societal ramifications of black men having a 2 to 1 advantage in choice of mate... are really profound.   ",0.5637
92,"From my 71 year viewpoint even 40 year olds look like girls. However, they are adults, and, in the spirit of no nobility in the US, let us refer to them as ladies.<br/>Otherwise I agree whole-heartedly.",0.5423
93,"Trust the stock market? Seen it before children. Don't sweat it. Water still moves, strawberries still grow.<br/>Some twits believed their own Kool-Aid.<br/>Members of the space station will come back to their families.<br/>Gemeni 2 will continue to fly.<br/>The attitude of look my portfolio is bigger than yours may have to take a breather.",0.5106
94,"Trust the stock market? Seen it before children. Don't sweat it. Water still moves, strawberries still grow.<br/>Some twits believed their own Kool-Aid.<br/>Members of the space station will come back to their families.<br/>Gemeni 2 will continue to fly.<br/>The attitude of look my portfolio is bigger than yours may have to take a breather.",0.5106
95,"Then  never give anything to your child, because nothing in life is  100 percent safe!",0.4926
96,Sometimes a Father's Faith in their son(s) is Blinded and thus they cannot see who their Sons really are!,0.4753
97,"Some time in 2008 in Scottsdale Arizona, I overheard a kid, who was about 7 or 8 years old, saying that Obama, if he became a President would raise the price of gas !! Obviously the kid got this precious information from his parents or other kids in the school or neighborhood who in turn got it from their parents. I always keep wondering what this kid grew up to. Did he realize that Oil prices are not controlled by the President, that who ever gave him this false information is prejudiced beyond reason? ",0.4694
98,"I wonder how adulthood happened for the Murdoch boys, now that they were anointed by their Father to run his kingdom?<br/><br/>I wonder how adulthood happened for the heirs to the Walmart fortune (six of them have as much wealth as 150 million Americans)?<br/><br/>I wonder how adulthood will happen for George W. Bush and Jeb Bush?<br/><br/>I wonder how adulthood will happen for Chelsea Clinton, she who got a ""job"" at NBC as a ""special"" correspondent for $600,000? Or for Jenna Bush who got a ""job"" on the Today Show.<br/><br/>I was told with my first job search in adulthood, it doesn't matter what you know , but who you know.",0.463
99,Any interest in selling those daughters?,0.4588
100,"Right, James, and that's because a 30-year-old man seeking sex with a teenage girl would be very different than a 19-year-old having sex with another teenager. The circumstances are supposed to count. The specifics of the case are supposed to count. The intent and behavior of both parties are supposed to count. This is a straightforward gross miscarriage of justice. ",0.4588
101,I am one of the lucky 30% who never experienced menopause.Nor did my mother. I am in my mid-60s.,0.4215
102,"yes, and what of shaming the fathers who fled their offspring?",0.4019
103,"Yes, they do, especially when the boss wants to keep an eye on his ne'er-do-well son.  Had to train the brat, too.",0.4019
104,"And children have little hope of ""winning"" in an adult system.",0.3832
105,"She doesn't represent ""every women"". She was  driven women who had a husband who didn't want children. Most women have children and too often have to be single parent and bread winner. And as Dan Quayle said, kids need 2 parents. Basically Fiorina  treated people badly by running HP into a hole. She's got a good spiel these days. Sounds smooth like Dick Cheney",0.3773
106,Mexican parents would refuse to take their children with them if they were to return to where they belong?<br/><br/>What kind of parents would do that?  Who are they expecting will care for their offspring?,0.3695
107,"I agree with Ms. Cahn on one statistic, namely the data, so far, shows that the conservative meme that liberals are not family oriented and not as likely to live in family units is false.  As to the data and report itself, there is background data not in this article that provides perspective. Namely, the proportion of all households in the US with two parents and children is less than 20% and dropping.  For over 80% of the US, Ozzie and Harriet doesn't exist.  ",0.3612
108,"This is horrible.  I hope there is some way her family can extricate Alex from this morass.  Apparently, she has some friends -- at least people she can borrow phones from anyway. She's apparently does not have a boyfriend.  I think that is one pair of the issue here.",0.3612
109,"Ending Child Labor in India<br/><br/>As a society, we are constantly purchasing items without thinking about how they were made. However, many children are denied a free life and are forced to work in order to produce these items. It has been estimated by Unicef that child labor affects more than 28 million children between the ages of five and fourteen in India.  Instead of going to school and playing with other children, they expose their young bodies to dangerous machines and deadly diseases. Instead having a carefree childhood, these children are forced to assume adult responsibilities to help support their family. After reading this article I realized how much I should value the childhood I have been privileged to have. In the face of child labor, my worries about school and soccer seem insignificant. Fortunately, many are now stepping in to stop these atrocities against children, like Kailash Satyarthi who won a Nobel Peace Prize for her unwavering efforts to bring child labor to an end. Advocating against the practice, I believe, it is a good start to helping these children but more is needed. I think products made in sweatshops by cheap labor must be prohibited from reaching the market place due to the inhumane working circumstances forced upon the children that make the goods.  In a nutshell, money talks, and if businesses lose income as a result of boycotts against child labor, maybe that is the incentive they need to adopt new practices.",0.3506
110,"I can assure you that teens still use the phrase ""selling out"" exactly as ever. The famous ""Frontline"" bit was an extremely unrepresentative sample of upper-middle-class NY area teenagers who were willing to be interviewed by Frontline. Some might call them sellouts.",0.34
111,"Well, Donald, please describe ""institutionalize"" in your comment.<br/><br/>And no, this gay man and his husband are not going to be intolerant of our parents' and siblings' opposite-sex marriages, why would we be? Live and let live, you should try it.",0.296
112,It doesn't matter which state you were born in. It matters only that you were born somewhere in the U.S. And a ninety-year-old who speaks English without a foreign accent was almost certainly born somewhere in the U.S.,0.2808
113,"No, it isn't. Google can be your friend, if you let it.",0.25
114,"We may be a  ""goverment of the people, by the people and for the people..,"" but don't forget, ""corporations are people, my friend.""",0.2498
115,Ned Stark was too honorable to cheat on his wife.  But not too honorable to pretend that his dead sister's love-child was really his own to protect him....?,0.2144
116,"I wish that this whole embryo business would just go away. I find it disgusting that there are so many, many children already on this earth who are starving and diseased that we cannot feed properly and yet we spend thousands of dollars on in vitro fertilization just so we can procreate with our own gene pool. I find that the height of narcissism. Please open your hearts and find unwanted children in this country or in third world countries and adopt. Until we have a global push for smaller families and readily available birth control, we are getting more overpopulated every day. We need to curb the population and to care for the kids already here- not spend thousands on in vitro.",0.2023
117,"Really.  What this all boils down to is a lot of hullabaloo about dead tissue that is no longer the beloved son, teen-age friend, or potential president.  When we are dead, we are no longer ""we, me, I"".  We are simply molecular remains to be disposed of. Whether all or part of us is returned to ""dust"" probably has no relevance.<br/><br/>If we didn't have such primitive, tribal attachment to what is predetermined the moment we are born, none of this would have moral, emotional or legal context. We should be remembered by those who knew us and evaluated for our performance when we were alive.  Perhaps we should focus more on the care that is given to the living bodies all around us.",0.1689
118,"Solid, 70yo options.  ",0.1531
119,"Bad example, since many responsible adults resent subsidizing health care for smokers!",0.1511
120,"""First Came Summer Camp Marriage, Then Came a More Mature Love""<br/>By ELIZABETH A. HARRIS<br/>AUG. 3, 2015 <br/><br/>This article caught my attention because at the very end of the article it mentioned that the two people were both into fashion and so was I. ""Both of them enjoy fashion, and sometimes will subtly coordinate their outfits."" This article explains the bond of a boy and a girl meeting each other at a religion camp, dating, becoming boyfriend and girlfriend, and sooner or later, a married couple. When they meet each other at a religious camp they were eighteen and nineteen years old. They would always glance at each other smiling and starring into each others eyes. "" Sometimes, they would meet in a stairwell after their campers went to bed; she would bring Milano cookies and they would talk."" When the summer camp ended it was a chance for them to get to know each other better. But they had some things to overcome before spending all of their time with each other. For example, the man's dad had cancer, was really ill, and passed away. After his father died he knew that he had to see the girl. So they met at Central Park eating pizza because he knew that it was her favorite.""“It went from a basic relationship, just teenage love, to almost a husband-and-wife, soul-mate relationship,” he said."" Now they both go to college, but don't live with each other. From this article I learned that a friend can turn into something more.",0.1424
121,You've got to be kidding.,0.1027
122,"I like Yoshino's last words.  If the neighbor was upset about towels and thought that the housekeeper's children had taken them - that neighbor should have spoken directly to the housekeeper -- and within a reasonable time.  The business is between them -- and it is insulting to bypass the parent for the parent's employer. And aside from the attitude, the neighbor is also  badmouthing the housekeeper  to her employer - behind her back.  And for towels?  The letter writer has been gracious, and need not do anything more.",0.0772
123,"Kudos to this reporter and the Times for noting the same-sex wedding of Walker's wife's cousin. Whenever he refers to the Supreme Court ruling as ""a grave mistake,"" a reporter should ask him if his son serving as witness to the cousin's wedding was also a grave mistake.",0.0772
124,Did she want attention?  She kept quiet about it until her parents outed her.,0.0772
125,"A wise doctor in the hospital we took my mother to when she had pneumonia saw her ekg results, called us into a conference room and asked how and where my mother wanted to die.  We knew exactly what she would want--to die at the home of the sibling she'd been living with--though we'd never had 'the conversation.' The doctor set in motion hospice care where my sister lived and when the ambulance brought my mother back, all the necessary equipment and supplies were waiting, and daily visits had been arranged to help both my mother and my sister. Hospice was a revelation.",0.0516
126,"Actually, Bethesda and Potomac are in Montgomery County, Maryland, which has had a policy of inclusionary zoning for thirty years. There is a well known study of this policy that shows how well the children from disadvantaged families do when they attend school with kids who aren't poor. And there is no negative impact on the better off kids.",0.0139
127,"You know it, Banty. ",0.0
128,His grandchildren need him more than we need him for President.,0.0
129,"""Corporations are people, my friend.....and unionized people are not people, my friend""<br/>Scott Walker 2015",0.0
130,We must be souls sisters- ditto to all you've said! ,0.0
131,"That's just nine of his siblings. In another article, it was noted that he has 20 siblings in all.",0.0
132,"truman's wife opted out of the 'first lady' role, and his daughter Margaret took it over.  ",0.0
133,"We didn't rise to the occasion, either. I've never even been a foster parent at all.<br/><br/>Thanks for all you are doing.",0.0
134,His grandchildren need him more than we need him for President.,0.0
135,"Obviously, your kids are too young to be sitting on the baseline/dugout seats.",0.0
136,"""...or how much has been invested in her upbringing and education to make her a highly productive member of society.""<br/><br/>I find mothers to be among society's most productive members. ",0.0
137,"DR:<br/><br/>Hillary, the mother, daughter, grandmother, should be asked about her treatment of another young woman.<br/><br/>She is, after all, running primarily as a woman now.  ",0.0
138,"Oh my...you are ""that"" family...so self-righteous...don't tell...home schooled I bet...keep your family away from ""them""...<br/><br/>By the way...your wife has an Ashley Madison account...",0.0
139,"""But let's not kid ourselves into believing that's all that needs to be done.""<br/>No one thinks it's all that needs to be done but it's a step in the right direction. ",0.0
140,"And what many of these people don't understand is when these women knowingly and willingly bring a child with DS to term, they are obligating the village and other family members.",0.0
141,Her parents outed her? ,0.0
142,"Martin, here's looking at you. kid.",0.0
143,"I feel the same way.  I, too, am a W. Spouse is an S. The W has been kept!",0.0
144,"""Women remained with their parents until they were married.""  Those women were often married by the age of 14.  ",0.0
145,"She's got 'half-black' kids, she was previously married.",0.0
146,The point is that there really is very little parents can do about it.,0.0
147,"I held it together when they played Wouldn't it be Nice at the end.  Tears started rolling down my face during Love and Mercy during the credits.  Totally heartbreaking to see what he went through, both by being misunderstood and unappreciated, not to mention what his dad did to those kids.",-0.0065
148,"Adoption of not the same, no offense. A parent gave you away. These genetic parents have their sperm away.",-0.0289
149,"If family leave is allowed for one, it should be allowed for all.",-0.0516
150,"When I was setting up my office, I tried  to imagine how a cocaine-addicted, fanciful thinker who carried out an affair with his wife's sister (and at one point, had his sister-in-law/mistress live with him and his wife) would decorate his office.<br/><br/>Then I said ""woah, I don't want to go there....""",-0.0572
151,"Do educate yourself. Trawling takes up everything, including the smaller creatures the bigger ones need for food and the young who never live to mature and reproduce. It is equivalent to clear cutting a forest.",-0.0598
152,"Me neither. I feel like ""People with Penguin Problems"" would speak more to our family, but I have no time, inclination, or talent to carry it out. ",-0.1293
153,"Texas Right to life argument equals, ""We let you be born,now, your on your own""<br/>This state is infamous for opposition to not only the ACA, but also the Child Health Insurance Program(CHIP). ",-0.1901
154,The kind of person who would bring his grandmother to tears (even at age 10) by calculating the years of life lost by her smoking and throwing it in her face is the very embodiment of someone who knows the price of everything and the value of nothing.,-0.2023
155,"Oh that poor officer. That unarmed fourteen year old girl in a bikini crying for her mom should have asked how he was feeling and given him a hug while he shouting at her, throwing her down onto concrete, chasing her friends with his gun, and the pinning her to the ground with both of his legs on her back.",-0.2263
156,"I do read to my toddler but the kids books can be so lame. We have more fun with the old fashioned ""Dad spins a yarn"" bedtime stories which are far less limited and more interactive.  My son will suggest edits and revisions.",-0.2371
157,Dylann Roof on that picture has two security guards in back of him.  One could be a family member of one of the 9 people shot.  The other one could have been his twin brother.  Very sad situation.,-0.2484
158,"I once saw a woman changing her (approximately) two-year-old's diaper in an airport restroom. The little girl was lying on her back and playing with an iPad. My personal reaction was that this was yuppie gadget-madness gone even crazier, but when I mentioned it to other people, some young parents said, ""No, it's a great way to make the child lie still while you're changing the diaper.""<br/>So my question is, ""How did century after century of pre-iPad parents make their children lie still while their diapers were being changed?""<br/>I was book-crazy the way some kids now are screen-crazy. But my parents, although they were delighted with my being a reader, had rules: No reading at the table, no reading when we had guests, no reading after my lights out time. (Reading in the car made me nauseated, so that was never an issue.)<br/>I didn't like it, but my parents held firm, which seems to be something that today's parents have forgotten how to do.",-0.2577
159,"David, I am 35, with all the trappings of 'adult' life- spouse, stepkid, animals, job, bills, college degree, debt. <br/><br/>I do 'meaningful' work, am the manager of my department over several employees, and I make less than 30k and am underemployed. <br/><br/>All of my coworkers are over 55, make less than 30k, and are underemployed.<br/><br/>If that's what adult life in this country is, being expected to shoulder a lot of financial burden and being a wage slave to make sure your debt doesn't get out of control- then perhaps these feckless kids are actually pretty smart in avoiding that and getting someone else to bear the brunt (even if it is their parents.)",-0.2732
160,"Oh no, they've spent their whole adult lives trying to do this ",-0.296
161,"It's harder to rent or own in today's market, much harder to earn a living wage. In the past possibilities were limitless. Now it may not be possible to become the assistant manager at Starbucks, even if you have a PHD. People ""stay younger"" longer because they know they can't support a family--that is actually a very adult thing to do. Our economy dictates the rites of passage more than our culture. We should fix our economy so more people make a living wage and are able to choose ownership, kids, and the cultural image of ""adulthood.""  ",-0.3089
162,"There is a pathology to having children out of wedlock as a societal norm.<br/>Poverty rates of groups which do not place marriage before family are high.  There is no getting around the idea that marriage is primary to the health and well being all society. Marriage should always come before children and when it doesn't, we have people like Blow who try to spin their way around it. Nice try but you are 100% wrong.  ",-0.3716
163,"OMG. While I am sure most of us can appreciate your vocabulary, why would you waste it on an article about Madonna? Ugh. Two other points: I would rather watch and listen to Cher any day of the week. And you are seven years shy of the end of what is known as the Baby Boomer generation, which is 1946-1965.",-0.3818
164,"MELAS syndrome:<br/><br/><a href=""http://en.wikipedia.org/wiki/MELAS_syndrome"" title=""http://en.wikipedia.org/wiki/MELAS_syndrome"" target=""_blank"">http://en.wikipedia.org/wiki/MELAS_syndrome</a><br/><br/>CADASIL is another possibility, but lack of family history makes this less likely. ",-0.4497
165,"In the United States, there is now one law for white, well-connected people and corporations, and another for the rest of us. Is's just another version of Aryans versus Untermenschen, and murder camps have been replaced by malign neglect. The ""47%"" comment means what it says, but there are more of us than them.",-0.4497
166,"As someone who immigrated to the US when I was 12 and in 8th grade — to Los Angeles, no less — I was truly shocked at all the emphasis on ""coolness"" and did not even understand it is a concept. I came from European schools, where kids got to be kids and did not pretend to be grown-ups when they were 12. Nobody gave a damn what anyone wore. There were no ""cool brands,"" but all of a sudden we had to wear Dolphin shorts and Jordache jeans. There were ""cliques,"" another foreign concept. The general emphasis on appearance and coolness were very alien. <br/><br/>Needless to say, I didn't pass master as a cool kid. Not at all. I was taunted and bullied and mercilessly teased, to an extent that would never be tolerated today.<br/><br/>In my 20s, I ran into some of the former bullies, and most of them had pretty pathetic lives, while I went on to an exciting life — and, if I may say it now that I'm middle-aged, I was considered quite attractive once I was an adult. <br/><br/>I have no resentment against them. I just wish I had not spent those middle-school years in a bewildered state, trying to understand popularity as a concept, and yearbooks that had contests and kids were named ""Most Attractive,"" and ""Most Popular,"" etc. My mother was absolutely appalled when she saw these ""contests.""",-0.4605
167,His Dad was vintage politician tough but he knew that his role was for the people. The son represents no one but himself.,-0.4678
168,"My grandmother is relatively well off, my parents who are cresting 60 are not. They know what they stand to inherit, and it has led to incredibly irresponsible behavior on their part over the last 20 years. There is no reason they could not be looking at a comfortable retirement wrought of their own efforts. Sad.",-0.4754
169,"""My sister has become a personality in the media primarily due to her colorful past. She gives lectures and has a self-help book coming out soon. One of her minor themes concerns our deceased father and is particularly nasty. ""<br/><br/>Sister's product is her ""colorful past."" Nasty fathers are very colorful. Americans love reading about them. Never question claims. Sister will not give that up.<br/><br/>Writer should post the truth on the Internet including the memories and thoughts of everyone who knew the father. Bring the weight of collective memory against the claim of the sister.<br/><br/>Can do nothing about the fools who say ""Everyone has his own reality"" and ""There is no actual truth."" Ignore them. And write!",-0.4755
170,Actually I think more are living at home because they have been raised by helicopter parents and can't imagine being without Mommy guiding and paying for their every move.  Sad.,-0.4767
171,"On the contrary, the betrayal of trust enacted when a family member molests a child in their care is an even more profound and damaging experience for the child victim.<br/>But Family Courts everywhere ""look the other way"" when this occurs and champion ""family bonds"" (aka perpetrstors rights) over childrens rights and safety. Ask any protective parent (usually mother) of a molested child who has been there and you will begin to understand how society and the law need to do much much more, not less, to protect children from these predators.",-0.4839
172,"Seeing this sounds like old news, very old news, to someone who is not young. When the FBI identifies and arrests mature adults who want to join ISIS, it may be comforting. But this is basically a press release about two otherwise completely ordinary kids seeking fame. Arresting immature individuals who know little doesn't make us safer. Think - who actually left and came back to threaten the US? Therein lies the worry. Hopefully the FBI focuses on these people. And perhaps they are doing so.",-0.502
173,"My dad was the hurt, angry patient, but he didn't pass it on to his children. I always knew that underneath his anger and self-destructive behavior was extreme sadness and pain, even when I was 8 years old. He's had a hard life battling his childhood demons, but he's managed to show compassion, patience, and kindness to his kids. I am so grateful for that. Thank you for your work, Mr. Sherman.",-0.5268
174,"These may not be the worst of the 90-year-olds' stories, but they are not the best, either.  ",-0.5275
175,"Ask the people killed by drunk driver's ""why it's their business""....actually I guess you'd have to asks their friends and families...",-0.5859
176,"Oh dear, so hard to get past the first paragraphs: ""Intact"" families??? Really, if my family doesn't have two parents, it isn't INTACT? It must be.... BROKEN? And county data makes red states look ""even better""? Intact is BETTER than broken? With these assumptions, why should I read more?",-0.5941
177,"Right, because you're also railing against divorce, absentee-fathers, and parents who's spouses die, correct?",-0.5994
178,"As a father of four daughters, I would rather have a man who molested his daughter living next door to me than a drug dealer.  At least the former is not likely to cause a drive by shooting or bring in low life customers.",-0.6124
179,"I was the ""Sacrificial Goat Child"" in my family; in my case the abuse was emotional and physical, carried out mostly by my mother. My older sister suffered the same treatment to a lesser degree, but she was able to escape after high school. My younger sister, who was my mother's favorite, has entirely different memories of our mother and to this day accuses my older sister and me of ""parent-bashing."" It is an argument that will never be over, but at least for my older sister and me we have each other for support. Others are not so lucky.",-0.6192
180,This is just one of the many heartbreaking stories I've ever come across... It's unbelievably sad that this type of atrocity and failure of our justice system takes place every single day in our country. I've seen this young man on interviews and was very impressed ... my thoughts are with his family and friends ... such a tragic loss for them all.,-0.6249
181,"Why would a father ever set his daughter up in this way?  if she break her pledge she ""betrays"" him in an intimate way.  Horrific.",-0.6597
182,"Do NOT blame the electorate, for god's sake--blame our elected representatives. 'Worst generation'. Pfft.<br/><br/>Fwiw, I'm living with my wife and am retired to the Philippines where we are able to live on our investments, the sale of our home, and eventual social security. If we had stayed in the States, we would still be working through to at least 70. We may be the vanguard of our generation who choose to move over seas in order to have a decent retirement--it's not like the elected officials we put into office are doing a damn thing to make things right for us or even future generations of Americans.",-0.6677
183,"Thank you Ms. Rankine. I imagine my fear if my 24-year-old son was a black Citizen.  A terrible fear, even though it's only imaginary. So I must see that your son IS my son. Please keep reminding me.",-0.6908
184,I'm Black and my parents are immigrants. No one gave me any of those things you claim whites receive. I have no interest in living next to people who are subsidized by the federal government either. <br/><br/>I work hard to provide my family and frankly to stay away from those on Section 8. Some of us are intimately experience with going to schools with public housing kids. I don't care what the social engineers say it was not a pleasant enriching experience.,-0.7294
185,"STOP BLAMING PARENTS. Those type of articles make my blood steam. Technology is such a challenge for parents these days. Back when I was a child, my parents did not have all of the stuff to fight against. We, the parents , in general do not teach our children that technology is their best friend, we have to fight against all those things that are thrown at us. Limiting your kids/teens is easier said than done. That is for sure. I must say that as a parent that try very hard to give my child a balance life, give her the love and attention she needs, I get mad when I read articles that says that parents throw their children in front of screens for their own needs. Full of  ""crapiola"" if you ask me. Yes, some parents do but most parents are fighting the darn technology, finding against the current. Raising teens is a hard thing in itself, throw all the technology and gadgets in the equation, even harder.<br/><br/>The technology is definitely a challenge for parents, very easy for this author of 74 years old to put that on the parent's shoulder. She has no idea. There should be more articles that exposes the problem but that also takes in consideration today's parent's reality who are raising children in our present society and not article from people who are completely clueless of what that entails.  <br/><br/>I rarely take the time to post my opinion but today, I could not resist.",-0.736
186,"A friend of mine, a guy, told me once to never apologize. It makes the apologizer appear weak and unworthy, he explained. Also was told by a dear lady that a person who says sorry all the time is one who grew up being abused - emotionally, physically or both. ""Articulating exactly what we mean in it's  place"" is on point. Don't worry. Only the weirdest will think you've no right to express your feelings, including anger. Kudos!",-0.7493
187,"To have an orderly ceremony is the only way everyone gets their moment.  Each family member who screams and yells makes the ceremony about them and no one else.  It's extremely rude, disrespectful, and unnecessary.",-0.7713
188,"So what will happen when these kids are 50 or 60 and have age related/noise related hearing loss? Right now baby boomers with hearing loss sometimes read lips without even realizing it because they've spent years having FACE TO FACE conversations.  (This is also why people who are born deaf or go deaf in early childhood have trouble learning to read lips, but people who go deaf later in life have much less trouble learning to read lips.)",-0.7717
189,"After my hsband left, I was devastated. We have no children, my family live far away. But I had Clarabelle, a cat I adopted after she had been abandoned in our village. Her loving presence helped me more han I'd have ever imagined. Perhaps she was afraid to be abandoned again, I don't know. I only know she was with me constantly and if she lost sight of me for more than haldf an hour, she meowed until I answered, then she purred reassured.<br/>Somehow Clarabelle helped me to recover.",-0.8271
190,"Last I looked it takes both male &amp; female to breed. Let's not just blame the mother, even if it seems like she wasn't much of one.<br/>Let's remember to stop rewarding men with no responsibilities for no use of contraceptives (condom), ensuring safe sex, or just keeping it in their pants.<br/>Why don't parents discipline their children, especially the mother? How about why didn't the father? Oooh that's right because he wasn't even there!<br/>I'm not condoning or excusing either of these two criminals. But let's not just place the blame solely on the mothers of these two. Granted both didn't have great examples - but both I'm positive know the difference between right and wrong.<br/>Being a single mother myself of a 14 year old son &amp; 11 year old daughter neither of them have ever been in any kind of trouble. I collect no aide, welfare, freebies, phones, housing, food stamps, child support, or alimony. Some of us leave abusive relationships. My ex was military; I just wanted out &amp; away from his abuse. I work two jobs to keep roof over our heads &amp; food on the table.  That doesn't make all single mothers &amp; their children a blemish on society.<br/>Thankfully in today's society, it doesn't give much creed to self righteous judgement, speeches, or behavior.",-0.8299
191,"Ms. Davey, I think you should interview some of the children who were affected by the riots last year...My grand-daughter missed her first week of kindergarten and was exposed to many confusing sights and behaviors at that time and since...I believe she shows some signs of PTSD and I believe many of the neighborhood kids do also.  You had a picture of her and my daughter at the bus stop at McDonalds today and I beleive you would learn alot about how the kids feel by interviewing her...Please contact me, I work the the Schucks on West. Florissant.",-0.8591
192,"I have to be honest. I was quite shocked by the story of this young person. It's been a while since I was an adolescent but I know I've changed my mind and my perspective dozens of times over the course of my life. I wasn't even at 22 what I had been at 17.<br/><br/>I find this extremely alarming. If Bruce Jenner what to turn himself into a turnip, I don't care. But this person is a child. And now a life altering surgery has been done. It's really horrifying to me. ",-0.8949
193,No. Evidently it's almost impossible to blame a 14 year old if it is a girl.  Folks seem to have no problem blaming the 13 year old boy that just made the news for molesting a 7 year old on a school bus. ,-0.9353
194,"I'm sorry, but Biden won the election before the accident killed his wife and daughter and severely injured his two sons so Biden did not win on the ""sympathy vote.""",-0.9424
195,"My suggestion to the writer is to figure out why she feels it falls to her to be her dead father's champion.  I think she might be a troublemaker posing as a saint. It seems so sick, really.  What is up with a family where grown children feel the need to attack or defend a dead parent? ",-0.9436
196,"I've anticipated that I would live to be old. I had a great great grandmother who died at 106 only because she had been knocked over by a girl with a doll carriage and broke her hip. It was pneumonia of course, common at that time when old people couldn't get around any more. My two Grandfathers made it to 84 in 1984. Maternal Grandmother at 92 with Ovarian Cancer, Paternal Grandmother at 90 congestive heart failure. I'm 64 and my Mother is still alive. And they all smoked!<br/>I guess the real fear is not having enough money to live on. I don't want to be a burden to my son. Systemically I'm fine. Physically I've taken a beating and deal with Neuropathy and low nerve conductivity to my legs and feet. I'm still gardening and will work if someone asks.<br/>So, keep busy. It keeps your mind off yourself. Live frugally so you won't be a burden. ",-0.9443
197,"I teach in an urban public school.<br/>My advice to middle-class parents:  don't put your child in my school.  <br/><br/>95% of my students live with struggling, low-income adults.  Half the adults are struggling because they are here illegally, they don't speak or read English and they have no skills.  Sending their child to a math camp, regardless of how bright the child is, isn't even on the radar.  Their children lag behind.  <br/><br/>The other half of the adults struggle because they abuse alcohol or drugs, they have extreme psychological issues, and they don't work.  Their children tend to be very disruptive (who can blame them) but the new pc is that minority children cannot be disciplined or suspended (and they aren't given counseling, either).<br/><br/>A rested, fed middle-class child from a stable home with a broader range of experiences and knowledge will not be challenged or grow academically at schools like mine where 95% of the kids are far below grade level.  They will not benefit and honestly, neither will the low-income kids who are so mired in the subsidized dysfunction of their own homes.  ",-0.9493
198,"Truly important observations and conclusions in Mr. Blow's column, today.  The most disturbing aspect of the Duggar son's molestation is the lack of accountability by the family, by Huckabee, by other religious sects.  The family and son note that the young man asked god for forgiveness and it was given.  And allegedly the victims also forgave him.  But nothing has been pronounced about treatment for the victims, and since Quiverfull children must always smile, ""lest they offend god,"" how do they know the trauma that remains with them.  Although the statute of limitations may preclude charges, his behavior was criminal and our rule by law doesn't forgive him.  Shameful.  And these are the theocrats who want to rule our nation?  Pathetic.",-0.9533
199,"This just described my mother in a nutshell. She cheated on my dad, divorced him, and moved us to United States from Australia. During the process, my dad acquiesced to all of her demands and in the end she STILL blames him for whatever the failure of her marriage. She then of course takes out all of her frustrations out on me. I finally moved back home and is continuing a wonderful relationship with my father with her nowhere in sight. <br/><br/>I am not a psychologist/psychiatrist, but I can only give from my personal perspective is that narcissists' self obsession comes from a place of crippling insecurity. Their self-absorption prevents them from forging meaningful relationships because they refuse to give in to other people's needs in any shape or form, and thus lack in any meaningful connection. This bitterness manifest itself into a complete nightmare to everyone around them. It is awful living with them, but ultimately they will destroy themselves. I don't know if other survivors of narcissistic family member will take comfort into this, but I do believe life will give them their comeuppance. ",-0.9593
200,"How can they possibly know whether your family or your housekeeper's took the towels?  The stated problem is that they're ""terribly short"".  You resolved that problem.  Who knows where those towels went in 3 months?  No one waits three months to get upset over such a thing.  I think you could consider that your poor neighbor has some emotional problems and give her a wide berth from now on, so as to avoid upsetting her further. ",-0.9691
201,"I was 8 when my father died from cancer. My mother had always been the sick and frail parent, though, suffering from a rare disease before I was born that had life long side affects. I've spent my whole life, since my fathers death, believing my mom was a cactus: hard and prickly on the outside but that she had to have a soft center somewhere. It never occurred to me that she grew thorns as a result of my fathers illness and my own retreat into being a heartbroken daughter until I read this story. My mother and I spent years not hugging, very rarely showing emotion to each other and generally ignoring the elephant that sat between us. As she grew older and sicker with dementia, she became so affectionate towards me and I don't think I ever gave in and hugged her naturally. I am now 44, she's been a gone a year and realize all her years of being walled in were a result of her trauma from watching her husband die, and watching her daughter build my own walls that never did come down.",-0.9745
202,"I disagree re: Nelson Mandela.<br/><br/>Mandela was in prison for 27 years. He was arrested in 1962 and sentenced in 1963. His children by his second wife at the time of his arrest were 3 and 2 years old. His first wife had left him, fearing for her life and that of her 2 kids because her husband dared to challenge a deeply unjust system.<br/><br/>I visited Mandela's house in Soweto on Vilakasi Street. You can see bullet holes in the wall and inside there is a marker indicating an internal wall that was removed. This internal wall was built so the 2 &amp; 3 year old could jump behind it when the South Africa apartheid police came to shoot at the house at night. That is the children's earliest memories - ducking out of bed and huddling behind an internal wall, built for their protection. There are rumors about the death of Mandela's firstborn by his first wife - that is was not an accident but the work of the notorious South African Defense Forces who were implicated in many murders and domestic terrorism incidents targeting the indigenous African population<br/><br/>Nelson Mandela's family dysfunction is the true legacy of apartheid. His children all show signs of PTSD from their early childhood trauma. They never had the privilege of being raised by their father.  He was in jail because he demanded his rights as a human being and citizen of South Africa. ",-0.9885
203,"She likely is depressed, but she may refuse treatment and most standard treatments are not that effective with the elderly. They are sad because they are old -- their loved ones have died -- they are lonely  -- they hurt physically and there is no cure for old age. The future sure isn't bright. What do they have to look forward to?<br/><br/>My great aunt was like your mom. She increasingly lost the ability to drive (though she kept driving and having accidents!). She refused taxis, and refused the elder-care mini-buses that regularly took seniors to shopping and bingo. She refused the car service in her city that would take you anywhere in a 5 mile radius -- for $3 a trip each way! (Why? She was angry about having to pay, even though it was a nominal cost and even though she was financially very comfortable.)<br/><br/>She demanded that I -- as her closest relative in the area -- DRIVE HER anywhere she wanted to go, on a few hours notice. She never planned, but would call me and say ""my refrigerator is empty!"" And it really was bone empty! never mind I was at work. I had to drop everything and leave to take her shopping, a 3-4 hour ordeal (she was in a walker, and vision-impaired).<br/><br/>Some elderly are really selfish and inconsiderate. However, I did this, for 7 years, because I knew she had nobody else (no kids) and was lonely. But its a big job and it can consume your life.<br/><br/>She passed this spring, and I miss her despite it all, but to be honest, it was a burden and because she refused help.",-0.9935
