,comments,scores
0,"Europe and America both have issues, and they are different at their core. I won't entertain which problems I would rather have, because it's frankly not worth pondering, they are cultural and system and we could not trade if we wanted to. Should Europe do more to unleash innovation? Yes. Should the  US be more coordinated and courageous when it confronts climate change and obesity? Absolutely. But the grass is always greener, and imitation of Europe won't work. We should realize that the solution to these problems will have to be ""American"" and leverage the mindset we already have, rather than wishing that we had a European one. The European mindset has its drawbacks as well.<br/><br/>For example, the faith in ""the state"" in France is great, right? But what about when that vision of being ""French"" is so strong that it alienates its large (and invited, by the way) Muslim population? If NYT readers cringe at what Donald Trump and the extreme right wing says about immigrants, I'd encourage you to read up on popular attitudes and legislation aimed at North Africans in France and Turks in Germany.<br/><br/>Not to be a downer but we need to work with what we've got! ",0.9911
1,"Other reasons why tuition keep rising is that these institutions keep the entering student body limited to 2500-3000 per year as the demand for entry increases enormously due to sophistication in the world and demand of the rich around the world to get an ivy degree for their princelings.<br/><br/>So beyond the stated ""price"" of tuition, there is a ""price of entry"" in the form of donation.  In a normal world, this would be called a ""bribe"", but this is not the normal world and these donations allow the administrators of the universities to have substantial income equivalent to the corporate titans.  So why make a fuzz over it.<br/><br/>The only draw back is that American students are discards for the overseas rich princelings and the best of the best of America cannot enter the Ivys because their parents cannot make the donation check big enough to get the ticket to enter.  This is especially true for the American students of Asian parentage because there is also a hidden imposed racial quota on Asians. Why admit an American born Asian when you can get a princeling and a few million dollar each?<br/><br/>Something is wrong when America is discarding America's best for the money from overseas.  ",0.9806
2,"Other reasons why tuition keep rising is that these institutions keep the entering student body limited to 2500-3000 per year as the demand for entry increases enormously due to sophistication in the world and demand of the rich around the world to get an ivy degree for their princelings.<br/><br/>So beyond the stated ""price"" of tuition, there is a ""price of entry"" in the form of donation.  In a normal world, this would be called a ""bribe"", but this is not the normal world and these donations allow the administrators of the universities to have substantial income equivalent to the corporate titans.  So why make a fuzz over it.<br/><br/>The only draw back is that American students are discards for the overseas rich princelings and the best of the best of America cannot enter the Ivys because their parents cannot make the donation check big enough to get the ticket to enter.  This is especially true for the American students of Asian parentage because there is also a hidden imposed racial quota on Asians. Why admit an American born Asian when you can get a princeling and a few million dollar each?<br/><br/>Something is wrong when America is discarding America's best for the money from overseas.  ",0.9806
3,"I have to honestly say that birthright citizenship is, totally, a made up postulate. I'm not exactly sure that I can find it any where in the Constitution or in logic, for that matter. It's a great idea for a ""come on over advertisement,"" if any when the country was looking for cheap labor, and when hasn't it been. ""Just come on over"" and your children born here will be US citizens. I would suspect that the changes would be minimal, like for each parent, please provide documentation of citizenship. If unable to do so, the child is identified as such. Nothing automatic about citizenship. Think about it, but if my parents went on vaction to Mexico, for example, and I was born there, ""Am I a Mexican?"" Don't get me wrong. Like Trump, I like Mexicans. I really do. They're beutiful people. They really are. The United States Restaurant Industry could not survive without them, nor could the farmers of the subcontractors selling labor intensified services. But you are born here, and you are a citizen? I don't get it. Sounds like an out dated policy, rather than a law of any kind. So, if you make it to the beach, you are legal. They should all come in by boat and claim Cuban refugee status. I don't get it. We make up a lot of silly stuff and the whole birthright thing is just another ridiculous policy.",0.9769
4,"It is not just Mr. Cohen. It is an absolute part of lefty liberal DOGMA that ""Europe is perfect"" and that American is awful, and why can't America be just like Europe?<br/><br/>Followed by ""all Americans are fat"" and apparently all Europeans are model-thin and super-healthy. Of course, no science or statistics bears out that perfection.<br/><br/>A lot of lefties have vacationed in Europe, conveniently seeing only the prettiest tourist spots, and nicest infrastructure and of course, gourmet restaurants -- so they think ALL of Europe is just like that. No poverty. No guest workers. No banleius. Just rich people shopping in Paris. And they LOVE LOVE LOVE IT.<br/><br/>They also think that ""everything in Europe is free"", conveniently forgetting the high taxes and VATs.",0.9716
5,"The issue of how best to deal with hundreds of thousands of people who feel they MUST get to a safe place from where they currently live is a global issue, not just a US issue.  It is a humanitarian, economic, health, and social issue, and it will not be solved with walls -- not in Europe, and not in the US!  <br/><br/>People who feel that they are without hope, or are in imminent danger, will take whatever steps are available to them to try and move themselves and their families to a safer place that offers them hope for a better future.  Indeed, they often feel they have nothing to lose, so they ""go for it"".  In some cases, they give up for themselves but try to get their children to safety.<br/><br/>It makes no sense to me to stigmatize people who are desperately trying to save themselves and their families -- indeed, that, to me, is the essence of ""family values"".  Since this is a global issue, I believe that there must be a global focus on remedies -- not just within the Americas but also for people in parts of Africa, Asia, and Eastern Europe.  The problems are too big for any one country or agency to address, and are certainly too big for excellent charitable groups, such as CARE or the Red Cross, to solve.  Perhaps the UN could sponsor a Summit on ""displaced persons""?",0.9655
6,I've been a vocal critic of American policy in the world many times before. But there is no denying that American's are very brave people. These Americans likely prevented a huge bloodbath. Not only did that save a lot of innocent french lives but it also was a great service to muslims in France who would have have gotten a lot of hate if this attack had been carried out.<br/><br/>I think Europeans are simply used to a lot safer life I don't know how to handle these sort of situations very well. When Anders Breivik killed youngsters on Utøya it was two Chechen kids who tried to take up the fight. They understood the situation right away while to most of the Norwegians it was just surreal.<br/><br/>Anyway I hope this will make life better for Americans in Europe who haven't always gotten a great reception. One needs to be reminded that  it is American policy we disagree with but that the American people are our friends. Europe and America belong to the same civilization and need to work together.,0.957
7,"You ignore the fact that the US provides the great majority of the budget to care for displaced Syrians in Jordan.  At last count, our aid topped $2 billion.  Clearly, the US assists anyone of any color and of any faith, despite that many of these immigrants come from countries that cheered on 9/11.  That is loving thy neighbor.",0.9552
8,"America is waking up and there are people on the ""margins"" in every social group who are speaking out against the democracy-destroying minority who have taken over our politics and, in the process, our lives.  They have systematically been attempting to destroy the middle class in America - the very center you mention.  Now we need to stay awake and applaud billionaires and millionaires who love democracy and want to support it, low-wage workers who are demanding $15 per hour for their labor, mothers and others who are working to get guns off the streets of America and the brave men and women who ""came out"" and helped us realize that people have a right to make their own choices about who they marry and that all of us have a right to determine how we live and what we do with our own bodies.  Good Job, Good People of America.  Keep shouting out for restored democracy in America in every area of life and at every social level.",0.9468
9,"The French Ambassador has a greater Fashion sense than most Washington Pols? The earth is still round! I admire France and the French because they are French....including a friend of a a friend  who hopes to emigrate here for fear of Anti Semitism and opportunity for his daughters.<br/>We and our Gallic brothers and sisters share a common trait from differing histories, hubris ",0.9273
10,"Well, yes, problems may be caused by being a colony of the US, but Puerto Rico is more prosperous than the other Caribbean islands so on balance I don't think that can be considered a negative.<br/><br/>Which being said, I don't like this business of commonwealth status -- it's an undemocratic holdover from the days of colonialism, and in practice it gives Puerto Ricans less representation than other American citizens. It seems to me that Puerto Ricans should choose either independence or statehood. <br/><br/>Finally, regarding the population, it has to come down faster. Because of the cost of shipping, small islands aren't for the most part very competitive locations for business. They depend on tourism and tropical agriculture for revenue and those can only support a certain number of people in comfort. The only alternatives I can think of are subsidies and tax breaks, or finding some kind of niche like Hong Kong or Singapore, which seems unlikely in this case -- what would it be?",0.9273
11,Bravo Mexico!  Hopefully the US can join the movement toward dignity and respect for its citizens as well.,0.902
12,It looks like Trump wants to stop the party Mexico is having with our borders. Instead of riling against Mr. Trump why doesn't the government of Mexico stop the corruption and start to make life better for it's citizens. That would stop the flow of aliens  crossing our borders. We should demand that Mexico clean their own house and we should name the corrupt leaders of Mexico. They seem to want to get involved in our government and our politics. They can't support their own population and are happy to get rid of a lot of them. Mexico is stealing our manufacturing which brings in millions of dollars. They are pumping billions of barrels of oil worth untold million of dollars and none of it trickles down to it's people. There is very little middles class in Mexico. Your either rich or  poor. Who benefits from all this wealth? Not their people.  Latinos in this country should be criticizing the government of Mexico and it's leaders and not our politicians who want to protect our borders.  ,0.8944
13,"Here's the problem. The number of people in war-torn areas who want to ecsape for the better life in the richest parts of Europe vastly outnumber the entire population in Europe. They're leaving the counties that have the greatest growth of population. The stream of illegal migrants will certainly grow. I guess we just thought the extreme population growth would be good for the markets and all those people would just stay in their own dismal country. This needs a different, long term plan.",0.8834
14,"Heather Humphreys, Minister for the Arts..is completely out of her league. What remains now at Russborough is not enough to keep it solvent based on its collections.<br/>However, the solution should have been the transfer of the entire remaining collection to the National Gallery of Ireland which surely would have been the wish of Alfred Beit.<br/>Instead, this gift to the irish nation is auctioned to the Steve Wynns of Las Vegas, the Karimov dictatorship of Uzbekistan, the Putin kleptocrats or possibly the Qataris.",0.8827
15,"And then, they come to you for your vote. They say thank you, sometimes and they never see you again.  What a great nation America is! Aren’t you proud?",0.8748
16,"The reporting of the D.P.P electoral strength and the anxiety over Danish immigration misses an important point about immigration in Denmark. It isn't about a Muslim population; it is about how immigrants are integrated into Danish society. Denmark has every right to expect its new members to accept the social contract that Denmark has developed over the past few hundred years, and that means learning Danish, accepting the welfare state and developing the kind of responsibilities that the citizenry expects of everyone who wants to enjoy life in Denmark. ",0.8689
17,"Do US passports normally indicate the city in which you were born? I'm pretty sure mine doesn't and a quick look through all the images that google bring up when you search US passports suggests that, at best, it gives state and country.",0.8658
18,"I agree with you up to a point. The undocumented workers coming in ARE needed. I live right here in the Salinas Valley in CA that produces 40 % of the fruits and vegetables of this country. If we did not have these workers, there would be a real disaster, but they need to be regulated in a legal way for their benefit and ours. Over 70% of these workers that you see here working very hard are undocumented and pay no federal or state taxes. Their children attend our school for which they pay nothing. A good friend of mine works in such a school  of over 600 children where everyone is entitled to a free lunch. The children are not at fault nor the people who seek work, but our govt is that has simply ignored these issues for decades. Every country needs some sort of a coherent policy on immigration. We used to have one... I am a legal immigrant from Germany and a US citizen since 1970 and applaud immigrants, but we need to have a better way of regulating their status for the ones who want to come ( we need them) and for the ones who are here( we need them as well). ",0.8572
19,"thanks, mr. krugman. but the ills of puerto rico's volatile economy (always at the service of foreign interests) didn't start in 2006. it's a result of both colonialism and local corruption. for those interested in an insider's perspective on the matter as well, here's an article from UPR professor stanchich. <a href=""http://m.huffpost.com/us/entry/7911668"" title=""http://m.huffpost.com/us/entry/7911668"" target=""_blank"">http://m.huffpost.com/us/entry/7911668</a><br/><br/>""Until now, San Juan was invisible compared to Detroit and Havana, but its latent and tacit symbolic power should not be overlooked. Nor should its significant political voice on the mainland of the United States. Given Puerto Rico's heightened media visibility, no doubt the world now has its eyes on how the United States will respond to the needs of the island, one of the last colonies in the world.""",0.8348
20,"for me it is out of question the weird coincidence between what is going on in Libya, the corrupted organizations that host in Italy the thousands of migrants who are left free to cross the EU boarders, the 3.400 migrants rescued just the day before the G7 meeting in Bavaria, and the protest against the migrants invasion organized by Italian parties known to be financed by Russia (i.e. Lega). I think that the whole game is part of the Russian strategy against EU. Infact, it seems quite possible that: Russia sales her weapons to rebels/terrorists in the areas from where the migrants are escaping; Russia has corrupted the politicians that in Italy have organized the centers to assist the migrants from Libya; Russia supports the Italian parties against migrants. ",0.8225
21,"Dario:<br/><br/>I am from England, and from the bottom of my heart I want to thank the United States for meddling in European affairs. <br/><br/>If it had not been for the United States, I would have grown up in a Nazi or communist country. ",0.8126
22,"I agree with you 100%. It is scary that so many are willing to be fooled. I listened last night, and all I heard was Trump telling everyone how wonderful he is and how ""he's going to make America great again..."" if we are lucky, he's just another flash in the pan. If we are unlucky he could be the next president, trying to deport babies and other tiny American citizens. As he told Chuck Todd, we don't have time to change the law, they just have to go. ",0.8074
23,"Sorry, Rae, but America offers blacks more opportunities than any other country in the world. If you disagree, I'd love to hear what countries you have in mind.",0.7958
24,"I have to take issue with your characterization of Europe getting its riches from Africa. In fact, the Scramble for Africa was always more about nationalistic machismo than profit, and most of the European countries actually lost money on their misguided adventures.<br/><br/>I agree though, that the world isn't a fair place when it comes to natural resource distribution, and that there is no reason why white people should retain a disproportionate share thereof based upon geographical happenstance.",0.7928
25,"Finland, Norway, are Sweden are doing pretty amazing with socialism with higher standards of living than the US. It's communism that doesn't work. Two different things entirely.",0.7906
26,"Then why don't you leave the country if you feel that strongly against it?  You complain about our government.  What about the governments of the countries the people are fleeing from??  Look at how these people live!  In filth!! And they have nothing.  What about their governments!!?  The people need to revolt - fight for their homes - their countries - their freedom!  Just like we did so many, many years ago.",0.7891
27,"Just FYI, countries at the level of development of Vietnam, Bangladesh, India, Pakistan economically grow more by developing infrastructure than by free trade agreements.  ",0.7865
28,"While we calculate the various threats presented by Russia, China, ISIL, and Al Qaeda, Canada is preparing to release a massive cloud of soporific sanctimoniousness which will leave all the US incapacitated. The Canadians will then walk down into the lower 48 and establish a millennium of peace and brotherhood after we have awakened. With our Canadian overlords in place, the United Provinces and States of Canada will establish world peace, universal joy, and a global hockey league!   ",0.7777
29,"Maybe - maybe not. The US did very well under Libertarian principles for a hundred years. As did many other countries.<br/><br/>Should we along the way find the need to create a strong central government with special privilidges to take away the rights of the citizens, we can create a such - and your point of view will ve vindicated.<br/><br/>But until such time, Liberlanders may drink raw milk, Liberlander kids run limonade stands without permits, Liberland peace officers may not randomly shoot or taze their citizens - and Liberland government may not counterfeit, indebt their citizens or pursue aggressive wars.",0.7745
30,His views? We should be grateful that he divulges them? What about his projected policies? Isn't it incumbent upon him to mention those? Perhaps even beyond making mexico build a wall on our border--the man is a total buffoon. Only in the Republican Party could he even get up on a stage.,0.7691
31,One of the great sporting thrills of my life. Our American women are the backbone of our country.,0.765
32,We need more countries like Bangladesh and most of Africa to adopt China's one child policy.  I are with your comments on how much better this policy would be in other countries.,0.749
33,"I don't know about that. He would probably make Democrats even angrier.<br/><br/>He built the Panama Canal. Sent the Great White Fleet around the world. Opposed Wilson's non-intervention plan for WW I.<br/><br/>Quotes from Wikipedia:<br/>""we cannot have too much immigration of the right sort, and we should have none whatever of the wrong sort""<br/>Americans, he repeatedly said, were getting too soft and having too few children and were thus dying out. <br/><br/>All in all, one of the great presidents, along with Ronald Reagan.",0.7269
34,"With all due respect, sir, his country was the United States. ",0.7096
35,Grand Ecoles in France are perhaps even more competitive than American top universities. It would be interesting to know if they have a similar problem there.,0.6997
36,It would be easier for Texas or California to become an independent nation than for Puerto Rico.  We have been american citizens for almost a hundred years and has very few desire to be otherwise. ,0.6983
37,You should recall that a good deal of Ireland was in favor of NAZI Germany.  Ireland wouldn't even let British or American ships re-supply there.  ,0.6808
38,"Hopefully this will give us all pause to consider just how inadequate almost all of us are.<br/><br/>Ok, as you were, back to enjoying a perfectly ""exceptional"" american existence focussed on greed and blaming victims. Now that's the sort of American exceptionalism[sic] we know and love, right?",0.6808
39,"Agreed that this is an enormously important issue for all of us. A little hard to take the superior tone of the article, though. The ""United"" States are hardly united on immigration. There are bodies all across the southwest deserts and plenty of people who live their lives in daily fear of deportation. And, as the article confesses at the end, the US is largely responsible for the wars and instability that are producing this emigration from war-torn and failed/destroyed States. The Europeans have been doing pretty well for the last several years. They have absorbed large numbers of immigrants. England's population/demographics has been completely transformed. Angela Merkel has had her feet on the ground on this issue, working with cities which are undergoing violent backlashes against large numbers of immigrants arriving faster and faster. She deserves respect.<br/><br/>There are lots of cultural and economic and security (not just terrorism) issues involved here. In fact, this kind of migration affects the life of everyone on all levels. Let's see how well all the nations can come together on this. Too few are bearing too much of the burden right now.",0.6801
40,Sure!!  Bring them here -- as if we don't have millions of homeless hungry people right here.  Also let us remember the Boston Marathon boomers -- that family was also allegedly fleeing persecution.  There are plenty of people right here in America that need your help.,0.6792
41,"Yes, let's find a formerly undiscovered land like England did with Australia! American conquerors where art thou?",0.6696
42,"Further proof that politically the US is a backward, tradition-mired mess. Should one be surprised?  Unlike the rest of the world, this rustic nation has not yet even been able to institute the metric system. Europe, Canada, Japan, Singapore, Australia, New Zealand, etc. can make nationwide health insurance work. Uncle Simple cannot. It figures. Where else would the citizens of a state named Wyoming have 73 times the individual representation in the national Senate than that of citizens from a state called California? Where else could the President be elected while achieving fewer popular votes than his chief opponent? Oz? Who else takes pride in maintaining a constant, ongoing war in the Middle East, which is on the opposite of the world, while its own borders leak like a sieve and 12 million undocumented aliens roam its streets and byways? Happy Fourth?",0.6662
43,"You're right - the countries are fine as the are, and are treating their citizens well.<br/><br/>Those saying otherwise just want a free ticket to the EU.",0.6597
44,"Funny, a flavor of it seems to work well in... Canada, Australia, UK, Switzerland, Norway, Sweden...<br/><br/>They seem to kicking right along, undestroyed. ",0.6124
45,"It's obvious that over the last 25-years where the free-traitor mentally has prevailed, that our single largest export has been American jobs. <br/><br/>Regardless of what the free traitors keep trying to sell us, we can see what's real – The American People need to just trust their own instincts, common sense and what they've seen actually going on all around them versus all of the nonsense that the free traitors are still trying to sell us.<br/><br/>It's very important that we continue to be the unsilent majority until our messages of common sense are heard and that our leaders finally start putting some sensible measures in place to stem the tide. Otherwise this is going to continue to have a devastating effect on America and the American people.",0.6115
46,"Indeed I share your feelings. There are times when I read NYT and the one-sided very left-leaning coverage makes me quite angry. Instead of opening up the topic for discussions (of how to stem the uncontrollable influx), any attempts to question is automatically labeled as xenophobia or bigotry. For crying out loud, I was once an immigrant myself, but there's a process we all follow and go through. We assimilate and we embrace the new culture. I don't see any of these happening with so many muslim migrants (legals and illegals alike), and I must say I hate to see the entitlement mentality of how some people *demands* their rights once they're in a western country, when they would never even raise their voice in their own country, or in countries like Saudi Arabia, or China, or Russia, for example. In a way, just keeping on giving (and satisfying them) is never going to be enough.",0.5794
47,OH CANADA...<br/><br/>if Trump wins the Presidency <br/><br/>Many Americans will be moving to CANADA ,0.5719
48,"Guzman's outfit accounts for approx. 70% of all narco trafficking,  when you also consider that some $30 billion per year for the last say, 15 years of trafficking, that's a lot of money, especially in Mexico.  Where do you think all of that money goes? Some goes to paying off the pols and police there, most is reinvested in ""legal"" businesses such as big corporations(stocks) and small start up companies.. Why aren't the Mexican people doing something about this?  Instead millions flee each year to the U.S. then complain that immigration laws are too strict?  Yet, not one word from them and Mexican Americans in general about the basket case of a country Mexico has become.. nothing, nada!!! Some do however stay and fight for change and suffer the consequences from the inaction of the rest of their compatriots.  Time for reevaluating our relationship with them, long overdue, but nothing will become of it....  Too much at stake for our need of cheap , slave type labor outweighs the health and safety of us all, here in the U.S. as well as in Mexico.",0.5371
49,"Perfectly put, and as an American, I can vouch and testify that this is truly the modern face of America.  Horrifying, in every sense of the word.",0.5267
50,What a surprise the tactics we allow authority abroad would find their way home.,0.5106
51,What a surprise the tactics we allow authority abroad would find their way home.,0.5106
52,The refugees are not from Mexico; they are from South and Central America.  They are fleeing corrupt narco states which supply the U.S. with drugs.  We give aid to these narco states; we do nothing to displace the corrupt governments in place.  We have created refugees where none need exist if our foreign policy helped decent people in those states to form responsible governments.  The narco states are merely transit zones for the drug traffic aimed at the U.S.,0.5106
53,In gratitude the world should re-locate 2022 to USA and re-consider 2018 back to the UK.,0.5106
54,"Very morbid out look for America with the gruesome threesome you suggest , hope this never happens to America!",0.4926
55,"""...and perhaps allow the U.S. to join the 21st century.""<br/><br/>And the rest of the civilized world.",0.4767
56,"Tom, speaking of Taiwan....I recall last year, Bernie Sanders held senate hearings on health care abroad. Had testimony from experts from Taiwan, also Canada, France and Denmark. Caught it on cpsan by accident. That deserved detailed reporting, but I could find no NYT coverage. <br/><br/>This is how Americans are kept in the dark about how things like h/c have been done successfully at lower cost, for generations in other nations. Let's keep it dark? Mr. Krugman, may have some familiarity with this topic, due to all his world travels. He might shine a light.",0.4588
57,"Nancy, clearly you bias about the New York Times has blinded to to the fact that the cabinet shakeup in Indonesia is to quell any possible political unrest for in some of that country's provinces that are experiencing economic downturns.  <br/><br/>To get a more complete picture of what I am talking about please refer to the economic and political summaries from The Economist:<br/><a href=""http://country.eiu.com/Indonesia"" title=""http://country.eiu.com/Indonesia"" target=""_blank"">http://country.eiu.com/Indonesia</a>",0.4588
58,"I think we should do opposite. The places like Middle East, South East Asia, Europe are extremely over populated and short of resources. Therefore constant wars and refugees. Places like Canada, Australia, Saudi Arabia, Oman, Algeria, Libya, Niger, Chad, Mauritania and Mali are less populated and have lots of resources. So we need to force those countries to accept those refugees and and resettle them on their territories or face trade embargo.",0.4588
59,"Continuing, who knows? (Mind you, I think voting for Clinton is nuts no matter what, because with anyone else, one can claim ignorance, but she has revealed herself by cackling in glee like a 9 year old at the news that someone was sodomized with a bayonet in public. That chills me. I prefer someone who at least has the decency - and control - to pretend to be sombre about such things.)<br/><br/>The problem with America is not domestic policy for Americans, but with the American Empire. It is not a good thing, empires never are. And while the next obvious candidate for empire could be and will likely be far, far worse, that's tomorrow's problem.<br/><br/>Krugman should know better. A mere year or so ago, he was rattled to the core by Thomas Picketty's book. He started to really wake up - and he was already more awake than any of his fellows who haven't escaped the institutional air of that continent and gotten out. (I'd guess Krugman would be a real force to contend with if he would get out and be an expatriate for a decade or so - and continuing forward, as he wrote from his new home.)<br/><br/>It's strange, but with surprisingly few exceptions, it seems, Americans who reside in the asylum seem to be unable to really escape that paradigm, even just a wee bit.",0.4461
60,"I wonder how many Hispanics work at Trump's golf properties.  He would not be able to operate these properties without the hispanic labor.  Additionally, the US could not operate without the illegal immigrants that Trump is trying to keep away from the country.  ",0.4449
61,The United States is entering its own personal Dark Ages.  Other countries have opted out . . .,0.4215
62,"Everything you wrote about PR is also true of the US Virgin Islands. Population of St Croix is estimated to have dropped by 30% in the past three years, as refugees head for the US mainland. When Cuba  becomes fully operational as a tourist destination for Americans, the Virgins will deteriorate further. ",0.4215
63,All Americans? What country are you living in? Certainly not the U. S. of A.,0.4137
64,"Yes, I believed the Native Americans believe in a 3rd gender or a twin soul or some such.  ",0.4019
65,"I'll vote for the original boundaries and I hope the Native American Indians will provide amnesty to all of us for having invaded illegally their lands. This is hardly political correctness, bd, it's a matter of knowing how this wonderful country came to be. Those of you who fail to recognize the inconsistencies in our ""glorious"" history would no doubt deign not to recognize our destruction of the beautiful planet we inhabit.",0.397
66,"What's the saying?  Figures don't lie, but liars figure?<br/><br/>Obama is now counting Mexicans returned at the border as deportees.  They weren't previously counted.  If you make it 50 miles inland you are scott-free.  The US takes in more immigrants than everybody combined.  That's why we have a huge labor surplus that has destroyed the middle class.",0.3968
67,Isn't it insulting to equate a working-class immigrant background with personal financial incompetency?,0.3875
68,Why is it that India and China have been singled out for criticism? They are overpopulated countries. Most of the West European nations are showing population decline. Why are none of them singled out? And what about Arab countries like Saudi Arabia and UAE who have a lot of money. Don't they want to help their fellow Muslims? ,0.3855
69,"Oh, joy.  ...and all you 'progressives' are slavering over ANOTHER STUNNING PROOF of racism in America.<br/><br/>Except it's just not true.  <br/><br/>Ask yourself this.  Why do Chinese, Vietnamese, Mexicans, Africans and all other immigrant groups integrate to our culture so easily - in one generation.  Why is it that they have quickly become mainstays of our country and our economy?<br/><br/>Maybe it's because no one makes excuses for them.",0.3853
70,"As well, most of those Irish, Germans, Italians, and Chinese arrived in this country legally.",0.3612
71,"So, how do civilized countries, like Canada, France and England, handle this issue?",0.3612
72,"""The French resist as Uber tries to conquer Paris""<br/><br/>A brush too broad.<br/><br/>Many French Do like Uber.  That's why it's being used :-)<br/><br/>How about:   ""French Socialist Government tries to outlaw Uber"" , as both the major of Paris, Anne Hidalgo, and the President of France, Ms. Holland, are member of the PS ,  the Parti Socialist ?<br/><br/>Seems more accurate.",0.3612
73,"Matt, As a citizen of Manahachtanienk for more than a half century, I can assure you that not much has changed here since the Lenape-Delaware Indians named it.",0.34
74,"Agreed, and the right wing wants to put an end to that in America!",0.3382
75,She was a LEGAL immigrant. What is your point?,0.3034
76,"and how about Mr.Nixon or Mr.Bush talking about his kids  are they talking  only to whites, our country still is not sure that our president born in USA or he is Muslim or Christian, so what or who we are electing , is there a dress cote for our president ,if there is please lets us know, white/christian/like country music so forth, shame to all of us , we are telling all the world to be fair and look what is going on here, l am a 81 years old man love this country but not the thinks going on now",0.3026
77,"Donald Trump is like the genie escaped from Alladin's Lamp, and you know what? He's not going back in. This is what we've inherited America, from years of kowtowing to politicians who pay only lip service to the real concerns of many Americans. Trump, in speaking his mind, is breathtaking, if not a little frightening.  But he is connecting with the American people because he is genuine, and says what he thinks. He is shaking things up in this country and that is what we need.",0.2972
78,"When were riots...justified?"" Well how about the American revolution and the French revolution, to name two.",0.2732
79,"I think this should be a warning shot to any candidate running for president in this country. These women jumped ship because they recognized how demeaned they were in a country that proclaimed to provide the joyous fruits of democracy. If poverty, extreme wealth inequality, protections for women and immigrants, basic dignity in healthcare and food security are not addressed (and their solutions codified into the American contract), marginalized, disrespected and angry Americans will be recruited to this pathology by the droves.  And in reality, they will be migrating from one pathological cesspool to another.",0.2732
80,"Libertarian ideology is anything but a ""homegrown"" American one. It has its philosophical roots in the classical liberalism of the 18th and 19th centuries, which itself stemmed from the European Enlightenment; among its early luminaries were the British philosophers John Locke and John Stuart Mill. And of course the philosophy had its continental European contributors like Friedrich Hayek, an Austrian, and Frederic Bastiat, a Frenchman. If Professor Worthen means that the libertarian-leaning *policies* that have been implemented in America in recent years stem from homegrown attitudes that are non-intellectual, that's one thing...but to call the *philosophy* a uniquely American one is profoundly ignorant of its history.",0.2617
81,"I don't get your point. They're talking about migrations into Europe, not the Americas which I thought was a different migration (eastward not westward) made by a different population of people at a different time. They're also talking about the spread of the IE language into Europe and what group may have done it which again is not the language group(s) of those who spread to the Americas. And Europe wasn't unsettled even when the earliest Homo sapiens got there. Neanderthal humans were already there. ",0.2411
82,"I'm proud of families like yours that immigrate here the right way, through sacrifice and hard work.  That is the foundation of America. How insulted you and all the other people that did they same must feel. I know I would.",0.2263
83,"The smartest choice for what remains of the American middle class seems to be leaving the U.S., to non-TPP countries like Taiwan or Thailand or Ecuador.  Why invest in the future of a country that is trying to kill you?",0.2023
84,"To all the commenters focusing on the immigrant experience, I think it's important to note that African Americans weren't immigrants.",0.2023
85,It's a pity to find a supposedly intelligent senator letting a foreign government determine American policy.,0.2023
86,"What ""mass immigration""?<br/><br/>That peaked about 6 years ago at just over 13 million illegal immigrants. Since then, the number has declined to just over 10 million. In fact, were our borders more open, the number would likely be even lower, as millions of mostly Mexicans used to regularly cross into the U.S. for six to nine months of agricultural work every year, then return home. Then we started sealing up the border, so now they remain here once they make it across.<br/><br/>And of course, numerous studies (even one conducted by the Comptroller-General of the State of Texas) have all concluded that illegals actually contribute billions more to our economy than we pay out in programs that help them.<br/><br/>But then Trump's popularity, heck, NO Republican's support today, is actually built around any facts or sense of reality! So why should these things matter?",0.1825
87,"Wanda, I think you should go to PR and see the situation all undocumented person that is arrested end up in an airplane back to Dominican Republic. The problem is not that people decide to take risky decision the problem is if the government of PR allows people stay there without proper documentation. Dominican government is trying to legalize people as they can. Have we legalize all undocumented people in the U.S.? the answer is not. DR is the only country that has support in terms of economics and terms of human suffering. Before and after the earthquake DR was the first one to arrive in Haiti. In the other hand, Haiti is a nation without laws and government that has not done anything to improve the condition of its citizens. DR has supply food and has taken undocumented people more than other nation. Have you seen what the Bahama's government has done with the illegal Haitian? the answer is the deport them but before that they put them in cage. You should have a better picture before you write your thoughts.",0.1556
88,"I hope you realize that you are basically epitomizing the so-called ""ugly American."" I can assure you that there are people of all nationalities who can be that person who's too loud and dismissive of the locals. Even some French people can be that way. Years ago I was eating at a restaurant in Saigon, and the French couple next to me was upset that the Vietnamese waiter and the staff only knew English (as well as Vietnamese, of course). <br/><br/>As some British (and I think Canadians?) say, don't get your knickers in a twist.",0.128
89,"Europe needs to get out of FIFA and form it's own competition. Invite select countries only if they pass stringent anti corruption requirements.<br/><br/>The idea that we are somehow going to improve world soccer is laughable. These corrupt national football organisations simply represent the countries whose flag they fly under, which are usually corrupt throughout society. Corrupt third world nations are ruining the world game. Lets not ""play"" with them any longer.",0.1027
90,"Germany has the lowest birth rate in the world. It needs these people there is nothing ""heroic"" about it, and with the right rising angrily, it has announced it will cut back the numbers now. Merkel, the putative leader of the EU, shares the EU's dangerous goal of borderless nations without power to enforce individual immigration policies: it works for global corporatists who are eager to create a fluid, mobile, low-paid work force so huge that benefits systems topple and the workers are too terrified to protest at their low wages.  I'll refer you here to Karl Marx, since you seem to learn leftward: ""You can have a successful welfare state or mass immigration. But you cannot have both.""<br/><br/>If you think Merkel and the EU are pushing now to force member states to obey orders now on non-European as well as EU migration out of the nobility of their souls, you're mistaken. TTIP is in the pipeline: this is all about breaking down national identities, borders, and cultures.<br/><br/>Germany needs its aging workforce replaced. The UK does not. Denmark does not. Iceland does not.",0.0715
91,"Actually, I'm more worried about the next 11 million and the next 11 million after that. Are you in favor of an open border?",0.0534
92,Speak for yourself. This American supports the victims.,0.0516
93,"Which ""American people"" are you talking about Mr. Reality Check?",0.0
94,"xinghuo,<br/><br/>thanks for the explanation and your enthusiasm.<br/><br/>i'm in canada now.  i won't be in japan again until next march.",0.0
95,"Puerto Ricans have routinely voted to remain with the US by very large margins. Puerto Ricans are US citizens with US passports. The minute there is a hint that the Federal government is going to jettison the island and make it an independent state there will be a mass exodus unparalleled in US history as 3 million Puerto Ricans move to Orlando, Florida en mass. ",0.0
96,"@Andrew:  You wrote, ""Why is this being presented to the world as ""the three Americans"" who foiled a terrorist?""<br/><br/>Headline of the article says ""Americans and a Briton""<br/><br/>FYI",0.0
97,"Why should election materials be in Spanish? To vote, you must be a citizen, and to be a citizen, you must speak English.",0.0
98,So the only thing keeping America from its world-envied greatness is a shooting in a church somewhere?,0.0
99,"I have a list of questions. 1) today ,if a child is born in tel aviv,to American citizens what goes on his US passport? What is on his Israeli passport?  2) What went on the child's US passport 3) between 1948 and 1967 4)between   1967 and the time the congress passed its bill 5) between the bill and the present day time In reality   6) Can the next president change the present day rule at his will?",0.0
100,"You do know that the term ""soccer"" is British in origin, don't you?",0.0
101,your right.  it's official.  america has gone so shallow that its bottomed out....,0.0
102,The US is not the only country.,0.0
103,Length shouldn't even enter into the discussion...,0.0
104,"Hey Richard,<br/>     There are some countries and cultures that will never except your premise. The Afican countries you mentioned are not developing their cultures. They're cultures have already developed.",0.0
105,"once you give someone citizenship , that person is ours. its the green card guys that get thrown out. most nations around the world let you keep just one citizenship",0.0
106,Arm them and send them back. Let them fix their countries instead of colonizing ours. ,0.0
107,Another Indian who wants to be more American than the Americans. ,0.0
108,Mexico is a corrupt narco state.  The chief market for its drugs is the U.S.  The chief supplier of its guns is the U.S.  El Chapo wouldn't exist without El Norte--that would be us.   ,0.0
109,""" there are only two developed nations in this hemisphere.""<br/><br/>Tell that to Brazil.",0.0
110,"If Eddie had ridden American Fayrow, he would have had to change his name to Arcairo.",0.0
111, It's time they stood on their own two feet but not on the land of the indigenous people of Palestine. They are foreigners.,0.0
112,"Korea, Vietnam, Philippines, Thailand, Cambodia, Laos, Papua New Guinea, Australia......",0.0
113,"These Yamnaya were the third to arrive, the most recent, not the first.. The first settlers of Europe appeared around 45'000 years ago. ",0.0
114,Do not fret birthright has always been about short time hook-ups.,0.0
115,"Korea, Vietnam, Philippines, Thailand, Cambodia, Laos, Papua New Guinea, Australia......",0.0
116,"I will always stand up for Mayor deBlasio, my fellow citizen of Red Sox Nation.",0.0
117,"By your definition, David, the USA was a socialist country up until about 40 years ago.",0.0
118,"""Many of these people flood their destination nations and go right back to living the ways that led to their origin's demise and this is what needs to end.""<br/><br/>Bravo, Brian!<br/>You are right on the money!",0.0
119,Let's make it quicker and cheaper to deport them.,0.0
120,"point of order:  he ""became"" an american citizen when he was born in the us....",0.0
121,Democracy in America is dying.,0.0
122, You said you have been to africa do you mind if i ask where and for how long your stay was?,0.0
123,"Funny -- they didn't care about ""the wrong side of history"" when it came to Citizen's United.",-0.0072
124,The US lost it's heading. Never seen this country been so polarized. The US always needed a materialized opponent. Neither the future nor being an united society seems to be an inspiration. An idealist without a vision just get's tired and hard to motivate for anything.,-0.0186
125,All that was needed for something evidently so critical was for the President to address the nation and explain how this would have worked and why it was good for the American people.  Why this did not occur is a mystery.,-0.0236
126,"Meanwhile China is rubbing its hands at the possibility of more influence in Latin America.<br/><br/>Many people don´t seem to understand that the Mexico-USA relationship is a complex one, and that both countries have had good and bad effects on the other one, and both had been able to benefit to some degree. Trying to simplify everything by saying that because Mexico has drug cartels, Trump is right, and that trade with Mexico has not benefited the US in any way reflects ignorance.",-0.0258
127,"This OECD 2015 report is an unbiased description of Canada: <a href=""http://www.oecdbetterlifeindex.org/countries/canada/"" title=""http://www.oecdbetterlifeindex.org/countries/canada/"" target=""_blank"">http://www.oecdbetterlifeindex.org/countries/canada/</a>",-0.0258
128,Indeed. Children do very well in Africa. I doubt you'll get any of American Blacks to move there. ,-0.0276
129,"It's a short term economic deal.  Modern history tells us repeatedly, the Europeans, Russians and Chinese don't care about either American or Israeli citizens.  Feeding the economic coffers of a theocratic dictatorship with their Revolutionary Guards working tirelessly and successfully around the globe to instill terrorism and their Ayatollas brand of Islam is incredibly short sited and ignorant.<br/><br/>One can always count on the short term interests of the  nations of Europe, Asia and Russia to be prioritized over the long term good of the globe and it's Uber Citizens.",-0.033
130,Pretending that illegals impose no costs of most Americans is inaccurate at best. Illegals are hand maidens of the one percenters. Advocacy for their demands over the rights of hard working Americans not to have our communities flooded by low skilled non-English speaking foreigners who have broken our laws is the most elitist thing imaginable. ,-0.0516
131,"The UN doesn't have the authority to tell the Jews what they may or may not do in their sovereign, ancestral, indigenous, homeland.",-0.0572
132,"Ack, this has probably been stated, but:  Puerto Ricans are US citizens.  They cannot ""emigrate"" to the US any more than someone moving from Michigan to Ohio ""emigrates.""  <br/><br/>The interesting question is why there is not more migration from PR to the mainland given the weak economy.",-0.0772
133,"Probably the former, I'm sorry to say. This is the country that re-elected W, after all.",-0.0772
134,Isn't it interesting how no one on the right ever seems to care when an American citizen is murdered by another American citizen? <br/><br/>Almost all of the mass shootings in this country were committed by white males who were born here.  The right just shrugs and hugs their guns a little tighter.,-0.092
135,Weren't those legal immigrants?,-0.0951
136,"Right Jeff. This will go through in the end -- the hard way. America's foreign policy should not be ""entangled"" with that of other nations. We knew this a long time ago. ….",-0.1027
137,"Just forty years ago, America called itself ""The Land Of Freedom"". Now we call our nation, ""The Land Of Laws"".<br/><br/>Think long and hard about that.<br/><br/>Saint Louis County is merely a snapshot of America.",-0.1027
138,"While Ana is in a uniquely bad spot due to the high cost of law school, the idea that the average undergraduate leaves school with five figure debt is appalling in a rich, industrialized country such as our own, so I concur with her that this is a very significant issue that America needs to address if we wish to remain a first world nation.  Hillary seems to be catching on to the damage that current practices are causing.  Let's hope she can tease out a feasible solution.",-0.1045
139,"We should all boycott Disney parks, movies, and products.  But - maybe now my party, Democratic, will get the message that we need immigration reform and restrictions.  We Democrats from the Labor side of the party have been screaming about how the huge increase in immigration over the last few decades have severely hurt American workers, but no one in our own party has listened.  Immigration is good, but not at the high numbers we've had for the last 20 years.  Since the early 90s, we've had the largest immigration wave since the early 20th century.  It's not sustainable.  And, by the way, the American worker who suffers the most from increased immigration, is usually the worker who just became an American citizen and is employed in the service industry.  They're usually the first to lose ground to new immigrant workers.",-0.1735
140,"You make good points, but are posting from Canada, a low population density country. There is a lot of room in Manitoba, not so much in Belgium.",-0.1779
141,"Roger in this my second try I begin with these quotes from you:<br/>1)	Europe has mostly shrugged.<br/>2)	European countries have a history of turning back desperate refugees — and regretting it subsequently.<br/>3)	His name is Vladimir Putin. He has ideas. Europe, for now, has none. That is dangerous.<br/>In your second try you might do two things:<br/>1)	Examine the modern record for the two or three countries that have the best record measured in terms of number of refugees from the Middle East, Africa, and Afghanistan per 10,000 citizens/permanent residents in the country being reported on.<br/>2)	Compare that record with the modern record for the US as concerns each nationality.<br/>I assume that you can access the necessary data. I believe you will find that Sweden and Germany are at the top of the list and far more accepting than the US. If I am correct, then you should be writing about the poverty of ideas in the US and even giving us one or two of your own.<br/>Why should the US, so far away from all these torn up countries, act to match Germany and Sweden? I offer only one reason, which seems like a good start. It is the US that has major responsibility for the situation in the Middle East as a result of illegal intervention in Iran, the GWB war in Iraq, possibly actions in Somalia, and the US record in Afghanistan.<br/><a href=""http://Only-NeverInSweden.blogspot.com"" title=""Only-NeverInSweden.blogspot.com"" target=""_blank"">Only-NeverInSweden.blogspot.com</a><br/>Dual citizen US-SE",-0.204
142,"In a world in which anything is possible, nothing is surprising. ",-0.2057
143,"What a piece of work Donald Trump is - the ugly American incarnate.  And yet, he has a following on television, in business, and in the Republican Party.  What does that say about us?<br/><br/>American exceptionalism, indeed!",-0.2244
144,"This ""crime wave"" has been taking place in urban America for the better part of a year now. Cold weather put a crimp on it for a little while. The police in this country are between a rock and a hard place now. ",-0.25
145,"If this isn't a warning sign for the USA, I don't know what is.  Wake up.<br/>Legal Immigration is wonderful for people on both sides of the fence.<br/>Illegal Immigration is a time bomb.  Tick, tick, tick.<br/>Trump brought the issue to the forefront but unfortunately did so in a blasphemous manner.  This issue needs to be wrangled with a cool head who is looking out for USA's future, not their own.  Immigration should not be treated like a political career move.",-0.261
146,China did not grant Snowden asylum.  ,-0.2755
147,"They are not migrants. They are criminals.  As the photos show, 99% are young single, and violent, men. They are not poor - they have paid $5,000 to gangs to bypass border controls. Unless anyone who turns up without a valid visa is immediately deported the problem will only get worse. If Europe provides a free water taxi service it will get much worse. If they are given a free house, free spending money, free healthcare and free education they will keep coming.<br/><br/>The British government should look after Brits - and it should not give their money away to foreigners. Other governments should look after their own nationals. Anything else is a recipe for chaos.",-0.2837
148,Stop saying migrants. They are refugees. ,-0.296
149,It is already happening - a flood of immigrants is overwhelming Europe. Africa in particular is dumping its surplus.,-0.3182
150,Not really. Phones purchased anywhere outside North America are quad band. Sucks to be American?,-0.3612
151,"Ok Mamba,<br/>                Is there anything redeeming about America.Have we been on the wrong side of History, sure, but more likely, we have done more to preserve freedom in the world than any other country in History. We have sacrificed our blood a Treasure to stop the slaughter of Muslims in Serbia,&amp; before that we did more than any other country to stop German Aggression in the First &amp; Second World Wars, We kept South Korea a free Democratic Country.One could say we did it for selfish reasons such stopping the Spread of Communism.&amp; that would be true, but the end result was the same. Reagan stood up to the Soviet Union &amp; defeated them by displaying our might without firing a shot.I could go on &amp; on , but I made my point.Mamba, lets have  a level playing field, &amp; as much as it hurts, give your country a little credit.",-0.3798
152,"""I deny you and the American people the moral authority to judge me and mine.""<br/><br/>I'm not getting your assumption that any individual who is a citizen of a country that has committed wrongs is thereby precluded from criticizing the wrongs of another country. If you think the Holocaust etc. is no worse than slavery or the slaughter of the native Americans, that's certainly your privilege, but its not your privilege in ethics or in logic to demand that foreigners keep quiet about things you as a German don't want to hear.",-0.3985
153,"One way to stop this humiliation by Disney to our citizens, fellow Americans, would be to boycott the amusement parks Disney now operates. I will surely do it, but so many others in our country could care less about their neighbors and other Americans. It is disgusting what Disney is doing!",-0.4271
154,"Remember how the wingnuts went nuts when they discovered that Elizabeth Warren once identified herself as Native American?   Will there be a wingnut double standard?    Or will they overlook that, as they overlook Rafael Cruz being Canadian born?",-0.4291
155,"I disagree with the writer that immigrants were losers in their native countries.  In my view the immigrants were those who possessed the pluck and grit in their characters which permitted them to sever ties with a culture they knew and in which they had little opportunity to pull up their roots and leave for foreign and unknown, even hostile shores.  Anyone who is capable of changing cultures and enduring the pain, the solitude, and the anxiety of such a move is likely to succeed in the countries where the opportunities are more plentiful.",-0.4391
156,"Mr. Brooks, I don't care about the rest of the world as much as I care about my family, my state, my nation, my people! Trade deals have destroyed the middle class in America, wages are stagnant and trade deals only benefit the wealthy, so shut up with your propaganda please.",-0.4493
157,"Tens, if not hundreds, of thousands of uneducated and unskilled young male immigrants arriving in First World countries, asking for asylum and all the social services that go with it.<br/><br/>What could possibly go wrong?",-0.4767
158,"Ugh, really? You're going to pick on swimming? As if the issues of developing countries have anything to do with this. ",-0.4871
159,"I have a swell idea.  Let's promote rebellion in Syria with US taxpayer money, then act surprised when there are large amounts of refugees.  We can blame the refugees for being poor, crossing borders, and being Muslims!  <br/><br/>Does that sound stupid?  Welcome to Obama's new old world order.",-0.4926
160,Dysfunction clearly rules our nation.   A sad day for America.,-0.4939
161,"birds of a feather flock together.<br/>The next challenge is to decide how to classify the birds!<br/>They're still all birds.<br/>In America, which I define as NAFTA....here's one suggested methodology:<br/>1. First Americans.   an obvious classification. For pragmatic reasons, we need to create a special classification for them in the attempt to address the Broken Treaty Problems that exist clear across NAFTA(America....not just USA.....wait till we begin noting the outrageous violations in Mexico and Canada).<br/>2. Black Americans.  Those Americans that to this day, still carry the legacy of slavery in America.  WE clearly need to examine repatriations to make a clean break from this category.<br/>3. AMERICANS......thats the rest of us...regardless of skin color, religion, national origin, etc, etc.<br/>4. Finally, Foreigners, those folks who live here but arent Americans yet.",-0.501
162,"While we need to sympathize with the growing problem of refugees and their offspring, worldwide, we must also be wary of demonizing the Dominican Republic in trying to protect the best interests of its own people, and their limited resources. Before we embark on a holier-than-though crusade against the Dominican government, we should examine the similarly strict requirements for citizenship enforced by such countries as France, Germany, Spain, Portugal, Greece and Italy, to name but a few. The bottom line is that citizenship is not a right- it is a privilege conferred on some - within the framework of customs, laws, and constitutions of the countries involved. A country has both the right and the inherent responsibility to control its borders. John Lennon sang wistfully that we should ""Imagine there's no countries, It isn't hard to do"". However until that day comes, we must face up to the often harsh and difficult realities of the world as it is... ",-0.5033
163,"Not exactly the best comparison, considering the colonies revolted and became the United States. In any case, the Revolutionary War occurred over 200 years ago and all debts settled, whereas we are talking about a timeline of less than 50 years here. With your logic, the U.S. should be doing nothing to address poverty among Native Americans, the Israeli-Palestinian Conflict, or CO2 emissions more than developing countries. Also, for your information, there is fast growing momentum among formerly colonized countries to seek reparations for past injustices, including Haiti against France for the fierce debt imposed on Haiti after achieving independence. You cannot bracket past actions from the present—that is only possible for the privileged such as you and I, being American citizens.",-0.505
164,Neither is Entenmann's.  Really awful. ,-0.5095
165,"As individuals, Germans do not owe anything for the sins of their fathers; however, as a people, society, and nation they do owe.  If one is to enjoy the bounty and privileges of your nation and society, then one must also bear its responsibilities and sins.  And yes, this also applies to Americans in regards to the slavery of blacks, and the genocide of native Americans.   ",-0.5106
166,"I think today's column misses the bigger question. What does this crop of Republican candidates tell us about America? The candidates reflect the views of many, maybe most, Americans, alas.<br/><br/>American voters have given the Republican party control of the legislative branch. More than half of American voters re-elected George W. Bush in 2004 after he had taken our country into the Iraq War. <br/><br/>Paul Krugman should worry less about wacky Republican candidates and more about the American people.The question is not how the Republican party can find its way back to sanity--it is how our country can. ",-0.5106
167,Had the government done this sooner there would not have been a 9/11 and those Americans would be alive today. How soon we forget that the enemy really isn't the American government.<br/>The next strike may include you.,-0.5106
168,"One thing though - Canada has always been an unusually secretive country. Even now it simply doesn't release government archives no matter how old unless on request and subject to heavy redaction. The present system dates back to Trudeau and no one seems much inclined to change it, on left or right. ",-0.5106
169,"Sadly, Ms. Dowd cannot escape the the crippling effects of HRC Derangement Syndrome even by crossing international borders.  ",-0.5136
170,"Let's not forget the Riis was a product of his time, from Denmark, and held the Northern European view that Southern Europeans (Italians) were not of the same ""material"" as his Nordic counterparts. Southern Italian immigrants in the late 19th and early 20th centuries were usually not welcome by Americans and were, for the most part, confined to ghettoes--hence some of the problem with assimilation as observed by Riis. ",-0.5445
171,"More than 75 % of undocumented workers living in the Dom Rep do not have documents from their country of origin. So where do we start ? "" Please write your name, last name, place of birth and date of birth in this piece of paper and come back in 2 days to pick up your Dominican green card ? "" The Dominican official taking this application only knows that he or she has a breathing living human being in front of him/her and could verify ONLY gender, weight and height. Could that applicant be from a French speaking Muslim African country ?? How do we know whether that applicant has joined ISI or not ?? Then there is another group of applicants that will claim to have been born in the Dom Rep and their papers (national ID cards and passports were not renewed by the authorities) Here the authorities, under international pressure, have disregarded the constitution and started last week to ""return"" Dominican citizenship to these group of people. I said disregard because when upon auditing many of these cases it became clear undocumented parents lied about their status so that their children born in the Dom Rep would get a birth certificate. Now there is a third group that claims to have been born in the Dom Rep (people of all ages) but have no documents to prove it. Again, under international pressure, the authorities have said "" okay bring 7 witnesses and if not born at a hospital please also bring the midwife to testify you were born in the Dom Rep "" Is this for real ??",-0.5514
172,"I'm seem to recall, just a couple of days ago, two unarmed Americans stopping a shooter on the French train.  Alas, it does not reinforce Jack M's world view, so he has conveniently forgotten.",-0.5574
173,Illegal Central and South Americans aliens go through their life without ID in mass in this country.  That is the point.  ,-0.5574
174,"Trying to follow the logic here, but I am totally lost. Would this mean that Catholics born in Vatican City could obtain passports saying they were born in their native European country? Can non Saudi Muslims born in Mecca use their native country as their place of birth on passports? Scientologist, I'm not even going to guess how that could end up on a passport. The bottom line, from our founding fathers, don't mix religion and politics.  ",-0.5789
175,"Oh please. Many of the countries from which the migrants come are simply poor and badly managed. There are hordes of Nigerians, which isn't the equivalent of the current state of Syria and Libya, but is simply by totally corrupt governments, on those boats. I've seen two interviewed already.<br/><br/>European countries are not obligated to take in the entire population of north Africa. Bad decisions by government officials who then retreat to leafy upscale enclaves when they retire should redound on the shoulders of their own working-class and poor, which is what always happens.<br/><br/>When Jean Claude Juncker retires to his chateau in tiny, tax-haven, very rich and very homogeneous Lichtenstein, you can bet there won't be a boat migrant in sight.",-0.5873
176,"Like I said, the only Country to demand apologies is the one Country who's government failed to fight back.....unlike the countries that you named.",-0.5994
177,Clueless.  Rome is burning.  Time to get out of state of denial.  Corporations control this country and the politicians they buy.  The country is so deeply pro-business that it is contributing to wealth disparity and climate change.  Time for a change.  The corporatocracy is killing us!,-0.6114
178,"Trump is talking about illegal aliens.  Illegals are a scourge on America's legal resident alien (""Green Card"") Hispanics and Hispanic citizens.  Soon, hopefully, Hispanic leaders in the USA will wake up to this.  They need to take note of the feelings expressed by a Hispanic speaker and an African American speaker excoriating the Huntington Park city council for appointing two illegal aliens to city commissions. ",-0.6124
179,A gathering of those who represent the worst of our country.  ,-0.6249
180,As a naturalized citizen guilty of commiting a felony isn't Dinesh D'Souza eligible to be deported? If so why hasn't he been? We are eager to deport Mexicans for making a right turn without signaling so why do we keep in the country a felon convicted of trying to subvert democratic politics?,-0.6531
181,These same people who pressures the Dominican Republic to take care of Haiti's problems are the same people who stole all the billions of dollars donated after the earthquake.<br/><br/>Dominican Republic is not the solution to Haiti's problems.,-0.6664
182,"Mark my words, they will not stop until they can rest assured that everyone in this country works for the minimum wage with no vacation time and no health benefits, let alone a pension. (God forbid that one should get a pension in one's old age after a lifetime of service -- none of the other industrialized first world nations indulge in such nonsense :-/ )",-0.682
183,The presidential candidates should address this issue and say how they're going to deal with China on human rights and what Americans can do as individuals to stop the country's abuses.,-0.7003
184,"Jose Antonio Vargas, an illegal, is incorrect.  Language does not ""belong"" to those whose story is being told.  Illegals only get to share a language. They don't get to own it.  The entitlement mentality is bad enough as it is.",-0.7096
185,So Americans think income inequality is wrong - except when it comes to the very poorest workers.  USA!!  USA!!  USA!!  Let's give ourselves three cheers for hypocrisy.,-0.715
186,"another commentator said it best: Maybe if Trump had not called undocumented people crossing the border rapists and criminals, maybe if he did not advocate for the ouster of 11 million people and maybe if he did not declare that children born in this country to undocumented parents should be deported, Jorge Ramos, a prestigious mexican american journalist, would have waited his turn to ask questions.<br/>The reality is that Trump would never have called him because he doesn't want to answer any substantial questions especially from a journalist belonging to Univision, the network that banned his pageant.",-0.7369
187,Believe it or not but there is a group of people in the US who believe that our immigration policy needs some serious adjustment.<br/><br/>Trumps talk about illegal immigration is what many think privately.,-0.7469
188,"So many problems are caused by a lack of a national ID. I have no idea why the US never got it together to identify its people. Yes there is the SSN, but it is not an ID. We have millions of undocumented working illegally. With a national ID there would be no need to build fences to keep would be workers out.<br/>And voting would not be a problem either. But I guess we have billions of dollars more to waste for our exceptionalism.",-0.7521
189,"The politicians fiddle while Europe is invaded.  And the liberal media, elites and PC police, here and in Europe, want to pretend there are no costs or consequences to the open border policy they have devised, and accuse any criticism as coming from racists.<br/><br/>It is all too clear that the magnitude of the illegal immigrants will destroy Europe if allowed to continue.  These people are gaming the system.  A full stop at the points of entry is what is needed as well as a total elimination of any benefits that are currently provided, including the ability to get jobs.<br/><br/>When that dries up, and the borders are patrolled, this invasion will diminish.",-0.7717
190,If American exceptionalism was actually exceptional then the mere fact that Puerto Rico is part of America and the people all Americans should be more than sufficient to lift the island above all the surrounding Caribbean nations. It just goes to show that exceptionalism is all nonsense. As it has always been.<br/><br/>We should note that our current delusion is no different from Chauvinism for the French or the 19th century delusion that John Bull was meant to rule the planet.<br/><br/>If we are not careful our Jingoism will lead our people to ignore the rest of the world passing us by while our politicians and social leaders become ever more shrill about how exceptional we all are.,-0.781
191,"Just how is ""anchor baby"" a derogotory term? It is aptly descriptive of exactly the illegal activity taking place. People thumbing their noses at the law, sneaking illegally into a foreign country to have the citizens of that country pay for their medical care, and then staying because ones child was born here. The whole thing stinks, and as a progressive, I'm fed up with it too. Enough already. Where does it stop? Granting amesty for the millions already here is fine, I get it, what's done is done, but what about the next 10 million illegal immigrants who enter the country years from now, repeated over and over? ",-0.7839
192,"""The death penalty has been around in this country long before there was a country here."" So what?",-0.7845
193,"Funny -- I just had an interesting conversation with a Swiss diplomat the other day; she said that the Germans and Brits were considered to be much more loud and rude than Americans there.  During my recent trips to Europe, there were plenty of obvious loud and rude tourists to avoid, and they were of many nationalities.<br/><br/>Likewise re the notion that America's virtues are intrinsic to our vices: remember Yankee ingenuity and thrift? Doing more with less? There are plenty of alternative memes at work which illustrate the decoupling of vitality/energy and overconsumption if one bothers to look for them. I'm more concerned with sloppy stereotypes, lazy overgeneralizations, and defeatist pessimism...",-0.7898
194,"I view a Line in this article as a definition as to why Obama is not received well here at home In the US:<br/>""So the 12-nation trade deal Mr. Obama has been negotiating in Asia took on special meaning for a president eager to change the world.""<br/><br/>His failure and problem is that he really believe that He is The Leader of the World and that is his own Failure for he has failed Us here at home while his concentration has been on bettering the word rather than conditions here at home! Hence, although I could not even begin to understand all the complexities of this trade deal I do believe that it would bad for this Country the US and only cause more separation of wealth here and abroad! And Yes I continue to view such as A Selling Out of America!",-0.8139
195,"After something like this I'm ashamed to be white and ashamed to be American.  I wonder how this lunatic could think that a group that only makes up 13% of the country's population could be ""taking over"" the country?",-0.8151
196,"Considering that these trade deals can overide national lawand health regulations, this is a globalist's dream . Besides destroying what little is left of the US working class, this could force some European countries to purchase GMO crops currently prohibited under national law. Also,this  could be used to facilitate the export of US nuclear waste to poor nations. ",-0.8176
197,"Your bold stance against ""racism,"" Mr. Egan, is tedious, at best.<br/><br/>There are real concerns about the level of illegal immigration by unskilled foreign language speakers - and your effort to poison the well by dropping those concerns into the vat of stupidity represented by the far right is not good for the country.<br/><br/>How much is enough?",-0.8274
198,"Because international law has it that each State is responsible for its citizens. Whatever they do abroad they don't come from another country than the one they are citizens of.<br/><br/>1°- Not allowing them to return would be a breach of the law, how disgusting they may be (like many sick minds and criminals you have in your jails)<br/><br/>2°- Not one single inch of the earth doesn't belong to one country or another. Not letting back one of these persons would be like leaving it at the disposal of another country which already has its own share of criminals. No, thank you, would be the answer.<br/><br/>Life isn't a cake walk indeed.  ",-0.8316
199,"All well and good, but I'm sure the biggest worry among Europe's citizens is the importation of terrorists, and the lack of immersion demonstrated by so many of these refugees, as well as immigrant expectation of becoming part of the host nation's welfare system.  There comes a time when there's no more room, in the hearts of the people, or in the the budget.  Like Greece, where will all the money come from?  I fear that these overwhelming numbers will drag down the standard of living for all concerned.  Why would anyone welcome that?",-0.8364
200,your last sentence is true and particularly galling to the millions of non americans who fought the nazis from 1939 and the soviet union from 1940. americans war profiteered before they got in and then it took them until late 1942 to arrive in europe in force. by that time rommel was on the run in north africa and stalingrad had broken them in the east. i've been to france many times. not unusual to bump into americans going to the dday beaches who are shocked to hear there were three other beaches taken--two by britain and the other by canada.,-0.8402
201,"This hotel Magda is running a huge loss, covered by tax money, is illegal as the workers there mostly have no working permits and the stories are pure and mostly fabricated marketing by an NGO that thrives on illegal migrants sold as ""refugees"".<br/><br/>No one falls for this any more.",-0.8555
202,"We have a path to citizenship already. We admit more legal immigrants, issue more student and work visas, and naturalize more new citizens than any other nation on the planet.<br/><br/>There is a long, long line for that path to citizenship. Honest people who respect our nation and our laws have often been waiting for years. The foreign nationals who entered the US illegally committed a federal crime. There's no reason that makes any sense for us to create a special separate process for those criminals that confers near-instant legal status (they don't go to the end of the line as Obama and Schumer claim; they never get in any line because they are just given nearly instant legal status here along with complete access to our social services, public resources, and jobs). <br/><br/>We've now had multiple amnesties and each one has brought us more and more dishonest foreign nationals here illegally. We deserve the right to protect our workers, our children, our social contract (social services, safety net and public resources), and future.<br/><br/>Anyone who wants legal status here, especially with a path to citizenship, must go home, get in line, file all the paperwork and come LEGALLY. Nothing less will do as the Americans most hurt by illegal immigration are the working class and working poor who are disproportionately minority. It's wrong for our government to deliberately do that damage to already disadvantaged Americans.",-0.8594
203," Arguments put forth by NATIVE NEW YORKER for allowing more rather than fewer immigrants with H-1B visas strike me as specious , condescending and tainted with cultural arrogance. First, there is no shortage of American engineers that justifies the high number of these visas being given to Indian programmers or programmers from any foreign country. Hundreds of thousands of American engineers and computer programmers have been given the heave ho, including those from Disney, and to add insult to injury, forced to retrain their successors, who are mainly from the sub continent. Those displaced by Disney and other companies, many of whom r at mid career, will have a hard time finding  equivalent positions  with the same benefits. As far as NATIVE NEW YORKER's remark that those immigrants from the sub continent are harder working than their American counterparts, that is  a remark open to question. NATIVE NEW YORKER also makes the dubious point that if we let ""illegals"" into the country, then why hold back on those from the subcontinent? The term, ""illegal"" has always offended me, since many of those termed ""illegal"" are hard working and discreet. Moreover, many of the ""illegals"" as NATIVE NEW YORKER calls them, are  willing to do the kind of work that Americans are reluctant to do. Not so with the holders of H-1B visas, whose presence has resulted in more unemployment for American citizens,  not just in the area of I.t., but in academe as well. ",-0.8607
204,"I agree, but can the Pope oblige other countries criminal courts to try those felonies or the fault is on the other countries legal system or willingness to proceed?   ",-0.8674
205,"""In 2013, there were 35.7 million immigrants ages 25 and older. Of those, 28 percent had a bachelor's degree or higher compared to 30 percent among native-born adults.""  In other words: they're just about as educated as those who are born in the United States. (See: <a href=""http://www.migrationpolicy.org/article/frequently-requested-statistics-immigrants-and-immigration-united-states#Demographic,%20Educational,%20and%20Linguistic)"" title=""http://www.migrationpolicy.org/article/frequently-requested-statistics-immigrants-and-immigration-united-states#Demographic,%20Educational,%20and%20Linguistic)"" target=""_blank"">http://www.migrationpolicy.org/article/frequently-requested-statistics-i...</a><br/><br/>Your statements about Muslims are incredibly racist. If there's anything that Trump is doing it's unlocking racism, intolerance, and fanaticism across the U.S. This is dangerous, misguided, and will set us back way more than any of the reforms you suggest!",-0.8746
206,"If so much of who African-Americans are is determined by history, which cannot be changed, and long-standing structures and systems, then what is the future of African-Americans in America?  Even as white people become a smaller percentage of the population, even as America grows through immigration from Africa, Asia and Latin America, if so much of who an African-American is today is preordained by legacy and history, by the suffering of their parents and ancestors, then how do their lives change?  If Blow is right, and the immigrants from Africa and other non-European parts of the world do not share that same history and legacy, then is the problem the current world or the past?  Is that how Barack Obama was elected President?  Despite the color of his skin, President Obama was able to be elected president because his father came to the United States from Kenya and did not have the African-American history and legacy?<br/><br/>If Blow is right about the power of history and legacy, is the problem current racism, or is Blow suggesting that somehow we need to change the past?",-0.882
207,"<a href=""http://mobile.nytimes.com/2015/08/03/world/asia/rohingya-women-flee-violence-only-to-be-sold-into-marriage.html?_r=0"" title=""http://mobile.nytimes.com/2015/08/03/world/asia/rohingya-women-flee-violence-only-to-be-sold-into-marriage.html?_r=0"" target=""_blank"">http://mobile.nytimes.com/2015/08/03/world/asia/rohingya-women-flee-viol...</a> <br/><br/>""Rohingya Women Flee Violence Only to Be Sold Into Marriage""<br/><br/>For feminists around the globe, this article by Chris Buckley and Ellen Barry could be called horrific. As I am one myself, I found myself intrigued by the titled and suddenly delving deeper into the issue. I sit here, comfortable on my living room couch, typing this response for a summer reading assignment I was given by my English Teacher in one of the top 50 schools in the state. I sit here using my shiny new tablet while these women, some girls barely older than I, struggle in their violent, tormented home country with the decision of getting married to a man with whom they have never been acquainted because the man could pay for their journey out of the country. The lives of everyone in their families depend on this decision, though some don't get the freedom to decide.<br/><br/>So many of these relationships are abusive and end in more violence and torment for the women. Though I must admit some work out well, the problems possible in these situations are infinite. Many of the men are so much older than the women they marry. Many use their wives for unspeakable things. But the women who don't wed this way become sex slaves part of the time.",-0.9143
208,"Both political parties ignore the very real concerns of the American worker on immigration issues - Democrats want votes, Republicans want cheap labor - that has contributed to the decline of the middle and working class. (This is leaving aside the 650,000 H1B STEM workers, when tens of thousands of Americans cannot find jobs in those fields.)<br/><br/>It is not possible for any economy to thrive by importing more and more low skilled uneducated people in need of years of taxpayer funded social services. And hat leaves aside poor immigrants having 'anchor babies' (one third of all births in California) to obtain 18 years of welfare, costing many billions.<br/><br/>(Ironic that the 14th Amendment was passed so that children of slaves were American citizens and the massive influx of illegal immigrants has decimated the growing black middle class.)<br/><br/>It is not fair to allow immigrants to bring in elderly family members under 'family unification', then wait five years and apply for SSI and Medicare to pass off their support to the taxpayers.<br/><br/>It is insane to allow a large influx of misogynist Muslim fundamentalists into this country, as if we do not have enough religious fanatics of our own and need to import more.<br/><br/>But the most problematic issue is that anyone who objects to these self-destructive policies is called 'anti-immigrant' and 'racist' or worse.<br/><br/>Democrats ignore this at their peril.",-0.9555
209,"Democracy is dead in the US.<br/><br/>By that I mean that reasonable views don't even get a hearing, let alone get voted upon by Americans.<br/><br/>Virtually alone among major candidates, Donald Trump has pointed out that illegal immigration is not good for the country.  And he is being shut down before anybody has a chance to consider his views by cries of ""racism"" and ""bigotry.""<br/><br/>The fact is that Trump is harsh, his words often offensive.  But virtually all politicians use offensive rhetoric when referring to members of the other party.  Words that are more measured get ignored.<br/><br/>There IS a case to be made against illegal immigration.  The case is simple.  The US is running out of resources.  For example, the Western states are running out of water.  So we need to stop population growth.  And fertility is the US is below replacement level.  What drives population growth is immigration.<br/><br/>Many people try to make that point (Numbers USA comes to mind) without denigrating illegal immigrants.  It is not that immigrants are bad people.  It is that the world is finite.  All countries need to control population growth or face the alternative, gradually declining living standards.<br/><br/>Yet discussion of this topic NEVER OCCURS in the NY Times.  Or the Wall Street Journal.  Because the message, true as it is, is offensive to the Hispanic lobby which effectively CENSORS THE NEWS.<br/><br/>So Trump broke through by making inflammatory statement.<br/><br/>Yet we still haven't listened to moderate voices of warning….. ",-0.9734
210,"The currant migrant crisis is a result of destabilizing both Libya and Egypt.  The idea that things couldn't be worse in both proved to be false, and it is ending up in Europe's backdoor, namely: Italy, France, and England.  Then, the disastrous foray into a trillion dollar Iraq invasion has generated some of the migrant crisis as some of the several million refugees from the Middle East are making their way into Iraq.  Europe has already been overpopulated for over 45 years when the countries decided they wanted to import workers for menial jobs that those in Germany, France, Switzerland, didn't want to do.  So western Europe already has over 500 million people and counting.  Then, do we even need to talk about the disaster that is much of Africa as we have fed dictators there for the last 40 years with money that has done nothing for the average African. We can talk smart living across the ocean from all of this but then we have our own lack of border security with Mexico and no Visa program by any President or Congress over the last 50 years and we are seeing our own waves of the costs of services and increased crime related to drugs, and the criminal element that has figured out that until you get caught get a gun and do whatever you want.  When we figure out how to fix our own illegal migrant issue, then we can talk about Europe.  Until then, not so much.  Having spent over a year in western Europe, and family members  teaching migrants from Mexico, I get it all.",-0.9783
211,"So that's what the new germans will look like ?<br/>800.000 asylum seeker this year, adding to the 400.000 we already have. And this will go on. Five times more than the whole US, and D.Trump goes gaga about this, what a drama queen.<br/><br/>And there is no way to stop this.<br/>Investing in corrupt and failed african countries is a total waste of money. That didn't work for iraq, even when the US had this country occupied and therefore had some control of the political process.<br/>Fighting the problem at the root always sounds good, but for europe, that has even a high inbound immigration and can't solve it's own economical problems that's wishful thinking.<br/>The africans will come, and they will end up in a society they don't understand, and that can't take them all in. Once they are in europe they won't return, or would otherwise just vanish. Calais is just an appetizer.<br/>And all these fences, they are building, that's just stupid and pointless. The immigrants will rather die than being stopped by such nonsense. <br/><br/>Expect huge camps, camps for millions, integration camps. Camps which the refugees are not allowed to leave, barbed wire, military guards.<br/><br/>In the best these camps will have an high quality of education, governance, a local economy, and immigrants qualify to leave this camps to look for work.<br/>In the worst these camps will be death camps.",-0.979
