,comments,scores
0,"I can't imagine why people think that with the addition of  the posting  on social media of this crime it is somehow more dark or disturbing than many innocent children being gunned down in place they are supposed to be safe or people being shot while attempting to enjoy time with family and friends at a movie.<br/><br/>I am not shocked at all by the social media posting. That's what social media is for, to make people aware of what you are doing, thinking and feeling and exactly where you are at all the times, no matter who you are.  It's called sharing and through the increased connectedness granted by technology and the rise of reality tv and regular media making the most of every twitch a person makes, it gives a person hope that they too can have their 15 minutes of fame, more than once.  <br/><br/>This should have been predicted and I'm surprised that it has not happened more often.  It is the next natural step in a society of people that constantly screams ""I am important"" and now has the technology to make that scream heard by the greatest number of people.",0.9627
1,"How many roads must a man walk down<br/>Before they call him a man?<br/>How many seas must a white dove sail<br/>Before she sleeps in the sand?<br/>How many times must the cannon balls fly<br/>Before they're forever banned?<br/>- Bob Dylan <br/><br/>To restore the Second Amendment to its original meaning, retired U.S. Supreme Court Justice John Paul Stevens would add five words to the Second Amendment: <br/><br/>A well regulated Militia, being necessary to the security of a free State, the right of the people to keep and bear Arms [""when serving in the Militia""], shall not be infringed.<br/>- ""Six Amendments"" (2014)",0.9574
2,Thank God the will to act prevented what could have resulted based on the weapons discovered.  These brave individuals are rightly being honored for their courage and hopefully their acts will serve as a sign that the civilized world will stand against and prevent acts of terrorism in all its forms.     ,0.8555
3,These are your 'well regulated militias' - designed to keep you safe!! Hurrah for the half-second amendment.,0.8475
4,VERY well put. Thank you. This is the discussion that must be had. We are all responsible.,0.8338
5,Wow.  <br/><br/>So where were these self-same Republicans when the lawless and brazen Supreme Court threatened the nation with Citizens United and Hobby Lobby.<br/><br/>Right. ,0.802
6,"Lindsay Graham is looking better and better.--like one of the slightly sane Republicans.   Any shred of intelligence, compromise or sanity means he will be well back in the pack--maybe last.",0.7964
7,"""Guns don't kill people""  Right, but they allow people to kill people for no reason ...",0.7921
8,"The NRA, one of the richest, well organized lobbying groups, has a response to more killings—more guns in public hands. This can only lead to shooting free for alls in self defense.  With cameras, these repugnant spectacles could be increasingly on media as ‘reality TV’----for profit. The violence spiral can only rise, if we don't get rid of NRA influence on politics.<br/><br/>But this goes to big corporate interests sponsoring our elections. And that's related to the S. Court CU decision calling big money free speech. Many road blocks to a sane policy that’s normal in many nations. <br/><br/>We need a publicity campaign using the many gun owners and even NRA members who want effective gun restriction laws. Where are they on our media, to put pressure on lawmakers and opinion writers? Let’s shift the debate from just the usual 2 opposing factions-- gun control organizations vs the NRA.<br/><br/>And where’s some publicity about the dozens of other democracies with low gun deaths, and accepted rules keeping guns out of the publics’ hands? Most also fund their elections with public funds, not private billionaire/lobbying money. Thus they're freed up to make rational laws per majority will. not per big money. U.S. lawmakers are less free, and our citizens more in danger. <br/><br/>Where’s the publicity on this stark  contrast? Please Interview even a few people out of the hundreds of millions who live in nations with such a different outlook.",0.7821
9,"People are many things on the internet; heck, I'm a renowned and legendary folk hero of sorts myself.  But if you truly are a physician, you would know that there's something deeply pathological and psychopathic about what these guys do.  Just that one small detail of stabbing another person 91times should raise serious red flags.  <br/><br/>If you can't distinguish between normal and psychopathic behaviour, and you're praising these murderers-for-hire, then that puts into serious doubt your judgment as a physician. ",0.775
10,"There is an answer. Guns to everyone age 13 and over and a body camera that runs 24/365. This way the government can know what we are all doing and we all can make our determination that our life is endangered and blast away. According to many reputable gun owners, having a gun makes them secure and reduces crime.<br/><br/>I met a lot of these folks at a local smoke-in. Thank the many gods they did not have or want guns and really were not violent especially when stoned. All they are is happy which is a lot better condition to be experiencing than the Republican national who is more insane, more delusional and more in denial ""Vote for Me Because I Am the Most Insane, Delusional and In Denial Candidate"" game.",0.7651
11,"Context!  If some of those brilliant readers understand ""context,""<br/>can they understand ""a well regulated militia"" before too many more are gunned down.<br/><br/>John Galton",0.7345
12,"@pkbormes: Seems to me that Newtown, Connecticut is pretty close to Massachusetts. I don't think any place is necessarily safe from these kinds of events.",0.7269
13,"And, Pete from Dallas, don't forget the faith-based freedom to carry and brandish a firearm, for religious reasons, anywhere, any time in your sanctuary. ",0.7065
14,Sounds like a more intelligent approach than outright banning all guns/weapons.  ,0.6997
15,A real leader particularly a US leader should understand different cultures by seeing his role as leader of a better world. Americans are by nature ready to accept change and that should make them more aware how easy it is to lose control over events. Leadership to a certain extent is about control and setting attainable objectives. Control includes identifying outdated ideas and not stepping into avoidable wars by error of judgement. If we could rise above the occasion that would be a start. Leaders today seem stuck in the same old orthodoxy. The US acts as a loner with no real friends. The world wants a more friendly America..or is that impossible given its military industrial complex driver?,0.6549
16,"I'm not against free speech but maybe the electronic media (tv mostly) could think about how it presents controversial rhetoric as we enter another political season. For the record I'm not blaming anyone for this massacre other then the deranged gunman who has now been caught, thankfully.",0.6238
17,"The gun manufacturers profit by promoting the gun as an object with magical properties.  It confers manhood and autonomy and the maturity to accept responsibility for life and death.  As a magical or religious object, it is immune to such facts as that for every person who uses a gun in the dream scenario of protecting life and property against armed threats, there are several who do harm in a fit of rage, or brooding jealousy, or depression, or by accident or just by leaving a gun around to be found by children.  <br/><br/>We worship guns, a form of idolatry, and this is the most harmful form that religious sensibility takes in this country.  We also worship cars as conveyors of individual autonomy and freedom, but facts are allowed to influence this worship; a drunk driver, for example, will be pulled over and temporarily separated from the car until sobriety returns and perhaps longer. <br/><br/>The facts that guns are worshipped explains why gun control is such a controversial subject and so hard to achieve.  The state is not allowed to interfere with religious manhood and autonomy rituals such as open carry.  Guns are thus protected by the First Amendment as well as the Second, and it is this First Amendment connection that makes the Second Amendment right so important.      ",0.4854
18,"The insecure palefaces who need to stroke their egos to the public danger are unlikely to grow up and see themselves for what they are.<br/><br/>The rest of are are afraid of them, and for good reason. Their jittery affect is terrifying, and not because they are strong, but because they are weak.<br/><br/>The rest of us deserve to be able to go about our business without this provocation.<br/><br/>On the other hand, it's clear that the far right is quite busy arming itself, and has gone a long way to do so.  Do you have any doubt that their plan for the endgame is all out mayhem?",0.4767
19,"Views promoted by Fox News, National Rifle Association and others of that type result in personal posititions trumping public good. These right wing extremeist care for no one else but themselves making them truly dangerous.",0.4678
20,She was not fired.,0.4449
21,"""...we owe the Cuban people more time so we can get it right and not worsen their situation.""<br/>This is an all too familiar strain. It's the same line used after a mass shooting, with comments from NRA mouthpieces saying, 'now is not the time to discuss guns.<br/><br/>Whether it's Cuba or guns, NOW is the time to discuss the future!",0.4203
22,"Indeed, authoritarian plutocrats are firmly in control of the United States.<br/><br/>Tragically, and ironically, the right-wing lunatics may be correct that the only hope for restoration of democratic processes in America may be actions in the streets.<br/><br/>If the right and left would stop fighting against each other over secondary issues and turn their attention to politicizing the disengaged civic sloths in ""middle,"" the people may yet be able to regain control of our government without any violence apart from a handful of guillotines working on the plutocrats.",0.4007
23,"Thank you, sir, for your common sense.",0.3612
24,"@Bret Winter:<br/>So what happened 13 years before an event is more important than what happened 2 years before and event, even though Germany had recovered from the first event before the second event occurred?  Typical conservative logic.",0.2716
25,Our government is capable of making us completely and totally safe from terrorism. The cost is freedom. Terrorists hate freedom. ,0.2006
26,Years ago as a kid in New Hampshire I took number of gun safety and hunting classes given by a local fish and game club – one thing that was drilled into us over and over again was: know exactly what you are seeing before you pull the trigger. It saves lives.<br/><br/>Lewinski teaches cops just the opposite: pull the trigger even if you don’t know exactly what you are seeing.,0.1779
27,"I guess some genius will say that if only the reporter and cameraman had been carrying guns, they could have protected themselves. There are too many guns, and they are accessible to people who have no business with them.",0.1779
28,"Hiking on the Pacific Crest trail last summer in the Sierra Buttess, California area. Had to stop and turn back to the trailhead because someone was shooting a semiautomatic firearm (fairly rapid 10 shot bursts) near the trail, below, not above. Shooting in National Forests/BLM land should be limited to special areas or to those with valid hunting licenses. Allowing shooters to go anywhere is a menace to the majority of users! Safe zones need to be created around trails, campgrounds, etc. ",0.1511
29,Discharge of a firearm is illegal on any land managed by the National Park Service. The shooting referenced in this article occurs on National Forest and BLM land. Please continue to support the National Parks.,0.1027
30,Two people were shot and you are worried about the delay? I'm fairly certain that is still used in some instances - but obviously not all. Canned delay or not two people died. Maybe seeing people shot on the news is just what this country needs to wake up. ,0.0608
31,"Le Figaro says explicitly that the gunman was subdued by two American military personnel assigned to NATO - no indication of their branch of service. So, I suspect that their names are being withheld for security reasons and honestly we may never get those names (well we probably will but still.....)<br/>Rgrds-Ross",0.043
32,There's nothing wrong with trying to limit future gun ownership. ,0.0397
33,She knows it will never happen. ,0.0
34,"I rewound that part. With the first guy, she twisted his arm and punched him in the groin.",0.0
35,Once deranged example does not a culture make.,0.0
36,"These types of mass shootings tend to happen very occasionally in ""westernized"" countries but seem much more prevalent in the USA.  Can anyone explain?",0.0
37,"One question that should be asked is,  was the taking away the guns from the people of Canada a step in all of this?        ",0.0
38,It's called the second amendment  - you should look it up..,0.0
39,So had he walked into the church with a shotgun or rifle the outcome would have been different?,0.0
40,"Unless Anon, you are black.  THen in that case in those same open carry states, you can be shot.  Remember the Walmart scene?",0.0
41,"My apologies for putting this bluntly, the day of this murder-suicide, but this is not a dark new level.  My condolences as always to family and friends of the deceased and wounded, I hope they can deal with their grief.  But we have heard this story often before, way too often, and this case is not as bad as many have been.<br/><br/>Many of y'all will be too young to remember this one, but eight years and a few months ago this happened:<br/><br/><a href=""http://www.nytimes.com/2007/04/16/us/16cnd-shooting.html"" title=""http://www.nytimes.com/2007/04/16/us/16cnd-shooting.html"" target=""_blank"">http://www.nytimes.com/2007/04/16/us/16cnd-shooting.html</a><br/><br/>That shooter used media to a far more efficient extent, google Cho Virginia Tech and see for yourself.  Youtube, video sent to the media itself with his whole manifesto, thirty-three college students and others cut down in the prime of life.  That, my friends, was a lot worse than this.<br/><br/>This guy happened to use twitter, meaning he's a twit.  He's dead, and that's great, but we could have caught him beforehand and if we had, these two victims would be fine and we wouldn't be scarred yet again by this sort of atrocity.<br/><br/>I know everyone's going to rant on about guns ad nauseum, but how about working on something to PREVENT these guys rather than just spread their twisted messages.  We can't prevent guns, no country on earth really can.  We can, I think, identify people with severe mental illness, spiraling downward, exhibiting all these standard symptoms.  We might be able to treat them, but we've got to try to stop them before they buy a gun.",-0.0039
42,I am not a gun owner.  I agree with Jim.,-0.0191
43,"Our over-reaction to any perceived ""threat"" and the enormous, unaudited, graft-ridden military budget that accompanies it is the greatest threat to our nation. Thanks for perpetuating the fear mongering that makes it all possible.",-0.0772
44,"DR,<br/><br/>Did it ever occur to you that there are people who are mentally ill and cannot hold a job due to their illness?  Of course Churches do a tremendous amount of good to help the needy and less fortunate.  Why don't you stop in to one and see for yourself instead of criticizing and finding fault with them.  They have also turned around people's lives for the better.  Can you say that?",-0.1192
45,".<br/>Hand up for MynAh, and thanks for bringing Nick Danger to WP.<br/><br/>Belgian waffles",-0.128
46,"People aim at legs - and hit them, accurately - in TV shows.<br/><br/>In the real world, you go for the easy shot in order to eliminate the threat to yourself (e.g. a person moving toward you with a knife).",-0.128
47,"I do not own a gun and probably never will.  You took a bit of a cheap shot against white, male, gun owners and their insecurities. You know that whites are far less likely to commit murder than blacks. Also, in states with larger than average white populations and with high gun ownership such as the Dakotas, Vermont, Wisconsin, and Minnesota murder rates are likely to be less than average. This does not argue for public display of guns, but it does show that your aim may be off regarding white, male, gun owners. ",-0.1295
48,"One can find mentally unstable racists all over the world.  ""Mentally unstable racists"" might be redundant, but I digress some.  In any event what distinguishes mutts like Mr. Roof from the rest of his international pack is his relatively easy access to firearms.  I understand that other developed nations have these mass shootings that are inspired by white supremacy, but the US is seemingly unique.  Charleston became news last week not because a crazy man imbued with vitriol beyond common understanding wandered into a church, but because he had firearms.<br/>Where we go from here is anyone's guess.  I would like to think some reasonable dialogue can start regarding guns, racial politics etc., but when we have politicians using this tragedy as a chance to discuss the Confederate battle flag, I think we are missing the point entirely.  ",-0.1459
49,"Clearly this incident illustrates the need for more guns in every setting, and unfettered access to concealed handguns for people with clinically sever anger issues. If everyone in the room had had a gun, then just think how much safer the situation would have been. ",-0.1531
50,"If we can't stop the messengers, then don't we have to stop the message? How long will we continue to protect a religion that wants to kill us? ",-0.1739
51,"There is not so much difference in all these politicians.<br/>They tell the voters, that they have done everything right, nothing has to change, and it is always someone else to blame.<br/>Trump is just very principled about this scape-goating, if he is saying he will blame the illegal immigrants, than they will be evicted. He is honest about the delusion. This is no decadence, this is sincerest madness, and i do respect him for that.",-0.1779
52,"The article is very clear that they included those KILLED on both sides, not injured, and that they started counting since 9/11.  ",-0.2691
53,"The Republicans are reaping what they have sown. They have pandered to this part of their base for a long time. They've shouted down any attempt at civil discussion about racism (or responsible gun ownership) for years. It's about time they've gotten bitten in the rear.<br/><br/>Honestly, I don't see any way out of this for them. They cannot step back towards the middle without further enraging the rabid dogs they have unleashed. ",-0.2796
54,"You are never in danger from a person running from you.  Never, even if you are a cowardly cop with a gun.",-0.3013
55,"That the GOP is mostly firing blanks when it comes to public policy is hardly a surprise. Fundamentally, the party is no longer concerned with governing responsibly. Rather it has become a vehicle for reactionary elements who feel existentially adrift in a changing world they can barely understand, much less control. Co-opted and controlled by nefarious ""bureaucrats,"" the government can no longer be trusted. Hence all the hysteria surrounding taxes, immigrants and guns. But what many Republicans are going to discover sooner or later is that we are all in this together, there are solutions and there is no going back.",-0.3174
56,"If you watch the video, the officer pulled his gun when rushed at by bystanders as he put the girl on the ground. Not an unreasonable response. ",-0.34
57,"Nothing to see here, folks. Move along.<br/><br/>Gun control isn't even a remote possibility, so forget it.<br/><br/>We also live in a post-racial Uhmurica, so this has nothing to do with race.<br/><br/>So, let's move it along. Just another senseless shooting in Uhmurica.<br/><br/>Nothing to see here...",-0.3593
58,Why do people not under stand that it the gun legislation  problem in our country.  The National Rifle Association has us in a strangle hold  but we never hold than culpable,-0.3716
59,Does the right to bear arms stop at our borders?<br/><br/>Maybe our internal  policy on the right to bear arms should replicate our strategy on limiting international weapons?...are we consistent in our thinking?,-0.4098
60,There is no stopping the federal government.,-0.4215
61,"Not really, Citizens United still holds that position by a long shot!",-0.4272
62,"We gave up E pluribus unum for in God we trust. Then, we surrendered our citizenship and became mass consumers. Today we live in a 24/7 circus maximus of distraction, ignorance and fear so the corporate elite can shackle all us ""individuals"" to their machine.",-0.4404
63,I'm going to carry my battle axe into the Walmart. I'll let you know how it goes.,-0.4588
64,"Nation needs to build more outdoor ranges with a range officer. <br/><br/>Problem solved. <br/><br/>The reason hap-hazard and inexperienced shooters go to public areas to shoot, is they don't want to spend outrageous prices on indoor ranges.<br/><br/>There need to be public outdoor ranges were people can shoot reactive targets, with a range officer present to enforce good habits.  ",-0.4628
65,"Dee, this sounds hysterical.  Something wrong may have happened to you to cause it.  What can it be?",-0.4939
66,"Would you support a national gun ownership registry, or do you view that as a limitation on the Constitutional right to gun ownership?",-0.5106
67,"Seriously? You blithely smush together a homicidal spree of innocent black people with celebrities thingies such as the Kardashians and Trumps inside the US, along with overseas horrors? ",-0.5204
68,That's the danger of false immunity that shots confer. ,-0.5267
69,"I am glad i live in NYC where it is just about impossible to get a gun permit. Yes, I know some will say all the bad guys have guns anyway however I consider someone at a kids party or a airport with a gun a bad guy also.",-0.5267
70,"If I were an oligarch who had been taking for the past 30 years from those with little to nothing so I could have even more, I'd be scared too.  Very scared, and with good reason.",-0.5311
71,"I would love to see a revival of the Black Panther Party, flaunting their weapons in open carry states. It might be the only thing that changes the gun laws. Sad to say, but whatever works is fine with me. I am sick of these open carry fanatics. <br/><br/>Fortunately, I live in California, where mostly sane people are in charge....",-0.5423
72,"It should not have gone unstated that the father's actions, if carried out today, are a felony under Florida's Marine Turtle Protection Act.",-0.5423
73,"The reports I read about the ""Threats""  were direct and graphic.  So my question to the Editorial Board is:  If someone you know has a history of violence and threats, posts on their Facebook Page that they are going to take a knife and cut your throat, are you going to celebrate their 1st Amendment rights, or are your going to call the cops?  When the cops tell you there is nothing they can do, are you going to be joyful, or look over your shoulder every time you go outside?  Why should someone have the right to threaten your life?",-0.5484
74,Exactly.  Guns are the means to an end just as swords and rocks once were. We need to examine the source of our anger.    ,-0.5719
75,"I know gun owners who think like that, including some members of my own extended family.  They have guns specifically to be able to bully and intimidate others.  I even know a couple of people who became law enforcement officers for that reason.",-0.5994
76,"Disclosure:  I am a lifelong NRA member with a long history in target shooting and a frequent contributor to the NRA-ILA, a.k.a.,the gun lobby.  We gun-people have been forced into a defensive position by the blue-state liberal attacks on our lifestyle.  This began with the Gun Control act of 1968 and continues today with incremental attempts nibble away our rights towards a goal of eventual confiscation/total gun ban.  These efforts are advanced at every opportunity when a crime makes headlines.  We have had to organize into a political constituency to defend our rights.  We watch the politicians, we remember, and we don't just talk, we actually turn out to vote the NRA line.  However, unfortunately in the political arena of America today many/most issues are polarized between ""blue"" and ""red"".  And we find our supporters on the red side of the political environment.  I am thankful for the support of the ""red"" politicians, but I wish we had equal support from ""blue"" politicians.  Also unfortunately, from within this defensive orientation some individuals behave rudely, flaunting our successes in a defiant manner making some observers fearful.  I yearn for the return of days when the appearance of a gun in public attracted no attention, was of no interest, and raised no political issues.  I used to be able to carry a pistol or a shotgun down the street, or into a college class and leave in the back of the room, and nobody cared.  That's the way it ought to be.",-0.6059
77,"We've reached a new low....'Murder Live via Social Media'. This may be the first case, but sadly it will probably not be the last. A lethal combination of easy access to firearms, and the glare of the spotlight is irresistible to those who feel a need to air their grievances. And what we are left with, is another epilogue in the book of shattered lives, ended too soon. ",-0.6059
78,"DWR - Sane, mentally ill or sociopaths they are still spitting out babies that will go hungry. How do we as a society stop that from occurring?",-0.6124
79,"WE do not need another terrorist attack here. Why? After 9/11, our politicians shredded the Constitution and instilled fear. They made Americans believe that a terrorist is lurking on every street corner; here and abroad. The created two wars as part of this fear. And, they created a perpetual war on terrorism.<br/><br/>Since 9/111 the only terrorist acts, in the Us, were mass shootings by lone gunmen. Except, the Boston marathon, in which, it was two home grown terrorists.<br/><br/>The groups like ISIS do not have to commit a terrorist act on US soil; paranoia has done the job for them. As have paranoid politicians have done the job for them. The US government is a product of psychological paranoia.  ",-0.6169
80,"11,000 annual gun homicides in the US. 32,000 gun deaths. Nah. It's not the guns.",-0.6369
81,"Wait a second, do a majority of rightwing conservatives know that their patron saint, Governor Ronald Reagan made a speech, saying there’s no reason why a law-abiding person should be carrying a gun on the street?!?<br/><br/>Turns out Ronald Reagan was more sane and reasonable than what our rightwing conservatives have evolved into.",-0.643
82,"It was actually MUCH more dangerous 20 years ago, these guys have no excuse",-0.6478
83,"As long as rascist gun nuts will continue massacering innocents, it will continue to be problem.",-0.6486
84,The easier it is to sell guns the more money the arms merchants make.  And money is what this is all about.  The death toll is just collateral damage. ,-0.6486
85,"Tomas, I have to ask if you feel the same about the ISIS extremist who beheaded a fine journalist...who plots to murder Americans wherever they may be found...mentally ill? Very much in need of mental help? ",-0.6553
86,The Tragedy of the Commons in action.,-0.6597
87,"As a gun owner, I think that is just you. I never would want to shoot at anyone. People like you worry me.",-0.6621
88,"This chain of violence and shootings is all very tiring and needless. Generations from now our children will live in an America where guns are not a gauranteed right, and they will look back at us, and they will ask themselves, ""What were they thinking?"" <br/><br/>How would we answer this question now? ",-0.6662
89,"In practice, the open carry of properly holstered handguns in daily American life is both common across America, and usually unremarkable - most people do not even notice.  According to a recent YOUGOV poll, ""more than half of Americans would be OK with seeing someone openly carrying a holstered handgun in public.""  See <a href=""http://www.newsmax.com/US/poll-open-carry-guns/2015/06/01/id/648068"" title=""http://www.newsmax.com/US/poll-open-carry-guns/2015/06/01/id/648068"" target=""_blank"">http://www.newsmax.com/US/poll-open-carry-guns/2015/06/01/id/648068</a>. Later this year when Texas legalizes open carry of properly holstered handguns, only 4 states will still ban open carry altogether, not including California's partial open carry ban in ""incorporated"" areas.  Learn more about open carry at OpenCarry.org.  And Carry on! - Mike Stollenwerk, co-founder, OpenCarry.org.",-0.6766
90,"The forestry can actually set areas aside for shooters to go to and avoid this mess. I have seen that in some state run parks in California of all places. People can go do whatever they want, and shooters can do what they want. <br/><br/>Your comment about the NRA is just plain ignorant.",-0.6783
91,"If he were really that traumatized, surely there are avenues other than assault for working that out. He didn't frighten that girl, he assaulted her before waving his gun around at a bunch of more or less innocent kids. <br/><br/>No, I won't be cutting him any slack. He cast the first stone from behind a badge, which tends to trump a high horse.",-0.6846
92,What video did you watch?  Victim never left car and only one shot fired.,-0.6908
93,"Why,  are we reacting so sanely to the Global warming warnings today or are we shooting the messenger?  Their hatred of the wildings is much more real to them,  none of the Brothers who were at Hardhome were part of the killing... ",-0.7003
94,"Martin,<br/><br/>Who exactly is using faulty logic? Your claims of 50,000 to 3,000,000 DGU is absurd, and the only one repeating those claims are the NRA and their stooges. <br/><br/><a href=""http://www.politico.com/magazine/story/2015/01/defensive-gun-ownership-myth-114262.html#.VYwlgPnF-Ub"" title=""http://www.politico.com/magazine/story/2015/01/defensive-gun-ownership-myth-114262.html#.VYwlgPnF-Ub"" target=""_blank"">http://www.politico.com/magazine/story/2015/01/defensive-gun-ownership-m...</a><br/><br/>""Many gun advocates will protest at this point that not all defensive gun uses are reported to the police, which is true. However, Kleck’s surveys and the NCVS reports indicate that more than 50 percent of such incidents are reported to the police. This would indicate 3,200 defensive uses on an annual basis, still well short of what surveys suggest. Further, if there actually are 50,000 defensive gun uses as NCVS’ data suggests, or more than 1 million as Kleck and Getz’s surveys claim, that would mean only 3.2 percent or 0.16 percent respectively of defensive gun uses are reported to the police. Believing that such a small fraction of incidents are reported is indulging in fantasy.""",-0.7092
95,It's not bad taste at all. It's what needs to be said over and over until we get that guns kill in the wrong hands. ,-0.714
96,"Gee, Kansas sounds really dangerous!  You have been mugged multiple times in rural Kansas?  You carry a .357 with a couple of speed loaders in case you have to put 18 bullets into an assailant in less than 15 seconds.  You can ""usually dispatch an assailant with three shots"" (but you have never actually shot anyone?)<br/><br/>This doesn't add up, but please let us know what town you live in so we can all avoid it!<br/><br/>Maybe the answer is just to avoid Kansas altogether!",-0.7255
97,"The mass killing in the Sikh temple occurred in a gun-free zone, brought to you by gun control advocates. <a href=""http://johnrlott.blogspot.com/2012/08/mass-shooting-at-sikh-temple-near.html"" title=""http://johnrlott.blogspot.com/2012/08/mass-shooting-at-sikh-temple-near.html"" target=""_blank"">http://johnrlott.blogspot.com/2012/08/mass-shooting-at-sikh-temple-near....</a><br/><br/>Similar gun free zones in the news: Columbine, Virginia Tech, Sandy Hook, Ft. Hood, Washington Navy Yard, Aurora movie theater, Charleston... When will gun control advocates wash the blood from their hands by creating these shooting galleries?",-0.7269
98,"Gun safety is the low hanging fruit. Central registries for certificates of title, and licenses for users; liability insurance; and 'rules of the road' governing safe handling and use. The massive carnage can be substantially reduced without impinging upon anyone's 'rights'. It will reduce impulsive and opportunistic gun violence.",-0.7351
99,"This is a digusting cataclysm and an incomprehensible act of bigotry and terrorism. Innocent citizens, exercising their right to freedom of religion,  didn't have to be massacred. But we, Americans, have the misfortune of having another amendment, that even grants purely-evil and racist cretins the ""right to bear arms"" too. Sincerest condolences, to the vitcims' families, during this time of baffling disaster.",-0.743
100,"None of the items on this list would have prevented this particular murder. If somebody already legally owns a weapon, and suddenly ""snaps,"" it's a done deal.",-0.7506
101,What kind of gun owner goes shooting in a place where people are hiking? Stupid?,-0.7545
102,"We all know that this is just same-old, same-old and that the only thing that changes in this country is how much worse it gets.  Today there was a not-worth-a-headline article about a gun shooting in Detroit in which a 2-year old child was critically wounded.  The most interesting thing about all of this once you finally give up is whether we will shoot each other to death or ignore climate change until it does the job.  I've matched, donated money, written, circulated petitions and NRA and climate deniers....you win.  I give up.  Now consume yourselves.",-0.7584
103,"You are far more likely to be killed by a cop than a terrorist.  <br/><br/>In any event, how about not ignoring the Bill of Rights in the name of expediency?<br/><br/>Or security.",-0.7609
104,"Come on, when does a ""gun"" become part of America's historical past.  The relevance to the constitution is an excuse to continue murder and mayhem at the hands of those that don't deserve the right to own a weapon.",-0.765
105,"As a physician, I respect your first-hand perspective. However, hopefully you can tell from what I originally said that I am not talking about preventing the mentally ill from getting access to guns, because as you say that is nearly impossible.  What I was alluding to is the need to acknowledge that the conditions for allowing mental illness to arise to begin with seem to be very conducive in the USA, and the goal should be to prevent mental illness by addressing those conditions (cultural &amp; societal stressors). As a physician, what are your thoughts on the article I shared on the higher rates of mental illness in the USA vs. much of the rest of the world? In other words, there is no vaccine for mental illness, so how else can we prevent it (or reduces its occurance)?<br/><br/><a href=""http://www.theatlantic.com/health/archive/2011/10/why-more-americans-suffer-from-mental-disorders-than-anyone-else/246035/#slide1"" title=""http://www.theatlantic.com/health/archive/2011/10/why-more-americans-suffer-from-mental-disorders-than-anyone-else/246035/#slide1"" target=""_blank"">http://www.theatlantic.com/health/archive/2011/10/why-more-americans-suf...</a>",-0.7708
106,"The greatest obscenity of yesterday's murders is that we all have become consumers of mass ""entertainment"" killing spectacles. We are living in a seemingly global concentration camp of social media-- unable to leave --we've become forever addicted. Sorry folks: the fix is in. There IS no exit.",-0.7845
107,"Madness gets repeated time and again, sadness engulfs the country umpteen times, sympathies flow a million times and gun deaths in large scale simply won't stop, that's the story of America. Americans always talk about gun control but why not discuss gun possession.",-0.7879
108,"I guess we shouldn't forget that a liberal like me will also ask the question why the USA has so many homicides and murderers in the first place, proportionally far higher than any other civilized country. What does it mean when a society lives with so much violence, what does it mean when it citizens regard solving problems with violence as being perfectly normal and legitimate? ",-0.79
109,"I hate to sound defeatist but the gun control debate is over.  This country is flooded with hundreds of millions of guns.  No future law will prevent their improper acquisition or misuse, at least in our lifetimes.  Control of the ammunition supply might help but I suspect there are mountains of ammunition already in circulation.  ",-0.802
110,"Maybe more information will come out and I will be wrong about this, but I fail at this point  to see how anything short of regulations very drastically restricting private ownership of hand guns would have prevented this.  Without retrospect the shooter presented either a kook or a calculating attempted abuser of equal opportunity laws.  Neither of those characterizations would have prevented him from buying a handgun in many US states.  We should be looking to the mid-1990s Australian model.",-0.803
111,"Just a wild guess, but I'd say that same-sex marriage kills fewer people than uncontrolled guns.",-0.8047
112,"Its not ok to shoot unarmed people. And if someone with a PhD says it is, they are dead wrong.",-0.8048
113,"So you’re saying the proper way to plead that the media stop giving so much airtime to the perpetrators of such horrific tragedies as we saw yesterday is to not suggest it at all? Isn’t this how positive change DOESN'T happen?<br/><br/>Ironically, it’s sometimes necessary to make a loud “Shhhh!” sound in order to stop people from making noise.",-0.8101
114,"That is an insane response.  Yes the problem is guns and so much more that you mentioned....but if you take away the ability for someone to react without thinking - in the case of readily accessible and quickly triggered guns....there would be many, many lives saved each year.  The problem when a child shoots another child is a GUN....what would that 7 year old do to his neighbor or sibling if he hadn't had access to a gun?  If gun culture wasn't celebrated?",-0.8155
115,"Too bad the Supremes do not accord our 4th Amendment right against illegal searches  the slavish deference they lavish on the 2nd Amendment right for any moron to carry a gun.<br/><br/>OTOH Look for the ladies of negotiable virtue, near you, wearing Groucho Marx glasses, noses and mustaches.",-0.8176
116,"Does the NRA ever speak out when these things happen?  Also scary how young 20-something white boys always seem to be the ones doing the shooting.  I haven't seen news stories of young black males running into schools, movies, or churches killing people.<br/><br/>For your information, I am white, so don't go down that road please...",-0.8225
117,"And a South Carolina gun company made an assault gun with ""You lie"" etched on the barrel as a commemorative tribute.",-0.8225
118,"Claims right to own a howitzer. Can the right to own M1-Tank be far behind?  And the right to chemical weapons, because when chemical weapons are outlawed, only outlaws will have chemical weapons. ",-0.8271
119,"My friend flew to Europe today, and she was afraid of terrorism.  ""The terrorists are right here"" I told her.  She looked shocked.  ",-0.8316
120,My heart breaks for such horrendous violence.,-0.836
121,"It's simple math: More people, more stupid people; more guns, more stupid people with guns.",-0.8365
122,We have become more violent because we have such easy access to guns and assault weapons.,-0.8399
123,"NRA vs. Gun Control-- the sad truth is nothing will change. In several weeks, the American media will return to focusing on Caitlyn Jenner's next surgical move. The horrific cycle will be repeated again in several months, innocent lives will be lost, and again nothing will be resolved. When will enough be enough? ",-0.8409
124,"Oh, please. It's time for these views to be revealed for what they are, a diverting of attention from the fundamental problems: racism encouraged both by omission and commission, and blind, ignorant allegiance to gun ownership. Even insane people do not go around killing if not led to an evil belief by others and conveniently given the tools to do the killing.",-0.8507
125,Hate IS terrorism.,-0.8519
126,How many clients do you have who are psychotic and actively hallucinating or threatening suicide?  Perhaps there is a difference between whatever you do and treating the mentally ill.,-0.8555
127,"Defending racism and violence, all in one missive. Duh!",-0.8588
128,"Whether it is the Colorado Theater shooter, the Beltway Snipers, the Boston Marathon bombers, or any of a number of other lunatics, it is the same dynamic.  The racism or other empowering ideologies are just excuses.  One out of every one hundred people are born sociopaths.  They pick a reason to justify doing these things, but their own sick wiring is the issue.<br/><br/>I think that another factor is that the world's population has doubled since 1968.  We are all in each other's space.  There are fewer and fewer opportunities to get away from it all and de-stimulate.<br/><br/>And finally, there is the gun issue.  These guys would have attacked people with axes,  knives , airplanes, or pressure cookers if they didn't have guns, so it isn't the core issue.  The easy access to handguns in the U.S. does seem to be driving the body count up beyond what we see in other Western democracies, however.",-0.8591
129,"William Case....let me ask this question.  If you know that something wrong is happening, something that affects the society you participate in, and you do nothing...are you complicit?  If Roof could prove that the people he murdered were all protecting other people guilty of murder...then, at least he would have a reason to take some action, though not the murders he committed.  If society sees that some members are being ill treated by the justice system or government in general, or any public organization, then society becomes complicit in that ill treatment if it sits back and does nothing.  That's the difference between Dylann Roof and Roxanne Gay.  His actions prove he's racist...her comments in the article prove no such thing.  Your claim otherwise proves that you, William Case, are covering for your own racism.  Congratulations.",-0.8618
130,Rand Paul is an idiot of the first degree.  Wait until we have another terrorist attack like 9/11 then everyone will be in favor of the government spying.  If you are not planning an attack why are you afraid of the government spying on you?,-0.875
131,"I know squat about your governor but, yes, Trump is a bully.<br/><br/>Exactly what the US needs to restore its position among world powers.  For too long we've had leaders that know how to speak softly, but are terrified of using the big stick, and our enemies -- notably Putin -- use that fear to push their agendas.<br/><br/>That won't happen if Trump is calling the shots.<br/><br/>BTW:  Along with so many others, I think he is a despicable person.  That assessment of his personality must not stand in the way of an intellectual evaluation of his potential value to our country as our face to the other world powers.  No, they won't love him, or even like him, possibly not even respect him.  But they will fear him.  That's good enough for me.",-0.8774
132,Only if that mysterious gun-wielding strange pulls the trigger on all of these poor souls forced to take on penury education loans.<br/><br/>The level of helplessness and/or financial illiteracy of parents of college-age kids is astounding.,-0.8779
133,"right....  ""Guns kill people.""  ""People kill people.""  It's such simplistic thinking.  The truth?  ""People with EASY access to guns kill people.""",-0.8798
134,"Thank you Dr. Krugman... your piece illuminates the essence of the illusion that now passes as the modern Republican party that now represents a major American constituency who feel only anger, fear, and rage toward the government. Better to have an outlet for such rage than having to endure alienated angry people throwing rocks.",-0.8834
135,It is discouraging to think that we probably will act only when we are in a panic over the disasters looming over us.,-0.8834
136,"It is quite interesting to observe that the atmosphere in the community as described in the news media is rather somber and introspective, which brought to mind the incident in Boston many years ago when a pregnant ""white"" woman was reported by her husband (who was driving the car) to have been shot by a ""black"" male as they were driving along a street.<br/><br/>Where the police’s reaction to the incident was typical of the racist mentality that I regret to have to say is the apparent motive of the shooter in this particular case.  <br/><br/>My point being had the perpetrator been an African American and the victims were all of the Caucasian race; would the atmosphere in that community be equally subdued and meditative or will it be explosive with the KKK’s and NRA screaming for gun ownership and justice? ",-0.8836
137,"What is it called, then, when a person bent on suicide takes out others as part of his/her final delusion? Suicide is an individual decision; guns make it easier for self-destruction to add collateral damage.",-0.886
138,"There have been so many cases of ""it's not moral or ethical but it's legal"", that I can't understand how Ms. Shirley prevailed. I'd like to see dry cleaners, car dealers and airlines held to this same standard. The fact is that the grandmother was not apparently incapacitated when the transaction took place so she is criminally liable. I have to second the question, why hasn't she been prosecuted?<br/>Next: The article rails against the 5% of dealers who are, apparently, the root of all evil, yet says nothing in support of the vast majority, 95%, who scrupulously adhere to the regulations and obey the law. When I make a firearms purchase, it's streamlined because I have a concealed carry permit, passing the various and more rigorous background checks it requires. Even so, the person doing the paperwork still goes through it twice, literally, to check that everything is right, then has another person, maybe a supervisor, scrutinize it again, and  I'm not talking about a cursory review. This has been my experience in every gun store I've done business with. I believe more than 95% of us don't want guns in the hands of prohibited possessors, yet the attitude of the NYT, the author and many contributors appears to be that anyone in the gun culture, for any reason, is a criminal. Until you get past that, you will continue to run into staunch and strident defense of our rights and activities, which ARE perfectly legal.",-0.886
139,Listen up America. Guns aren't going anywhere! There are over 300 million of them and unfortunately this country was and is still being built by them. I don't know what measures can be taken besides tightening the gun laws. We will still have deaths by guns as we will have death by drunken &amp; careless drivers.,-0.8883
140,"Michael Brown wasn't out looking for a job the day he was killed, he was up to no good and armed with brawn and bullying before he began arguing with the police.",-0.8934
141,Mark Kessinger: every country in the world has crazy people and racist people. But only in America is every one of them encouraged to have killing machines (automatic guns); weapons that didn't even exist in the past.,-0.8979
142,"""What is the difference between open carry and concealed carry? In one you can see the gun and in the other you can't. So what? Please explain.""<br/>Both are pretty much unnecessary for 99% of the population, despite what the gun lobby would have you believe.  But the biggest difference that I can see is that those who carry a gun openly could be overpowered and have that weapon taken away from them, endangering themselves and others.  You know, it's one thing to walk around thinking that you're Dirty Harry.  Quite another when faced with the reality that you're not.   ",-0.8989
143,"It's time to start shutting the recreational gun dealers and manufacturers down.<br/><br/>Gun violence is making the United States a miserable place to live.<br/><br/>I live outside Indianapolis, and it seems every weirdo, stupids, and teenagers with a simple grudge finds it amazingly easy to gun access.",-0.9044
144,"Such angry people can be found in any country. Most countries, however, don't have a huge industry working hard to sell lethal weapons to people buying them to act out such anger.",-0.9055
145,"These guys were cold blooded murderers, a matter of public record, she should be tried for murder conspiracy of her husband, getting two lunatics pipes drained and unleashing them on the general public. <br/><br/>Maybe Dean Coontz or Stephen King style but great isn't the word I'd use, more like disgusting. If you ever wondered what scumbag meant, look no further.",-0.9058
146,This young man is a real Devil and must be studied exhaustively with public dissemination of the analysis. Understanding what motivated him and others is vital to avoiding replays of events such as this. Teach the public what you learn so citizens can spot the signs of impending doom and warn the authorities.<br/><br/>DO NOT simply declare him insane. He must stand trial publically to show what motivated him.<br/><br/>I always regretted that John Hinckley was secretly treated instead of openly tried. We must learn the minds of assassins to avoid their carnage and social destruction.<br/><br/>Please put this young man on trial and spare his life only to rigorously study him. How else will we learn to avoid such carnage?,-0.91
147,Roof knows that knives are terribly inefficient and sweat-inducing. A gun is much more efficient and much less labor-intensive. How else is the US going to maintain its record of having six times the gun murder rate of the next worse First World nation. Hooray for highly efficient killing machines!,-0.9133
148,"In Portland people can, but rarely do, parade around with the semi automatic assault rifles.  Recently a couple of guys walked through a quite Portland neighborhood holding there AKs. I wonder if some off duty Marines will see them as a threat and tackle them hard?  Suit against the Marines by the NRA?",-0.9146
149,"The supporters of gun control have to realize that new laws aren't happening, and that the political winds are against them.  The country has basically decided in favor of gun rights, regardless of the 30,000 gun deaths every year.  So what to do?  I propose that every gun control supporter stop worrying about giving money to political causes and go out and buy a gun.  Better yet, buy as many guns as you can afford.  Do it legally.  Then destroy them (legally).  Maybe you just saved a life.  Or prevented a crime.  Or stopped a visit to an emergency room.  You never know.  It certainly beats waving your hands ineffectually every time these things happen.",-0.9175
150,"Two thoughts. <br/><br/>First, no one is born hating people. They learn that from older people. The older people in this case are not just child abusers, they are accessories to this crime, and they should be tried, convicted, and punished as such. <br/><br/>Second, the Second Amendment does two things. It gives states the right to form militia, and stops Congress from interfering. In over 200 years, only the current reactionaries on the Supreme Court have interpreted the Second Amendment to mean that individuals have a right to bear arms for protection, or hunting, or any other reason.<br/><br/>It is time for states to use their right to form militia and, within that power, to control who may possess arms. It is also time for district attorneys everywhere to prosecute abusers who create man-child monsters and set them on the path to death and destruction.",-0.9182
151,"The largest percentage of illegal guns in New York City come from Virginia, where there are no limits on how many guns you can buy at a time.  People are complaining about showing the gruesome video.  Gun violence is gruesome.  It is time that we all grow up and look at what gun violence is.  After Newtown, all we saw were angels, and candles and flowers and teddy bears.  People need to see what a 6 year old ripped apart by an assault weapon looks lie.  Their parents had to see it.  The first responders had to see it.  It is time to stop sentimentalizing and pretending that they are in a better place with Jesus.  It is absurd.  I send sympathy to the victims of this tragic incident and their families.  But let's get real here people.  This is real.  The victims were real.  They were here and now they're not.  FOREVER.",-0.9246
152,"Guns, guns, guns. If there is one continuum it is the presence of guns and violence in American culture (and to some extent the world). Those who walk around carrying guns and preaching about the value of owning guns are guilty of contributing to the illness of violence. Those who preach that owning a gun sustains our freedoms of liberty and justice are obviously not mentally capable of recognizing how damaging this perverse interpretation of the Constitution is to us all day in and day out. ",-0.9251
153,"If two military personnel who help subdue the train gunman had been armed, they would probably not have been injured, but that is more reflective of training with weapons than the weapons themselves.<br/><br/>There are lots of idiots who are afraid of guns because they would blow their own toes off if they handled one, and I'm not sympathetic to their fears.",-0.9256
154,"Ed: You'll note that the first sentence in my OP refers to the claim made by some readers who insist that we outlaw private ownership of ""all"" firearms. Thus, my reason for disaggregating the firearm data was to show that not all firearms are equally misused. Even so, I always find it interesting to see how dismissive the gun control activists are when knife-related homicides are mentioned, as if the 1,500 Americans stabbed, sliced, and gutted each year aren't worth the time of our moral lamentations.<br/><br/>Colin: I never denied that fewer guns lead to fewer gun-related deaths. What I'm attempting to do is bring some sorely needed perspective to this debate. At the conclusion of my OP I pointed to the fact that Wyoming has the highest rate of gun ownership in the U.S. but one of the lowest rates of gun-related deaths. The same goes for Montana and South Dakota. By contrast, Delaware and Maryland have some of the lowest rates of gun ownership but some of the highest rates of gun-related deaths. This is not insignificant. To ignore local or regional cultures as explanatory factors is to embrace ignorance for the sake of ideological convenience. <br/><br/>You said the U.K. has fewer gun-related deaths than the U.S. That's true. But let's assume we would prefer not to be murdered at all. The U.K.'s murder rate is 1.0, while in Wyoming it is 1.4, despite the latter having an enormous cache of firearms, which is similar to the U.K.'s gun-wielding neighbor, Ireland, whose murder rate is 1.2.",-0.9272
155,Wrong on the history. The militias were intended to defend against foreign invasion e.g. a return of British troops. You have fallen for the gun lobby propaganda and conspiracy paranoids. ,-0.9313
156,"So, you are alone on the street and you are attacked.<br/><br/>No cops around, I guess you just have to run and hope you get away, right? But oops! You just got stabbed, now you cant run so fast, still no cops around.... I guess you just die. Welp, at least we got rid of guns! Right?",-0.9328
157,"damn. i'm all for reform and social progress but apparently both sides of this conflict are critically lacking in the PR department and resorting to gun fire instead.<br/><br/>there is no moral high ground any longer (don't know if there ever was). impulsiveness and stupidity rule the day. and in America, impulsiveness and stupidity result in guns being drawn.<br/><br/>while y'all figure this out, i'm goin back to weed n rock n roll and tuning out. that never killed anyone.",-0.9349
158,It would be much more efficient and effective if firing squads were used. Death is instantaneous and there is no chance of a malfunction of complex drugs and procedures. Concern for any pain involved in killing a killer is ridiculous to start with.,-0.9387
159,"Sorry, Ms. Collins, there is a sound reason ""Marxist-leaning black radicals"" don't have their own ""Open Carry"" demos at playgrounds, restaurants or churches just to prove they have guns to ""flaunt"". Given the number of unarmed black males killed in official confrontations with police in the last year, the death toll at Open Carry rallies with mostly black attendees would--tragically--soon equal the number of  ""new recruits to the gun rights movement.""  <br/><br/>Open Carry gun flaunting will-- for the foreseeable future-- be limited to the aptly described ""white American men trying to work out their insecurities"".   I wish they had just stuck to comparing the relative sizes of their pick-up trucks; at least that activity contributed to the economy.",-0.9393
160,"What the statistics don't show is that those firearm injuries and deaths are not evenly spread across the country. They are heavily weighted to urban areas with gang and drug violence. So, while ""statistically"" you may have a 1 in 384 probability of being killed by a gun, realistically those odds are much, much less if you live in a smaller city with less drug and gang violence or an rural area. ",-0.9442
161,"PS: my fury here was engendered by the attacks in many places today, all seeming only to want to kill for the sake of killing.  Not attacking people who were causing harm, or people who deserved to die, but just killing people at random.  So this comment is coming from a place of extreme anger, and I apologize for that.<br/><br/>Also wanted to correct myself: I said ""Most of the Muslims I know would definitely be on the side of civilization"", but the actual case is, it's ALL of the Muslims I know.  I don't know anybody who supports these insane jihadists, they are very much separate from mainstream Islam, and we are going to need Islam's help to defeat them.  But still, even having calmed down a bit, I can't see any solution to violent jihadists asides from finding and terminating them.  If there's a workable alternative I'd love to hear about it.",-0.946
162,"We have a horrible problem with some of our police. It is esential that we correct this.<br/><br/>Yes, it would help a lot if ""maybe we can come a little closer to understanding this flash point in a nightmarish year of violence.""<br/><br/>But Dorian Johnson is a liar. He has been thoroughly discredited. Repeating his lies does not get us ""a little closer to understanding.""<br/><br/>I don't personally believe the officer either. The only way to get ""a little closer to understanding"" is to do a reconstruction of what the investigation found actually happened, starting with objective facts like the autopsy and location of shell casings.<br/><br/>""He said one lie, the other guy told a different lie"" does nothing for understanding. It just makes everyone angry all over again.<br/><br/>If you want to get angry, look at the uncontested facts like the video of shooting a guy in the back, or shooting a child in a park for a toy gun, or shooting a guy in WalMart for holding one of the BB guns they sell there.<br/><br/>Re-enacting lies doesn't help anything.",-0.9485
163,"We freak out because guns kill people. Why would someone carry a pistol around unless they planned to kill someone?  Yeh, yeh, we've all heard the arguments but distilled down to its elements, you carry a gun because you want to shoot it. I freak out because I do not want to be the target. ",-0.9489
164,"The return to the far-right in many countries has begun to scare me, especially in Israel. Killing people just because they are different from or not the ""norm"" in society is extremely unjustified. Have they learned the lesson from ISIS that fanatical violence just leads to more violence?",-0.9521
165,"well 'round up the usual suspects,' a crazy man killss and those with his skin color are condemned as causative<br/><br/>actually black on black kills many more<br/><br/>and white on black mass-casualty events are almost non-existent<br/><br/>ordinarily news sidebars list all the other white on back mass casualty events, i think we have to go back a half century to a church bombing<br/><br/>and we await Mr Obama's 'random shooting' as he describes Jews killed by Muslims in France <br/><br/>or Jews attacked at Jewish events by Muslims<br/><br/>random",-0.9531
166,"It's our fault.  We don't socialize in person.  We text.  We live in isolated electronic bubbles.  All communication is filtered and slanted.  Physical cues are hidden, disguised.  Mind your own business.  Anyone can say anything.  The individual reigns supreme.  <br/><br/>With the loss of the community, close contact with each other, problems fester and grow out of control.  The shooter was let go two years ago.  The loss of a job turned into a crusade of death.<br/><br/>Guns fill the void.  Guns are the solution.  Guns give anyone the power of instant lethal force.  <br/><br/>A society that has lost its close contact with each other cannot tolerate guns everywhere.  We are no longer a sensible, responsible population.  Gun are now far too dangerous to be as common as bags of potato chips.  We cannot be trusted with such things any longer.<br/><br/>The rights of the individual to possess such force must be tempered if society cannot manage its individuals.  We can't control ourselves so we must forfeit the right to walk streets with handguns.  We are turing into Afghanistan.  That's not freedom.  That's slavery to fear and power.        ",-0.9553
167,"Okay, there is plenty of racism in our nation. It's easy to find it. There is also a lot of violence and sexism toward women. Do women take out their rage by murdering others?  On live tv?  If you hate the system, do something or join something to change things. His rage wasn't the problem, but his paranoid delusions and violence were. ",-0.9557
168,"So, can the eight members of the S.C. be held as accessories if this man kills his wife in front of their children?  As an ex-therapist I was required to report all threats to the police, and as a therapist who ran a batterer intervention group and also worked with victims of domestic violence, I know where many threats lead.  I wonder if those 8 people have had any exposure to the real world of D.V, what it is like to be stalked, terrorized, in fear every moment of the day for yourself and your children.  So now not only can corporate money be free speech, so can terrorizing women.  Way to go, Supreme Court.",-0.9564
169,"Perhaps because guns are the easiest and most accessible method to kill humans beings. If guns are just another weapon in our arsenal, why doesn't the military stop using guns and just ram into the enemy? Your absurd argument ignores the reality that in countries where guns are strongly regulated or banned, these kinds of atrocities are virtually nonexistent. Tell you what, go back to Sandy Hook Elementary, arm the killer with a knife and see how many victims he takes before he is quickly neutralized. Guns are the problem, just ask any Australian if he feels safer today than he did twenty-five years ago......",-0.9566
170,"Why is it that we only include crazy Islamic fundamentalists when we talk about terorists? What about the killings and death threats by anti abortion people. Aren't they terrorists? What about evangelicals that call for death to gay people, aren't they terrorists? What about gun nuts that show up fully armed at mosques screaming about death to Muslims, aren't they terrorists? What about that family in Nevada, armed to the teeth that held off the Feds, aren't they terrorists? T<br/>here are ""sleepers"" in the U.S., and they are our very American, many generational white Christian neighbors and workmates. ",-0.957
171,"– Nidal Hasan – Ft Hood Shooter: Reg­istered Democrat and Muslim.<br/>– Aaron Alexis, Navy Yard shooter – black liberal/Obama voter<br/>– Seung-Hui Cho – Virginia Tech shooter: Wrote hate mail to President Bush and to his staff, registered Democrat.<br/>– James Holmes – the “Dark Knight”/Colorado shooter: Registered Democrat, staff worker on the Obama campaign, #Occu­py guy,progressive liberal, hated Christians.<br/><br/>– Amy Bishop, the rabid leftist, killed her colleagues in Alabama, Obama supporter.<br/>– Andrew J. Stack, flew plane into IRS building in Texas – Leftist Democrat<br/>– Harris and Klebold, the Columbine Shooters – families registered Democrats and progressive Leftists.<br/>– Bill Ayers, Weather Underground bomber – Leftist Democrat.<br/>– Lee Harvey Oswald, Socialist, Communist and Democrat – killed Kennedy…",-0.9578
172,These people are sick! They have all the signs and symptoms to confine them for life in a lunatic asylum. And just imagine! One is a probable ( but very unlikely ) Presidential Candidate! That would be more dangerous than an attack of our Planet by scary space aliens.,-0.9594
173,But you'll vote for Republicans who will use your tax dollars to fund another war that will kill and maim thousands of people right?<br/><br/>You'll sit by while those pro-life politicians suck up to the NRA and the death toll from mass shootings keep climbing?<br/><br/>The son of a friend of mine is blind and paralyzed thanks to supposedly pro-life G.W. and his buddies.  I don't see you or any other pro-lifer being the least bit concerned about this young man.,-0.9631
174,"Jim,<br/><br/>Every statistic on guns proves otherwise, here and internationally. Just the other day a study was released that showed stricter Connecticut gun laws were responsible for a 40% drop in the murder rate. <br/><br/><a href=""http://www.washingtonpost.com/blogs/govbeat/wp/2015/06/12/gun-killings-fell-by-40-percent-after-connecticut-passed-this-law/"" title=""http://www.washingtonpost.com/blogs/govbeat/wp/2015/06/12/gun-killings-fell-by-40-percent-after-connecticut-passed-this-law/"" target=""_blank"">http://www.washingtonpost.com/blogs/govbeat/wp/2015/06/12/gun-killings-f...</a><br/><br/>To claim that the only option is mass killings or complete gun prohibition is ludicrously unaware, and a clear indicator that your real concern lies with keeping guns, not stopping murder. ",-0.965
175,"The Reagan Revolution has been hugely destructive of our nation's culture. People are disenfranchised, broke, and scared, and they have hate radio telling them it's the fault of our black president, Muslims, and the ""illegals."" Then they feel angry and justified in their distorted thinking. Add in a ""stand your ground"" component that says ""If you're afraid it's okay to kill someone,"" and soon you have people using guns to resolve grievances. Devolution, more like.",-0.9666
176,The focus on islamic terrorism has one purpose to scare the citizens into allowing the state more power over their lives.Any rational person should realize their risk of death through a terrorist act is almost 0.It is sad to watch a population allow their rights to willingly be  taken away under such a false flag.Maybe the misconduct of the police is a result of everyday americans cowering in the corner afraid of that jihadist lurking around every corner.,-0.968
177,"This is why Anders Behring Breivik was able to leisurely murder 77 people during the Oslo Massacre in July 2011. The first two officers to arrive approached him and politely asked what he was doing, He shot them both death.  After killing about 60 people, he sat down to rest and called police on his cell phone to inform them of his location. He grew tired of waiting for them to arrive, and resumed murdering people until he was almost out of ammunition. ",-0.969
178,"Empowering binge drinking, like empowering unlimited gun ownership, will predictably lead to disaster for many.<br/><br/>But in a country where most people are too stupid to get this, the government just comes off looking heavy-handed when it tries to make stupid people not commit acts of stupidity.<br/><br/>And stupid people do make up the loud and boisterous majority. <br/><br/>And people who make money off the tragedies of others will never stop making money off the tragedy of others. ",-0.9702
179,"The 2nd amendment should be removed from the constitution and the American public should be disarmed, Americans prove tens of thousands of times each year that they can't be trusted with their guns. The only difference here was that this shooting was televised. The irony here is this televised shooting was no more violent than all the violent rubbish Hollywood foists on the American public for a profit with all it's shoot 'em up TV shows and movies. These tens of thousands of shootings each year point to a sick society, and the legion of sick individuals who shoot their fellow countrymen just reflect the violent society they inhabit. <br/><br/>Once the public is disarmed the police can be disarmed and everyone can calm down and live peaceful, natural and healthy lives. <br/><br/>Saying these shoooters could have used knives etc. is a load of bull, it takes some effort to use a knife to bring just one person down let alone multiple people,  and people can run away from a knife wielder, guns make it too easy to kill others. Any other argument is willful idiocy. England, Japan and other civilized countries prove this. As these tens of thousands of shootings prove each year, we are not a civilized society. ",-0.9707
180,"""The problem with gun violence is no more caused by guns than drunk driving is caused by cars.""<br/>In fact, cars are far more lethal than guns are.  They kill 50,000 Americans each year.  We regulate cars and their drivers, and do all we can to prevent drunk driving.  But cars are indispensable to our economy and our way of life, and thus they can't be banned.  It's hard to make the case that carrying a gun around in public, concealed or not, is essential to any comparable aspect of our lives.  The best argument for it is that we might need defense against another person with a gun, in which case guns are both the cause and the solution of the same problem.  If our laws were not so pro-gun, we'd have far fewer weapons available for the bad guys, and we could leave defense to the professionals.  In short, your car/gun analogy is a poor one.",-0.9722
181,"Too bad that the commemoration of Brown's death turned violent. Guns and gangs(? rival groups). Who knows? Unfortunately not everyone on the street is on the up and up. Anger can be channeled into non-violence. MLK died at the hand of a gunman. And after that, non violence went out of fashion in many communities.",-0.9728
182,"Actually, it is NOT the case that these guns come from dealers in big cities with large minority populations.  They are all over.  Consider this article from an Indianapolis news station a few years ago.<br/><br/>""Just 1.2 percent of gun dealers supply 57 percent of all crime guns recovered across the nation.  The dealers named: Badger Outdoors, West Milwaukee, Wisconsin - 537 Crime Guns; Trader Sports, San Leandro, California - 447 Crime Guns (which is the subject of the government's case); Elliot's Small Arms, Jefferson, Louisiana - 442 Crime Guns; Don's Guns and Galleries, Inc., Indianapolis, Indiana - 431 Crime Guns and Hyatt Coin &amp; Gun Shop, Inc., Charlotte, North Carolina - 405 Crime Guns.""<br/><br/>The crime gun data is in court papers filed by the Bureau of Alcohol, Tobacco, Firearms and Explosives (ATF), a unit of the Justice Department, in the U.S. District Court for the Northern<br/>District of California.",-0.9805
183,"Leaving aside the possibility of misinformation in parts of the article which could not have been written otherwise, the questions remains the questions of strategy in the exercise of state power.  Terrorist violence remains the tool of the helpless, sometimes to do no more than call attention to their plight. The strategic goals are never clear.  But the message ""Do not mess with us!"" is clear!  The commission of atrocities can impress villagers to avoid sheltering the enemy.  But the peaceful may be helpless?  Never mind!  <br/><br/>The only problems that arise with the use of terror as policy is that the state that engages in this has weakened its title to being the beacon of liberty and peace.  A light to the world?  Partners in trade agreements might prefer their own standards of fairness and safety in the workplace to those of the 'civilized' American dream.<br/><br/>The agents of terror remain its victims.  As long as they are human and thus vulnerable.  If it is true that I am safer in my bed because of the sacrifice of another's humanity, I am happy to forego that 'safety.'  The risk of violent death, or serious injury at the hands of dedicated and foreign killers, remains very much smaller than the risks on the highways and city streets provided by inattentive drivers with cellphones.",-0.9807
184,"No, no one, except you, is ever going to make that observation because it is irrelevant. The only, absolutely only justification for murdering someone is to protect the life of self or another. Hostility, intoxication, fleeing, none of these justify murder. And with regards to your ad hominem, there is no hate, only pity, fear, and frustration and anger at an entire ""justice"" system at city, county, state and national levels that protects those unfit to serve the public.",-0.9836
185,"No, no one, except you, is ever going to make that observation because it is irrelevant. The only, absolutely only justification for murdering someone is to protect the life of self or another. Hostility, intoxication, fleeing, none of these justify murder. And with regards to your ad hominem, there is no hate, only pity, fear, and frustration and anger at an entire ""justice"" system at city, county, state and national levels that protects those unfit to serve the public.",-0.9836
186,"<br/>We are a violent society and state sponsored death is part of that contagion of violence. It is not a solution, even for the families of those who have lost members to murder and other violent acts. There is no true, complete justice for a family member mourning the death of a loved relative. The equation is broken.  Only by stepping back from violence can we hope to find solutions.",-0.9838
187,"<br/>We are a violent society and state sponsored death is part of that contagion of violence. It is not a solution, even for the families of those who have lost members to murder and other violent acts. There is no true, complete justice for a family member mourning the death of a loved relative. The equation is broken.  Only by stepping back from violence can we hope to find solutions.",-0.9838
188,"With the news that the shooter was a former employee of the TV station who had been fired - and who apparently has posted footage of the murders on his Twitter account (!!!), since removed:<br/><br/>Once upon a time we complained that our society was too litigious - that everyone who was disgruntled about something sought vindication in court (I used to litigate employment cases).  Now - after this shooting and the one at the Varick Street Federal Building a few days ago - will people in our firearm-happy society simply take others' lives for their job grievances instead?<br/><br/>This country's gun culture is disgusting.  No more of the NRA and its apologists; I am sick of their morally bankrupt arguments.  Here is another day on which innocent people got up and went to work and didn't make it home.  This is social pathology - nothing less - and it is appalling that we permit it.",-0.9851
189,"I don't expect someone capable of making such an ignorant comment to be able to recognize the irony in the statement. This type of reaction, to blame a terrified victim of a violent and abusive man, is exactly why people don't feel safe speaking about their abuse. It isn't courageous to challenge a violent sociopath when he has the power and the financial means to destroy you, it's just plain stupid. It's about survival. I am so glad the author has this forum, and has found her voice, and I sincerely encourage her to ignore the comments of those who need to align with bullies. ",-0.9858
190,"""a strictly enforced speed limit of 40 miles per hour would certainly save thousands..."" How many people currently observe the 55 MPH speed limit? Is heroin illegal? Why is it still easily available, as is cocaine? The UK banned handguns and gun violence increased 40%.<br/><br/>It's time to realize that the ability to ban something is nearly impossible. With guns, all it does is render law abiding people  defenseless. Law breakers, by definition, do not obey laws and that includes gun laws. If they have no fear of someone shooting back, they will obtain guns and terrorize the rest of us. Where concealed carry is allowed violent crime drops although property crimes may increase. It becomes safer to steal a car when nobody is around than to rob somebody who may be armed.",-0.9868
191,"Each day U.S. military drones kills terrorists.<br/>Often at the same time the same U.S. military drones kills scores of old people, women and children.<br/>Whether killing is wrong is completely relative to who is doing the killing.<br/>The killer, whether a murderer killing for greed, or a soldier killing to defend her/his country, can always justify the act of killing. ",-0.9914
192,"This was a horrible crime, absolutely impossible to justify or even understand the motivation.  The killer was what I would call completely insane, with a different reality going on in his mind.  And I'm in favor of gun control because of these kinds of incidents, which are too frequent here.  Background checks, keeping records of who has what guns, limits on ammo purchases, waiting periods for purchasing guns, that all makes sense to me.  But I don't think it's sufficient to prevent this sort of mass murder.<br/><br/>Here's the problem: this maniac did not need guns to kill a bunch of unsuspecting people in a church.  Various other methods include: chaining the doors from outside and setting it on fire with gasoline; chaining the doors and throwing a bucket of bleach and ammonia through a window; using Molotov cocktails; adding ricin to the communal wine; stealing a fuel truck and driving it into the church then igniting it; and many more.  It's not the weaponry but the intent that is dangerous, because a mind set on murder can and will find a way with whatever comes to hand.<br/><br/>I think what we need to really focus on is mental health, identifying and treating sociopaths and psychopaths early on.  I'm sure as a teenager this nutcase showed many signs of being dangerous, and this could have been averted if he'd been institutionalized and/or medicated.<br/><br/>Anyway, my sincere condolences to family and friends of the victims, and also for the next victims of the next incident.",-0.9917
193,"I'm no Fox News pundit fan but like a stopped clock they're right twice a day. <br/><br/>Dylann Roof is mad. So is James Holmes. And Adam Lanza. And Mark Chapman. And Seung-Hui-Cho. And Jared Loughner. And John Hinckley Jr. And Charles Manson. All committed unspeakable crimes. And all are mentally ill. <br/><br/>Deeply. Incurably.<br/><br/>People trip themselves up by passing judgement on the substance of their delusions; taking them at their word and their thinking seriously. Roof and Manson, racists, thought they could start a race war. Holmes, Hinckley, Chapman and Loughner are so crippled cognitively they can't tell the difference between fantasy and reality. Cho and Lanza were sociopaths, their fury driven by poorly understood forms of autism. All have this much in common: their minds were receptive to the miasma of hate that constantly circles us that we, sensibly, dismiss out-of-hand as idiotic and worse.<br/><br/>So who do we forgive, and who dare we not? Sick, destructive, self-destructive kids who act out? Or the purveyors of hate-filled screeds that fill their damaged minds?<br/><br/>I condemn the latter.<br/><br/>I think Roof is beyond forgiveness because he's far beyond reach; just how far isn't obvious yet because he hasn't been studied. Holmes, the same. His trial moves at a snail's pace because the judge is wary. Against mental illness the law is a poor remedy. As for the purveyors of hate, they hide behind the very Constitutional protections we enjoy with no way to strip it from them.<br/><br/>I have no answers.",-0.9928
194,"The ""mental health problem"" in the U.S. is no different than it is anywhere else in the world.  However, the problem with gun violence is specific to our country.  Unless you want to define anyone who commits murder as, by definition of the act, mentally ill, you are blaming a population that is much more likely to suffer as victims of violence and murder, than as perpetrators.<br/><br/>The greatest sub-population of our country that we should be targeting as far as blaming for murder -- and violence in general -- is men.  We commit 90% of all murders in the U.S.",-0.9939
195,"Sadly, it's unlikely today's shootings will lead better gun control laws. If Newtown didn't (when 90% of Americans supported universal background checks), it's hard to imagine what would.<br/><br/>The last time a permanent national gun control law passed was the Brady Handgun Violence Prevention Act of 1993, which resulted from the 1981 shooting of Pres. Reagan.<br/><br/>As long as we have the 2nd Amendment, the NRA, and politicians bought and paid for by corporate interests, nothing will be done on a national level to reduce gun violence in America. (A few states - NY, Conn., and Colo. - bucked the trend toward looser gun laws after Newtown.)<br/><br/>Is it even possible to significantly reduce gun violence in America? I think so, even though we are a large country, with a so many guns in circulation. It would take very strong laws, and a change in culture (the laws would have to come first). <br/><br/>After every newsworthy shooting the gun apologists come out with the usual meaningless ""arguments"" against gun control: there's nothing that can be done; criminals will always be able to get guns regardless of the laws; the 2nd Amendment; the only way to stop a bad guy with a gun  is a good guy with a gun; etc. ad nauseam. <br/><br/>Other countries have strict gun control laws and little gun violence. There are many things we could do to prevent gun violence - universal background checks; monitor or close rogue gun dealerships; mandatory training; among others. All we need to do is try.",-0.994
196,"""This wasn’t a war on Christianity, but a war on black people.""<br/><br/>Considering the size of our population I am not surprised lurking among us there are sick people, raised in sick family environments. Perhaps generations of people embracing sick thoughts that include harming our peaceful neighbors.<br/><br/>If we are to redefine the term terrorism I would suggest it includes drug dealers who do a whole lot more harm to people in all communities than the sickos who occasionally act on their hatred or fear, causing horrible damage in one fell swoop, unlike the drug merchants who slowly sap life from people. <br/><br/>Especially people in struggling American communities with a high number of unsupervised or poorly supervised depressed children and teens.",-0.9967
197,"When you read the Southern Poverty Law Center report on the 100 murders committed by Stormfront registered users, you discover most of the murders were committed by a single individual, Anders Behring Britvic of Norway.  He killed 77 people, all but a few of whom were white. Most of the U.S. murderers the SPLC cites as examples of Stormfront-registered murderers killed their wives, ex-wives, girlfriends, ex-girlfriends, or other family members. Others registered users killed police officers who were responding to domestic violence calls or attempting to arrest them.  The bias related incidents cited are the Sikh temple killings, which left six dead, and a 2000 shooting spree that began when Richard Scott Baumhammers, who had been treated for mental illness, shot and killed his next-door neighbor, who was Jewish. He then vandalize two synagogues, and fatally shot a Indian American grocer, a Chinese restaurant owner and a black man a black man at a Karate center. <br/><br/><a href=""http://www.splcenter.org/get-informed/publications/White-Homicide-Worldwide"" title=""http://www.splcenter.org/get-informed/publications/White-Homicide-Worldwide"" target=""_blank"">http://www.splcenter.org/get-informed/publications/White-Homicide-Worldwide</a>",-0.9976
