,comments,scores
0,"Wow, I wish you were my father; lucky kids. I love and adore mine and we have much in common but his recent ready embrace of hyperbolic Fox News spin (probably due to advancing age and fear of rapid change) breaks my heart, especially since I know in his heart he's a Nixonian Republican. Nixon would be decried a liberal in today's GOP. My dad generally approved of his polices, except for the ruthless dirty politics that was his ultimate downfall. <br/><br/>Jon Stewart has educated and galvanized this generation to be like Woodward and Bernstein, relentlessly poking, prodding, and exposing the underbelly of politics for the good of democracy. To do so is the essence of good old-style journalism and the heart of civic duty. By sending your kids to be a part of that rally, you did us all a favor by producing a few more good citizens and true patriots.",0.9816
1,"Erik of Oakland, CA July 29th post<br/><br/>One of the disadvantages of our host Andy's generous policy of posting everything sent to him is that he has to endure witless bile like your post of today.<br/><br/>I have disagreed with Andy for years on many many different topics, but there has NEVER, EVER been any doubt of his fervent and sincere committment to a better environment. <br/><br/>If he sees some particular issue differently than you, you would be well advised to reconsider your position and ponder whether some green demagogue is using you as a ""useful idiot"". <br/><br/>By heaven! I rue the day when you green zealots of the room temperature IQ discovered Saul Alinsky on Wikipedia. Ever since your attempts to implement Alinsky's ""fix the issue, personalize it, polarize it, demonize it"" method for climate change have scorched all reasonable voices like Andy's, and done more damage to the cause of true environmentalism than John D. Rockefeller ever did. <br/><br/>Mend your manners, lackwit churl, or keep your peace.  ",0.9756
2,"But Arthur, sometimes ""the other side is evil or stupid or both,"" and those who do not point out that fact are complicit. Ah, the mainstream media, derided by your friends as ""the liberal media."" Funny, I don't see the NYT all in on the sensible Bernie Sanders the way that Fox touts the theocratic Santorum, Walker, and Huckabee.<br/><br/>Let's see what else we need to do, Arthur: ""With just an ironic smile, one can dismiss an entire class of citizens as uncultured rubes or mindless theocrats."" Oops. I guess that's true, but it's difficult to interface with incorrect facts and illogical interpretations as if they were, say, Spinoza.<br/><br/>You go on, ""Political discourse has always had a shadowy component, all the way back to Thomas Paine’s pamphleteering in favor of American independence. But nothing has empowered casual vitriol in the Internet age like the pressure on news organizations to publish any and all anonymous feedback."" That's so true, and here in the Times comments section we hear from those sporting pseudonyms who spew some truly demented you know the word I'm thinking. At least you and I, Arthur, have the courage to sign our own opinions.<br/><br/>Wow. ""The total amount of time spent posting comments online correlated positively with sadism, psychopathy and Machiavellianism."" Is that also true for time spent writing op-eds? <br/><br/>""On the other hand, if you disagree, go ahead and leave a comment under an assumed name."" Well, I guess you know snarky, Arthur. We all bow before the Master.",0.9664
3,"What I want to know is how someone as morally bankrupt as John Yoo could ever possibly be described as a ""thoughtful conservative"".  A successful rationalizer, perhaps, but thoughtful?  No one who believes that torture is not abhorrent and that it can be justified by clever legalisms could ever be considered thoughtful.  Nor in reality could they ever do anything but tarnish the values represented by the moderate conservatives of the past.",0.9455
4,"Mr. Alexander makes the point that Jon Stewart, like so many of the more serious purveyors of news, leans to the left on the political spectrum.  I agree.<br/><br/>But what Mr. Alexander fails willfully to consider is why this is the case and in this he has no shortage of right wing company.  Journalists at their best should be truth seekers; not seekers of political balance.  Politics in America lately are bound to result in reporters of all kinds - including those on comedy cable channels - landing somewhat left of what passes for the center on the political spectrum.<br/><br/>Whether it's political science or just science, one party is consistently distancing itself from the truth more often and more dramatically than the other.  Jon Stewart's quest for the truth lead him to chastise &amp; embarrass anyone who merited that treatment.  If he didn't always get it right, his batting average was certainly very very high, much to the chagrin of the right wing on matters of race, women's health, climate change, economic policy, military adventurism, foreign affairs &amp; reputation, religious intolerance &amp; interference with our laws, equal rights for all our citizens, the environment, and general civility of serious political discourse.  If Mr. Stewart's discourse sometimes seemed uncivil on Comedy Central, he had some pretty uncivilized targets.",0.9203
5,True - Although to be perfectly fair feminists had their own hand in the development of the political correctness movement.,0.91
6,"""They explain why liberals fixate on figures such as Sarah Palin and Todd Akin, who represent the worst that many liberals are prepared to see in conservatives"" Do you truly wonder that non conservatives fixate on individuals like Palin and Akin, if so, you are not paying attention. They are viewed as typical of the conservative psychopathy because they are the people who rise to the top in the Republican party. It appears to be the choice of the majority of conservatives in the United States along with shutting down the government and dismantling Planned Parenthood and yet you wonder why we think of the conservatism the way we do, amazing. ",0.9062
7,"Jon Stewart has every right to be critical of conservative thought processes.  Anybody who believes in the science of his iPhone but not in the science of global climate change is intellectually dishonest.  Anyone who has lived through the Bush II administration and seen for himself that the biggest tax cuts in history did not create an avalanche of jobs but rather an avalanche of debt and still proclaims that cutting taxes is the best way to stimulate the economy is being intellectually dishonest.  Anyone who has seen for themselves how cutting government programs has been a drag on employment and impeded economic activity and still professes that cutting government spending is the best way to balance the budget is being intellectually dishonest.<br/><br/>Liberals, of course, have their own beliefs that aren't borne out by evidence, and Stewart has made fun of them also, if you were watching carefully.   He has been a champion of civility and of rationality, two things we need more of.  The problem is that both sides are so wedded to their preconceptions that they are unwilling to take an objective view of what works and what doesn't.  As Mark Twain once said ""Faith is believing what you know ain't so""",0.8986
8,"The young man's demand, though heartfelt, was every bit as emotional and hysterical as the years-old Benghazi-mail ""scandal"".  <br/><br/>Clinton sounded both wise and sympathetic when  counselling him to define a realistic objective and pursue it rationally.<br/><br/>US political issues often descended into shrill, panicked screaming matches in which reasoned discourse flies out the window.  Those events only advance the political stature of those to whom it brings media visibility.  But these events always lacks a clear objective, and never resolve the problem at hand.",0.8875
9,"How is it possible that in the year 2015, with so much knowledge and information available to us in an instant, with so much achieved (we flew by Pluto after all!) and achievable, we are not outraged that a major political party can be so intellectually stunted and uncurious?",0.8823
10,"It's not that ignorance is expanding; it's only our AWARENESS of our ignorance is expanding.  Consider: We discover a new thing or process - a ""noveau"".  About this noveau we confront the following types of questions:<br/>1.  How can this noveau be created/started?<br/>2.  What are its properties i.e., how does it interact (if it does) with whatever else?<br/>3.  If any of this noveau survives after some interaction(s), where, in what form, and its effects (if any)?<br/>4.  How can this be terminated/ended?<br/>To sum up, our ignorance does not change (is it infinite?).  But our AWARENESS of it changes.  It is our AWARENESS of our ignorance which grows exponentionally with each new discovery of a noveau.  [A different formulation would be that our AWARENESS of our ignorance doesn't change, but that explicit formulation of it increases as we develop new questions upon discovering each new noveau.]",0.8227
11,"""Many liberals, but not conservatives, believe there is an important asymmetry in American politics. These liberals believe that people on opposite sides of the ideological spectrum are fundamentally different.""<br/><br/>You must be kidding. Mr. Alexander, do you honestly believe that conservatives don't believe that liberals are fundamentally different? have you read a single social media post where conservatives comment on liberals in general, and our President in particular? Or, for that matter, any past and present members of the Obama administration?<br/><br/>Do a bit of that, and then review and revise your article.",0.8171
12,"Reply to ReaganAnd30YearsOfWrong:<br/><br/>""...there is no Democratic advocacy for progressive ideas, no Democratic pushback against failed conservative ones...""<br/><br/>What's more, you can add that Democrats, at least the left wing of the party as represented in this Comments section, have no interest in winning, no interest in pushing back against conservative ideas. They are only interested in feeling self-righteous and sorry for themselves, in bloviating and letting us all know how morally superior they are. If I could scrape sanctimony off my computer screen, bottle it and sell it on eBay, I'd make a fortune.",0.8126
13,"It is amazing to me that former ""straight"" journalists reveal who strongly partisan they are when they become pundits. A NYT pundit spouting predictable partisanship is as predictable as the same on Fox News. However, Nocera spent the vast majority of his career as a reporter, not a pundit. Are we to believe that he and the rest of the folks who graduate to hyper-partisan punditry suddenly developed their fiercely partisan views after they took their new role? Please.",0.802
14,Loved this column. Stewart essentially preached to the choir all these years. He simply spouted what his audience wanted to hear. And naturally they were delighted.,0.802
15,"I was motivated to read Rand Paul's op-ed on what a ""true conservative"" is.  If, as he says, a true conservative would never support a single-payer health system, we don't need a true conservative in government.  I've always felt the ""tc"" label is misapplied.  The self-styled conservatives stand for nothing of value.",0.7967
16,"The EPA was arrogant to think that it shouldn't have to consider cost as a factor before issuing new regulations. Even this increasingly liberal leaning SC voted against this administration. I am not saying that cost should be the only consideration, or even the most important one, but it has to be one of the factors analyzed if we expect to have a rational and efficient set of regulations and rules. Another good call by the SC imo...they are on a roll. ",0.7904
17,Are you serious?  Is there any liberal Democrat you can embrace despite their flaws?  Or is perfection your minimum standard in human affairs?,0.7383
18,"A very good article. I wouldn't have expected it to be in the New York times. I saw the John Yoo interview and can attest to the fact that Mr. Yoo clean Jon's clock. Both were respectful, but Jon Stewart was so uninformed about the issue it was ridiculous. From The other comments here, Mr. Alexander's observation of the left's intellectual pretentiousness and intolerance of the diversity of ideas, was spot on.",0.7308
19,"""liberals now win arguments by undermining the social capital of their opponents, making the person seem irrelevant, rather than engaging the ideas.""<br/><br/>In WHAT universe do you reside? Please substitute ""conservative"" for ""liberal"" in your statement, and you'll find the true order of things.",0.7269
20,Jon Stewart was always respectful and careful about the facts unlike those who claim to be journalists!  Did the author of this piece ever watch Mr. Stewart or does he just watch FOX? <br/><br/>Stewart could be trusted....he went after the hypocrisy and faults of both parties and praised those who deserved it.  We will miss him. ,0.7263
21,"You sound like someone who would enjoy reading this article about how Liberals and Socialists and Marxists want to become tenured professors:  <a href=""http://www.nytimes.com/2010/01/18/arts/18liberal.html"" title=""http://www.nytimes.com/2010/01/18/arts/18liberal.html"" target=""_blank"">http://www.nytimes.com/2010/01/18/arts/18liberal.html</a> ",0.7184
22,"My only problem with Brooks' piece is that he is far too generous in ascribing noble motives to those who wish to censor. The purpose of censorship is to restrict the freedom of others. With very rare exceptions that is the purpose, not a side effect.",0.7096
23,"The media has been playing this gambit across the board from the get-go, and not just trad media but Salon, Mother Jones, TNR, The Atlantic, many ostensible  'left' leaning outlets and of course wingnut outlets like Breitbart, the Daily Cholera, Nationalist a Review, etc.<br/>Guess what? It's not only not working, it's having the opposite effect, resulting in more and more Americans feeling the Bern.<br/>Socialist socialist socialist<br/>Fear not, Berners",0.702
24,"Silly.  No support for your statements.  Perhaps you could point out any - even one - right wing, conservative individual that contributes to a culture of thoughtfulness or enlightened, respectful discourse.  The only thing I ever hear from them is name calling, attack, hypocrisy and an utter lack of compassion. So...ok, I'll accept that occasionally liberals may come off as condescending.  This seems like a minor transgression when compared to the vitriol, hate and frank stupidity that comes from the right. ",0.7003
25,"In the trustworthy column<br/>Hillary is light<br/>While Bernie's record,<br/>By contrast, shows that he's right<br/>Oops, left, I mean<br/>Without reservation<br/>I prefer  a straight-shooter<br/>To a media creation.",0.6908
26,"I find it hard to believe that Hillary is still so popular among liberals despite all of the negative issues she has been involved in. Is there no other candidates in the entire Democratic Party that can give her much needed competition? Is every lib so forgiving of her obvious flaws including the latest email fiasco? Or, is their little or no depth in high potential democratic  presidential  candidates?<br/>Is Hillary really the best the libs have to offer? ",0.6904
27,"To reiterate my earlier observation, which evidently needed to be suppressed, eleven of the first fourteen posts exemplified well the smug confidence of self described liberals and progressives in the correctness of their own opinions of which Gerard Alexander writes.  A cursory scan of the next 258 comments provides a great deal of additional support.  They are not alone in this: self described conservatives very often show the same closed mindedness.<br/><br/>The large number of people who appear to believe, quite sincerely, that those who disagree with them are somewhere between evil and incapable of thought is quite discouraging.",0.6848
28,"It's not a generalized vague hunger, Mr. Brooks. Nor will we settle for ""the atmospherics of radical change."" Those of us left of center are struggling financially too, and fight for very specific things: higher minimum wage,  affordable housing, a criminal justice system that works for all, a nonmilitarized police force that actually serves and protects. Your comments had that faint allusion to ""armchair radicals"" that was once popular to discredit people on the left. Open your eyes. We're not sitting down. And we're actually winning some of what we want. ",0.6636
29,"Modern Republicans are neither backward nor small-minded.  They're conservative -- they're determined to conserve what they deem worth conserving.  They don't like change, such as increasing global temperatures or recognizing a woman's right to her own body.  Get it?  Conservative, not backward.  Modern Republicans merely look backwards to where they wish to be rather than to actually go there...  no, wait, I forgot about the Tea Party.   ",0.6586
30,But conservatives just keep on giving liberals so many REASONS to be smug.,0.6486
31,"Just as there is an extreme right wing branch, so I want to be part of the extreme left wing branch that endorses repeal of the Second Amendment.  We witness members of the Supreme Court who deliberately misread the wording, allow themselves to push their ideological beliefs.  The only way to fight this (and the gun lobby) is to support repeal of the Second Amendment.",0.6418
32,"Missing from the author's theory is the possibility is that ""liberals"" are more comfortable seeking therapy because most therapists themselves hold liberal political and social views, which can influence both the ""fit"" and how the treatment is conducted (although ideally not).",0.6361
33,Jon Stewart's 2004 appearance on CNN's Crossfire said everything.  It's why I and so many others are great fans.,0.6249
34,"Krugman has been railing against right-wing economic ""derp"" for some time, both in this column and in his NYTimes blog. (He obviously added liberal derp here to demonstrate that he is fair-minded, but conservative derp has been the main target of his animus.)<br/><br/>Despite his heroic efforts to educate the public on this subject, the great mass of voters still believe that public debt is bad, and tax cuts the only responsible way forward. Many if not most voters still remain persuaded by the conservative myth of expansionary austerity. <br/><br/>Dr. K.'s efforts have failed to gain traction beyond the ranks of his loyal readers because he is vastly outgunned by the massive, well-oiled Republican propaganda machine. It is time for him to switch gears, and begin pushing Democratic politicians and political operatives to join him in this fight.<br/><br/>For years, most of these Democrats have allowed themselves to be intimidated by Republican propaganda. As a result, they have been paralyzed, like the proverbial deer caught in the headlights. <br/><br/>Further, they have not had the courage of their convictions to fight back, in fear of being tarred by one of the pejoratives the right loves to use, such as ""tax-and-spend liberal,"" or ""European socialist.""<br/><br/>It's time for Democrats – all – to talk more about investment – investment in infrastructure, education, research, renewable energy, and so, not only to make this country competitive once more, but also to get the economy off the dime and moving again.",0.587
35,"But not here in the US .... ""honest politician"" is an oxymoron.",0.5719
36,"Silly me I thought he was a comedian not a not an academic. His ""responsibility"" was to make people laugh. There are a raft of conservatives on the air and in print. If he responded to current events seriously from time to time, he only reflected what we were all doing. As with all media, don't like, don't listen or read.",0.5408
37,"Not racial inequality but xenophobia.<br/><br/>Trump has said nothing about racial positions, as in his world Blacks play a very small part, except the handful who are multi-millionaires, and staunch conservatives.  <br/><br/>Now lets get to xenophobia, which most liberals tend to oppose in concept.  But, has anyone missed the major populations movements taking place around the Mediterranean.  Now it is only making the headlines  in Italy, Greece and the Calais.  <br/><br/>We have reached a tipping point, where the two billion plus people living in abject destitution are attempting to ""join"" what we call the first world, where food, shelter and education is provided for all.  Well, that creates problems, to say the least.   <br/><br/>I would be more impressed if Dr. Krugman opened his home and filled those extra bedrooms with the ""homeless tempest tossed.""  It would at least show his sincerity, and then perhaps an understanding why those who are closer to the edge themselves see a Trump-like character as a protector.   <br/><br/>It makes no more sense to ridicule and dismiss this man than it did others who came to power with some of the same promises in central Europe eighty five years ago.  <br/><br/><a href=""http://AlRodbell.com"" title=""AlRodbell.com"" target=""_blank"">AlRodbell.com</a> ",0.5337
38,"What is also ironic is the amount of ageism that we are seeing from many of the so-called ""liberals"" and ""progressive"" posters on this board who think our nation needs a ""young"" stud in the White House.<br/><br/>Well, some might point to the myopia of that reasoning is clear when examining the actions of a certain septuagenarian who was responsible for  prodding Mr. Obama to take some of his most controversial and progressive stands during the last seven years. ",0.5279
39,"Are you suggesting that only liberals care about morality, justice, and the constitution? That would be the highest praise of liberalism and the harshest criticism of all who aren't liberals.",0.5267
40,"Well said! I find it interesting that the only cultural group you can still make fun of with impunity is Southerners. Calling someone a redneck or bubba is tantamount to saying they are a lesser life form of limited intelligence that can't be reformed or educated. Rather reminiscent of another word we abhor and find unacceptable, isn't it?.  Comments over the years in the NYT denigrating Southerns are as discriminatory as they come.  Perhaps this is why Southerners are so quick to make fun of themselves - to beat others to the punch line.<br/><br/>This country seems to be unable to get along. We relish pointing fingers, sorting people into groups that we can malign so that we can line up on our side of the issue and say ""hoorah for our side!"". We paint with broad brush strokes - all Southerners are racists, all Blacks are criminals, all Republicans are greedy. Every word is scrutinized for racial or sexist meaning. Is it any wonder respectable people don't run for office? Why would a rational, intelligent person subject themselves and their families to the microscopic examination of their life that comes with declaring a candidacy? Yet rational, intelligent candidates are exactly what we need to help think us out of this quagmire we are currently struggling through.<br/><br/>Our Country was forged in the fires of rebellion  and I fear our path to reform will require that same heat.",0.5145
41,"I do not support gay marriage, but I thought this was a poignant and evocative article.  That is, until you attacked those who disagree with your position as extremists.  My beliefs are not extreme or hateful just because they are opposed to those held by you.  And the enforcement of your mentality by mainstream and social media marks the death knell of free speech and freedom of religion in this country.   Those who hold traditional beliefs are dubbed bigots, haters, and homophobic.  Well, you no longer need to brandish such rhetoric.  You won.  Let the other 49% disagree in peace.",0.5045
42,"I am a little bit baffled by the suggestion, toward the end of the piece, of what ""social conservatives"" can become.  I didn't think that being religious was part of the definition of ""social conservative.""  (It may be that most social conservatives are religious, but I didn't think that was part of the definition or meaning of the term.)  It sounds to me like Brooks is saying that social conservatives ought to become religious liberals. ",0.5023
43,"Point of view matters:<br/><br/>""I oppose the Iran deal, but I agree there is too much vitriol. ... I'll add that here, the vitriol is more from proponents.""<br/><br/>My impression is exactly the opposite: more vitriol comes from opponents of the deal. All that tells me is that a reader is more likely to find ""vitriol"" in the expressed views of someone who disagrees with him. ",0.467
44,"Students are more tolerant in some ways, it's true, but they're less tolerant in other ways. Intolerance is what it is no matter who the targets might be.",0.4653
45,"Well it is clear you do not hew to the same standards you would impose on Jon Stewart. That is your right and your choice. You also choose to ignore the very real possibility that Jon crafted his appearance and positions in such a manner that liberals would in fact consider their own warts and shortcomings, I know I did and that requires a good shot of humility and humanity. Both of those qualities are in shot supply on the conservative side, regardless of which country you live in.",0.4404
46,@ NC<br/>There are times in the idiocy stakes when the far left looks very like the far right. ,0.4201
47,What do you do about a guy who tells us what he really thinks? We are so inured to the routine political hypocrisy that a little honesty is alarming.  ,0.3961
48,"I love FDR, but did he achieve any of those goals? Hyperbole is a part of most speech and especially of political speech.",0.3818
49,"Mr. Brooks your columns are insightful and deliberative as always.  I find that what social conservative lack as a whole are the principles of tolerance and empathy.  The willingness and ability to hear, understand and absorb the experiences, concerns and struggles of others; rather than see them thru the filters of their own moral beliefs.  Empathy, in my opinion, is the ongoing process of understanding and engaging others thru their life experiences; not assuming we know what those might be but  acknowledging what we don't know about others and allowing them to share that narrative.  In my estimation, social conservative are too quick with a solution to what they assume are society's ills or moral failings.  I've been a licensed clinical social worker for over 25 years, and this is an ongoing learning experience with everyone I encounter.",0.3716
50,What is your source?  <br/><br/>This sounds a lot more like hyperbole than it does a contribution to a serious discussion.,0.3597
51,"Seriously-- a Trotskyite Socialist is welcome in your constellation of Democrat pretenders to the throne, but Jim Webb is a pariah? Tone deaf, eh?",0.3313
52,"I'll soon be 89 years old. I've seen both parties come and go. Several years ago, I finally came to the conclusion: Ideology trumps rationality, regardless of what constituents call themselves. This applies to many sociocultural areas beyond politics. I don't forecast any significant change for several decades to come.",0.2751
53,Your comment shows a certain cluelessness as to what  a spin room is.,0.2732
54,On the left as well as the right apparently.,0.2732
55,"'Do Americans hunger for radical change intensely enough, and in big enough numbers, to defeat a popular, well-financed Democrat who is widely considered more mainstream and electable than Mr. Sanders?'<br/><br/>Once again, the paper of record shows its bias.  Sanders and his positions are, if the paper cares to explore it, 'widely more mainstream and electable' than a corporate-sponsored wall street shill like Hillary<br/><br/>The paper's editorializing in its news division is shameful.  Please begin to separate the two.",0.25
56,"according to all the polls I've seen, she's moving with long-trending public opinion that will leave the right-wingers stranded somewhere ridiculous - reductio ad absurdam. And she's a big wise old fish that you play at your peril. Who's playing whom here?",0.2263
57,Trying to reason with the GOP is like shouting at a wall.  The more extreme elements backed by AIPAC will drown out the more moderate voices in the party.,0.2177
58,"Your post demonstrates you weren't one of the ones Stewart made smarter. You can watch the Stewart interview of John Yoo on Comedy Central's website. Stewart was so uninformed, it was pathetic. ",0.2023
59,Yes but perhaps you can try someone whom people take serious first? Maybe Jon Stewart?,0.1926
60,"Guy in KC wrote: ""The New York Times is at least partly to blame for this latest incident of an armed attack on police.""<br/><br/>The NY Times, and its readership quite obviously, 'serves an agenda' of radical liberalism. This can be described as 'cultural Marxism', or 'democratic populism', or my favorite term (I invented it): TwitPop. Twitter Populism. In TwitPop the truth (of things, of anything) takes a backseat to What You Desire Truth To Be. Or, what you NEED it to be. <br/><br/>This represents a very dangerous juncture in a democratic republic. ",0.1742
61,Careful. This might be an experiment by the socialist de Blasio regime to brainwash new yorkers with subliminal messages.<br/><br/>A big clue is the left-leaning captions...,0.1531
62,You are right.  Anyone not angry at the current state of American politics is irrational.,0.0777
63,@ jimmy..Ms. Huffinton is far from being a liberal she started the blog as a conservative with Andrew Breitbart and now goes in the direction where the wind blows. ,0.0
64,Reading this note and the responses demonstrates that a satire of Right-Wing rhetoric is virtually indistinguishable from actual Right-Wing rhetoric.,0.0
65,"New Yorkers elected the progressive de Blasio, and this was a predictable result.",0.0
66,"So.., Martha Stewart all over again? ",0.0
67,"The very definition of lefty liberalism is to ""talk big"" (soak the rich!) and then do nothing.",0.0
68,What you are is nothing. What others think you are everything. Don't call that hypocrisy.,0.0
69,"Thank you for referring to Rand's ""embrace of selfishness and elitism."" Conservatives often accuse liberals of being ""elitists,"" when actually elitism knows no political bounds. How is Donald Trump or any libertarian CEO less elite than some college professor?",-0.0
70,This is media. They only tell one side of story.,0.0
71,"Trump is just a messenger, for the majority of the American people do not have a voice in their own society, for that is controlled by the media.",0.0
72,--the left just loves to hate.,0.0
73,Neurosyphilis,0.0
74,Optics and performance vs content. Seems all the major networks have and will focus on is the politics of politics... Instead of doing their duty of informing the public. Last night was not a debate. ,0.0
75,A string theorist's mantra?,0.0
76,"BobS, deflection is the hallmark of the troll.",0.0
77,Hi left field.,0.0
78,Sounds like due to ignorance and irresponsibility.  ,0.0
79,Using Stewart Brand to make a serious policy argument is itself hilarious.,-0.0258
80,"Jorge Ramos, who is more of an activist than a journalist, as well as his colleagues throughout LATINO MEDIA, r engaged in a campaign that one might characterize as a ""transfer of aggression."" Rather than focus their :disdain "" on DT, they should be holding the government to account for allowing so many citizens to live in deplorable conditions,for the corruptibility of its officials, and for the preponderant influence of the cartels in every branch of government,, including law enforcement. I am a regular listener of LAS ONDAS LATINAS, and I have yet to hear of any journalist therein, including JR, having done  any investigative reporting on the drug lords. Those who have reported on the subject of ""narcotraficantes"" have  paid with their lives: kidnapped, tortured and then killed, often in ""vuelos de la muerte."" The grisly fate of those more than 100 courageous  men and women is apparently enough for JR and his friends to bite their tongue, to hesitate before criticizing the ""bad hombres."" I can't say that I blame them. Another hypothesis that cannot be excluded is that perhaps,just perhaps, Univision and other Latino outlets r being subsidized in part by funds from the same people responsible for the abovementioned atrocities. In any case, this is a line of inquiry worth investigating. Thus, DT and his hairdo r not the major problem, but merely a convenient scapegoat.This may be the untold story.",-0.0266
81,He fact checked...unlike fox news? Where does that leave you...,-0.0516
82,"Doubtful, John.  The closet's not a decent place.  We aren't that fringe.   But requests like yours are no longer valid.",-0.0644
83,I meant the AEI.  Sorry.  Period.,-0.0772
84,How I wish this were satire and how I dread thinking that it probably isn't.,-0.0772
85,Good grief. Now we're extolling the social activism of. models?,-0.0772
86,"I have long maintained the thesis that there is no such thing as conservative humor (i.e., it's an oxymoron): Conservatism is at odds with humanity, irony, and reality. This column makes my case.",-0.0772
87,"How SMUG it is of this Gerard Alexander person to think that I needed someone to ""help me understand"" what is clear to any thinking person.  I don't need anyone to educate me on matters of narrow-mindedness, intolerance, bigotry, racism, SELFISHNESS etc.  Those are the virtues that conservatives claim for themselves and Stewart made listening to their muck just that much more tolerable and that's THAT.  I don't need ANYONE to educate me on what's right and wrong.  Claiming that Stewart failed to do that is another way of DEFLECTING his powerful views which constantly held those conservatives up to the ridicule that THEY brought upon themselves.  Is that a ""smug"" viewpoint I express?  I certainly hope so. ",-0.1027
88,"Ok, Mr. Leonhardt, the unexamined and unquestioning basing an ""idea"" piece on a single, well-known conservative thinker, makes me think that you have a stake in conservatism. (Ross Douthat does it all the time, which is why I stopped even clicking on his byline.) As a gay, liberal, atheist, I don't need or want ""idea"" pieces to confirm my way of thinking, but I do want them to be intellectually rigorous, which requires posing hard questions about presented premises or ""studies."" ",-0.1139
89,"Respectfully, Professor, I don't know how a movement can be a problem. The purveyors of a movement that can most certainly become problematic, however. Maybe that's what you meant?",-0.1206
90,"Why, DR, when they themselves tout them in national media?",-0.128
91,"It hard to miss the whiff of opportunism and venality behind this ""discovery"".",-0.1531
92,"Reading this article reminds me of the FoxNews crowd groupthink of ""America -love it or leave it"" mentality, where dissension from warmongering intolerant  gun-loving religiosity is met with hyperbolic derision.",-0.1779
93,Has anyone looked into the idea that Trump might be suffering from dementia?  I'm not trying to be funny or mean spirited.  He really does seem to be mentally ill.,-0.1779
94,"Sarah Palin is not crazy. She is stupid, vain, greedy, vicious, mean spirited, and narcissistic, but she is not crazy.",-0.1969
95,"Can someone please tell me why organizations such as the news media, cable, tv, radio, newspapers, etc. are wasting so much time on someone who is obviously delusional, and who badly needs psychological help.<br/><br/>Better these organizations spend their time on attempting to understand Obama's numerous failures during his past 6 1/2 years attempting, with success, to implement Saul Alinsky's philosophy on changing the USA into a Socialist country by first destroying all of its major institutions and strengths. <br/><br/>I guess, as Stalin said, ""useful idiots""; or, if you prefer, ""you can't fix stupid"".",-0.2023
96,"Since the bar at Fox ""News"" is set so low, it should be ok the do a ""little exaggerating"" at a another news station? I'm worried about the lax attitude of viewers who rationalize Brian Williams-like behavior as benign when compared to the clownish, unscrupulous, anti-fact rhetoric spewed daily on Fox News Channel. ",-0.2139
97,"Extreme messages are akin to your four year old doing something he/she's knows they're not supposed to just to push your buttons. They want the reaction.<br/><br/>My advice, don't give these pseudo political or religious groups push your buttons. Let the ads go up. Ignore them. Don't launch a public debate like this, which gives them exactly what they want - some airtime in the media and during your conversations throughout the day to bring legitimacy to their cause. <br/><br/>Publish the ads. Then ignore them. They will go away.",-0.2263
98,"I'm sure Professor Krugman, being a nice man, does not hate anyone. He regularly calls out stupidity, ignorance, and arrogance in political and economic discourse.<br/>Unfortunately it does seem to be the behavior of mostly Republicans lately that merits criticism.  ",-0.2268
99,"Studies do show that people who hold liberal views are in fact better educated and more tolerant. Those with lower IQs are more likely to be racist and/or politically conservative: <br/><br/>See, e.g., <br/><br/><a href=""http://www.pewresearch.org/2006/04/10/in-search-of-ideologues-in-america/"" title=""http://www.pewresearch.org/2006/04/10/in-search-of-ideologues-in-america/"" target=""_blank"">http://www.pewresearch.org/2006/04/10/in-search-of-ideologues-in-america/</a><br/><a href=""https://www.psychologytoday.com/blog/the-scientific-fundamentalist/201003/why-liberals-are-more-intelligent-conservatives"" title=""https://www.psychologytoday.com/blog/the-scientific-fundamentalist/201003/why-liberals-are-more-intelligent-conservatives"" target=""_blank"">https://www.psychologytoday.com/blog/the-scientific-fundamentalist/20100...</a><br/><a href=""http://abcnews.go.com/blogs/health/2012/09/03/conservatives-and-liberals-have-different-brains-studies-show/"" title=""http://abcnews.go.com/blogs/health/2012/09/03/conservatives-and-liberals-have-different-brains-studies-show/"" target=""_blank"">http://abcnews.go.com/blogs/health/2012/09/03/conservatives-and-liberals...</a><br/><a href=""http://www.livescience.com/18132-intelligence-social-conservatism-racism.html"" title=""http://www.livescience.com/18132-intelligence-social-conservatism-racism.html"" target=""_blank"">http://www.livescience.com/18132-intelligence-social-conservatism-racism...</a>",-0.228
100,"And that's the irony of the divisiveness of liberals. A token piece that may or may not have roots to a long ago time or some other underlying meaning was dying off slowly on its own. No one cared and there were probably 10 Confederate flags in the entire country. Now today, they are flying everywhere, yet again, creating more divide. Who stoked that divide? Not these guys. Most were minding their own business, going about life of their own, on property of their own -- incredibly in the ""land of the free"". <br/><br/>While I don't hold those beliefs, what's scary is the liberal New York Times comments can't see this. Why not? ",-0.2406
101,Perhaps because liberals are rational rather than paranoid.,-0.25
102,"Donald Trump is the leading presidential candidate for one of the two major US political parties, and a comedian (comedians) has been voice of reason, critical thinking, truth, and the counter to the noise and nonsense thrown at the American people by alleged ""journalists"".<br/><br/>If those two things don't say something is really, really wrong, I don't know what does.",-0.2666
103,"@DG: ""The derision and invective displayed by the creditors, toward Greece, is sickening.""<br/><br/>What ""derision and invective""? Please provide quotes.",-0.2732
104,"Actually ""Den,"" The Citizens United Decision you mention benefited the unions even more than corporations.<br/><br/>And Trump stands up well against the real bullies: the left wing, and your lap dogs, the media,  and the establishment Republicans who believe that Conservatism is worse that being a leftist, or Obama who said last week  that Conservatives are worse than Iranian hardliners.",-0.3182
105,cramer was and is a bad joke.,-0.3182
106,"This is not the time for your Second Amendment rhetoric, whether sarcastic or serious.",-0.3182
107,"There is some truth in the assertion that liberal satirists and commentators tend to speak as if most conservatives are narrow-minded and stupid.  But virtually no liberal politicians speak that way.  By contrast, conservative politicians--members of Congress and presidential candidates--frequently speak as if most liberals are godless, unpatriotic, and immoral.  (For example, Democratic conventions do not feature speeches involving sneers at the South.  But for decades Republican convention speakers have used ""San Francisco"" and ""New York"" and ""Harvard"" as code words for ""evil."")  But it's liberals who need to learn to be more open and accepting?",-0.3301
108,"Mr. Brooks is generally a fairly moderate conservative.  However, describing  compromise as ""partial surrender"" is the type of demagoguery that he normally criticizes.  Is he remaking himself in the mold of Donald Trump?",-0.34
109,"Liberals concede too much in the battle of ideas when they accept the distinction between social issues and economic issues. Economic issues are social issues. They're some of the most pressing social issues we have in this country.<br/><br/>In the 1990s, many people took the political alignment test. You'd answer a bunch of questions that fell broadly into the categories of ""social issues"" and ""economic issues,"" and then you'd receive some score based on how socially liberal and economically liberal you are. Liberals would end up on one quadrant, socially liberal and economically liberal, while libertarians would end up on another, socially liberal and economically conservative. I think this kind of thinking shaped how we looked at politics in the US from the 90s on. The problem is that the distinction used in this test was designed to make libertarianism looks more plausible: look, we're liberal on social issues, on which most intelligent people are liberal, but economic issues? That's a bridge too far. Fewer people have the intuition that government should regulate broadcast licenses than should support racial equality.<br/><br/>But Americans as diverse as LBG, MLK, and Huey Newton realized that you can't have civil rights without economic rights. We don't want to replace classes of persons who lack full political rights with an economic underclass. Trans people, for instance, are discriminated against. They're also poorer and have less access to healthcare. Both are civil rights issues.",-0.3478
110,"It seems to me that every time President Obama opens his mouth, there is someone to complain about what he doesn't say, what issue he doesn't address—however peripheral that might be to the subject of the discourse or its context.",-0.3612
111,"Excellently reasoned, as usual.<br/><br/>GREECE: take the plunge, and begin your recovery. Frightening, yes, but necessary.<br/><br/>Vote NO. [Don't listen to the sophistries of the media oligarchs.]",-0.3817
112,"Figured it would take only a few minutes for the first one-sided anti-semitic post to show up. Depressing that 70 years after the holocaust, things have changed so little.",-0.3818
113,"O'Really? invites liberals on to his show so he can rant at someone face-to-face, not to hear their opinion, or for God's sake, to let anyone out in TV Land to hear it either.",-0.3947
114,Jon Stewart not earnest?,-0.4023
115,"I am surprised with some sites recommendations, with some algorithms biased toward conservative sites and articles that I would detest. I was surprised when Google was recommending similar material, and it actually should know better. I certainly avoid apps supported by conservative billionaires, but framed as news sources. I would not want their slant nor their tainted opinions. It is not that I avoid a breadth of opinion, although I am very liberal, it is that I choose my own high-quality sources, that include conservative material, and avoid mainstream junk.",-0.4372
116,"Hear! Hear!  As a democratic socialist and die hard liberal I have to agree. I will never be an apologist to Castro's despotism and call it ""liberalism"" - he is a tyrant and a despot. Much like Rubio, of Rubio is the kind of dictator wanna be that makes for bad comedy.",-0.4374
117,"The media is at fault in some ways, but it's not just the media that's at fault.<br/><br/>The thing is, contemporary conservatives actively choose to have this kind of biased reporting presented to them. They want to read all about how Obamacare is failing and they don't want to read about how it isn't.<br/><br/>We can lament the systematic bias of the mainstream media, sure, but conservatives live in an echo chamber of their own design, voluntarily. And that's why they continue to insist that premiums are skyrocketing, spending is above projections, millions have lost insurance, doctors are leaving their practices en masse ... and on and on.",-0.4441
118,And at the same time other prominent political figures are using (abusing) this cowardly act of a lone individual to further their agenda of disarming the Citizenry of this Nation. Will the NYT call those politicians out also? Or is this just more of the same one sided mouthpiece?,-0.4871
119,"I'd like to have an open dialogue. I am a scientist, an academician, a progressive thinker, and an atheist. Given these qualifiers, how might a conversation between me and a professed conservative go? Let's take a woman's right to choose: Without equivocation, I might be told off as a baby killer. What about global warming? A myth manufactured by the EPA and by scientists who apparently just don't have a stitch of common sense. OK, I shrug off the barb at my tribe and ask about the need for common sense gun control? No. You shan't trample on me. Oops! Sorry! Next issue, taxes? No taxes, whatsoever. Government stinks, we want government out of our lives. What about foreign policy? Nuke Iran, bomb ISIS, invade Pakistan, shut off the borders, no more immigration. What about social security? FDR was a communist. No social security. It is evil. OK, last topic: Do you believe in God and what's your position about atheists? The response is unparliamentary and actually incomprehensible to scribe here. Let's say I sit through all trying to understand these ""conservative"" pronouncements with a thoughtful ""I see"" or ""I understand where you are coming from"" response. Maybe I even dig deeper to cultivate empathy. Do you really think this will get me anywhere other than being lampooned?  No. And that's the crux. You want us to empathize and understand while the other side can say and do whatever it pleases and complain about not being understood. Forgive me but I don't understand fools.",-0.4898
120,"Perhaps, as in our election tradition, we should allow and aide Iranian Americans in providing an equal voice to the American population in general. If we can't provide fairness, all propaganda from either side should be banned. This is America afterall and we shouldn't allow ourselves to be swayed solely by the propaganda of any one foreign power.",-0.4939
121,"Tipping is a meritocracy.  My first job, years ago as teenager,  the manager continually scheduled me with a guy who was an incompetent, disinterested, lazy, stoner etc. We shared tips.  When I complained she said ""Well I know when you work, everything will get done.""  I quit.  I've worked at places where tips are pooled and the lower performers are vilified until they leave.<br/>As expected the majority of NYT commentators have no first hand experience of what they are commenting on,  just regurgitating political theory. ",-0.5267
122,"great piece, Mr. Blow. powerful writing and one of the few places left in the NY Times that resonates with freedom in the exchange of ideas.<br/><br/>I feel strongly that fighting ""institutional"" racism will always be a losing strategy. You nailed it: ""The movement, to my mind, isn’t a plea for pity, or appeal to comity, but an exercise in personal and collective advocacy by an oppressed people.""<br/><br/>we all must, as Bucky Fuller said, create new paradigms that force the old systems to become obsolete.",-0.5267
123,"Ed, what about the female fetuses who di as the result of an abortion.?<br/>Do they qualify as sisters, or only as ""wannabe sisters""?<br/><br/>I am a moderate on abortion, willing to understand the viewpoints of both sides and seeing some merit in both.<br/><br/>Here at the NY Times, there are only one sided views, and no doubt there are opposite one sided views among Texans.<br/><br/>That is how the world runs, no one wants to understand the point of view of their ""enemy"".",-0.5362
124,There should probably be a society for liberal economists - LAME : Liberal and Mainly an Economist - to pat themselves on the back.,-0.5473
125,"Thank God! I've never ever understood why he was pushing this so hard. It goes against every other part of his moderately progressive agenda. <br/><br/>Didn't he think something was seriously off if his own party was fighting him? Didn't he think if all Republicans were for it and Mitch McConnell paid him the very first compliment in 2 terms as president that something was so one-sided?<br/><br/>I will never get it. It's as if some evil twin had taken over his brain in the region labeled""foreign trade"". This is the first and only time I have been actually liked the Tea Party's animosity. By helping deny Mr. Obama his legacy, they...not he...have helped spare the struggling middle class.",-0.5484
126,No kidding.<br/>In what world is Jeb Bush a centrist?<br/>Thomas Friedman can't be this naive.,-0.5537
127,"What's ironic about FOX News being a part of the same establishment (liberal) news media corporate behemoth? Do you even watch FOX News? Or are you an Obama supporter (which here in America means you never have facts of any sort before you bash)?<br/><br/>FOX News prime time ""personalities"" (Bret Baier, Megyn Kelly, Chris Wallace, Bill O'Reilly aren't journalists, none of them have journalism degrees) go out of their way to disclaim political affiliation and say they're not Conservatives.  Megyn Kelly VOTED for Obama in 2012. <br/><br/>Yet the dishonest Obama meme parroted by the media is that FOX News is some sort of Conservative haven. What a crock. ",-0.5632
128,"So in other words, the Republican Party only stands for racism. Trump's big government ideology + anti-Hispanic rhetoric is just as appealing to Republicans as anti-government ideology + anti-""takers"" rhetoric. Racism is the glue that binds the Republican Party. Ross Douthat's erudition can't conceal that fact.",-0.5859
129,These extremists are a fringe of the conservatives. Just like the uber liberals who do not perceive Islamic fundamentalism as a threat and believed that ISIS is JV. That remains just as dangerous. ,-0.6124
130,"Erick Erickson has the nerve to do this?  Here's this guy's track record:<br/><br/>Keep in mind, this sudden burst of indignation is coming from the same man who said...<br/><br/>About Ted Kennedy: ""Today Ted Kennedy plots our deaths..."" (h/t The Political Carnival)<br/>About Judge Souter: ""[he] is a ""goat f*&amp;king child molester""<br/>He thinks Rush Limbaugh is Jesus.<br/>He openly called for armed revolt and beating politicians to a bloody pulp.<br/>He said the media ""gang-raped"" conservative politicians.<br/>Suggested that the Nobel Committee had an affirmative action quota<br/>Said that ""leftists are Nazis"" and the Nazis were liberal socialists.<br/>Said that the Alaska Democrats gave out Sarah Palin's SS# (a fact he pulled wholly from his posterior)<br/>Told his readers to send Olympia Snowe rock salt for her work on HCR. (Rock salt melts snow--get it?)<br/>Suggested that Obama was friends with a child molester<br/>Claimed the left has more dominance in the blogosphere because the right are too busy raising the children they didn't abort.<br/>But wait! That was the 2010 collection. We're not done yet.<br/><br/>In 2012, Erickson had no problem sneering at Tammy Duckworth's military service so he could defend deadbeat dad Joe Walsh's sexist comments about her.<br/><br/>In 2013, his first column for Fox News led off with this lovely imagery:<br/><br/>""The editors of the New York Times often come across as school girls at a Justin Bieber concert when it comes to the Democrats. Thursday, they upped their school girl skirt just a bit more for the Democrats.""",-0.6321
131,"Kansas -- one of the states that will constitute the ""New Christian States of America."" With liberty and justice for the few, no one who doesn't look like ""us"" and where any hope of this nation moving forward and evolving will be stifled, ridiculed, snuffed out and reviled. And where the uneducated, human sheep revel in their ignorance, guns, war and violence, while their masters laugh all the way to the bank.",-0.6608
132,"In ""conservative speak"",  smugness is the word reserved for those that simply highlight conservatism's core ignorance, falsehoods, misogyny and greed. Therefore Mr. Stuart should bask on being called ""smug"", not only, did it mean his show hit the spot, it also means he was almost always right!",-0.6696
133,"You completely missed the point of the Daily Show. It wasn't about liberals versus conservatives. It was about satire, mainly political satire but also media satire. And in this sphere conservative politics and conservative media are standouts of hypocrisy and willful ignorance thus making them prime targets. Jon Stewart took plenty of shots at liberal media and liberal politicians but really, just watch Fox and Friends, the Trifecta of Willful Stupidity, and you will see why they were such frequent targets. <br/><br/>It wasn't Mr. Stewart's job to try to resolve the nations problems but he brought his watchers a lot closer to the truth, through satire, than anyone on Fox News. And, sadly, any other media outlet.",-0.6805
134,We who feel abortion is immoral and evil call it pro-life and will continue to do so.  It is the left-wing liberals who will not call it by its true name.,-0.6808
135,"Mr. Brooks has criticized Mrs. Clinton's campaign without making any specific criticisms beyond a general complaint that her stance is too liberal. Perhaps Mr. Brooks could elucidate us by pointing out specifically what polices of hers are too left of center, and what proposals they should be replaced with.",-0.6808
136,"Our counterparts in the US include the confederacy of interests like Fox, Heartland, Americans for Prosperity, the GOP, the American Family Council, et al. Like the Kremlin, Conservative leaders seek to create a facade of irrefutability, monolithic unity, and inherent moral superiority, none of which they actually have, and each of which they would deny each other when it comes to a fight among them. Which is does, all the time. <br/><br/>One suspects that there would be similar organized wings of the Left, but the Left is so chaotic that congruences of opinion seem almost accidental. ",-0.6843
137,Scalia's irrational diatribe is the kind of rhetoric that will promote a serious backlash.  It could get very ugly and even violent. Let's hope not. ,-0.6901
138,"No, I don't want to know the softer side of candidates for whom I might vote, and it's regrettable that there are those who do, especially The New York Times.",-0.6929
139,"One explanation for confusing left and right by medical personnel could be that when viewing medical images, the patients left side of the body is on the right side of the screen. it sometimes becomes so ingrained to call left, right and right, left that rather than making a mistake about a patients left/right, the mistake is made when looking at any other image in real life:<br/>Paintings, photos, maps.. (we're not lost, dear, just anatomically disorientated)",-0.7115
140,Fixated on Sarah Palin? Can't imagine why. A complete train wreck running for the second highest office in the land. How unjustifiably partisan of Mr. Stewart. How sad he won't be around to fixate on the new crowd of extremist cranks and unqualifieds representing the emerging Feral Republic.,-0.7184
141,They're bad?  That's your misinformed opinion.  Takes all kinds.,-0.7269
142,"Well said.  Media arrogance is shameful...and dangerous.  It's an echo chamber, where they confirm and validate what they want to believe for each other, allowing lazy journalism and their own preconceived notions to distort the facts.",-0.7506
143,And treating the public like ignorant savages too stupid to be allowed to see what is at issue is also not to be expected.,-0.7506
144,"This proves what the Times recently reported:  that the terrorists we in the United States are truly in danger from are extremists from white hate groups, call them Neo-Nazis, survivalists, the extreme right, or whatever.",-0.7579
145,"I'm sorry Jon Stewart retired from his show.  He filtered everything Fox News said so that liberals could comfortably vilify the network with his version of the truth.  Now, what are the libs to do?  Who will craftily edit those snippets to fortify their belief in the evil of Fox News?  Or horrors!  They may have to actually WATCH Fox News to find those tidbits to point to:  see!  see!  Look what they said!  ",-0.78
146,"A surprise? No. Those of us who read other news sources outside of the mainstream media have known this for a very long time. Because most of our media is now owned by right-leaning corporations, they're loathe to report extreme right-wing violence. You'd certainly never hear about it on Fox News! Here's hoping this is a step toward realizing the real threat is at home.",-0.784
147,"“Everybody is outraged about C.E.O. pay...""<br/><br/>Not everyone, if fact I think it is just the ""progressives"" that are envious...  err.. I mean outraged.  ",-0.7906
148,"Welcome yet again to World War 3. This situation is exposing the true weakness and the shallowness of the West, its superficial values, lack of ideas, ridiculous politics, and its perceptions. As it escalates, so will the backlash effect, the inevitable change from PC tactics to WW2 tactics. Just change the names of Dresden, Hamburg, Tokyo and Nuremberg and the Russian Front to the Middle East. It can only get worse until it's shut down. ",-0.802
149,"That is not forthcoming from republiklan politicians.  They foment hate.  Hate is taught, it is not innate.",-0.8126
150,"The author claims ""Many liberals, but not conservatives, believe there is an important asymmetry in American politics."" This is dishonest or ignorant. We are constantly told by republicans and conservatives that those on the left aren't ""real Americans"", etc. Does this not imply that conservatives ""believe there is an asymmetry?""<br/><br/>Revealing your bias in this way made it hard for me to take any point you may have had. ",-0.8271
151,"Shouldn't we already know that people who run around screaming with their hair on fire because they get paid to do it--you know, Rush, Coulter, Savage, Beck, Monckton, Watts--about vast conspiracy and communism don't really deserve serious consideration, except as wacko shills who get paid well to be wacko shills?<br/><br/>Shouldn't we know that the volunteer brigade supporting them--that'd be you guys, and why aren't you getting paid?--plays fast and loose with the science, thinks loud bullying is the same thing as discussion, and endlessly repeats the same nonsense no matter how often they get nabbed doing it?<br/><br/>of the several nice things about Revkkon's column, one of the nicer is that it makes it easy to see just what you're up to, and what your methods are.",-0.8365
152,"Perhaps because a federal takeover is, well, unlikely?  The bigger issue here is the unfounded fear being spread by these officials and candidates.  Adirondax's point is well taken.  These are the same folks that have thrown you under the economic bus.  Now I am sure you are thinking ""there goes another liberal"".  I hate to disappoint.  We should fear political mongering and divisive policies, not a federal takeover of Texas. ",-0.8442
153,"I held out hope that conservatives -- American conservatives -- were amenable to reason, evidence, good faith, and good will till it was just no longer possible to do so without engaging in denial myself.  To watch what has occurred since Bill Clinton's election and not take what the actions of conservatives are telling us is to be in denial because we simply don't want to believe what reality is telling us.  <br/><br/>What we're also not able to keep denying is liberal/progressive/Democratic culpability in allowing conservatives to reach the dangerous levels of power they now hold.  This has happened not because of the power of conservative arguments in persuasion -- they are lies, of course -- or some advantage they have in making a tribal case, but because liberals/progressives/Democrats decided to fight with them was just too much trouble.  They/we have been irresponsible, too.  Bill Clinton, Barack Obama, the DLC, the DNC, Democratic leaders and liberal market buttsniffers are the biggest culprits. That needs to stop.  <br/><br/>All there is is the fight.  Our side waved the white flag out of comfortable cowardice and easy co-optation.  Has to stop. Now.  We need to fight.  Believe in something, stand for it. Proudly.  ",-0.8614
154,"The author accuses Stewart and liberals of ""condescension and self-righteousness."" It is difficult indeed NOT to be condescending when confronting the ignorance, stupidity and religiosity of Republicans - especially the back-woods variety. However, when it comes to real, hardcore condescension and self-righteousness you really cannot beat conservatives/fundamentalists when you get them going on such subjects as same-sex marriage, immigrants and marijuana reform, not to mention abortion.",-0.872
155,"""When...Express Scripts and Medco Health Solutions, merged in 2012, many experts were worried that the market would be significantly less competitive, recalled Adam J. Fein, president of Pembroke Consulting, a company that follows the pharmaceutical industry.<br/><br/>“Many of the fears that were advertised did not come to pass,” he said..""  Maybe not there, Mr. Fein, but the number of calls I get from angry members asking me why "" I can't get my medicine , Medco won't pay for it no more.."" No, the formulary for Express scripts leans toward, cheaper or generic substitutes for the name brands those members know works. All in the name of $$$$$.",-0.878
156,"You are confusing (and misspelling) what O'Reilly does and what Stewart did. O'Reilly beats the drum for the GOP and Stewart made fun of everything and everyone that was suspicious, foolish, and mendacious—for instance, George Bush who lied us into a war. Satire is different than waht O'Reilly does because there isn't a humorous bone in O'Reilly's body. You need to develop some sense of irony. Is Tennessee irony deficient?",-0.8829
157,"These differences are the least of differences between the two political and governmental systems. The U.S. political process is completely unhinged with extremists on left and right dominating the process and a kind of hostile narcissism the general tone.  In the near future, Canada's biggest problem may be  illegal immigration from the U.S.",-0.8858
158,"Now conservatives in states whose insurance markets would have been destroyed by a different outcome can stop waiting in fear, mop their brows and return to their self-serving public criticism of this law.",-0.8885
159,"It was a speech of hate. Hate for his opponents, hate for those standing in his way. Hate for those criticizing him. It was a speech totally devoid of facts. It was a speech which did not provide answers to the many, many questions asked by the American public. It was a speech that simply said ""trust me because I'm smart and you're not."" In short, it was just another, albeit important act of a President who only knows hot to do one thing - give a speech.",-0.8885
160,"The sarcams and often mean stereotypes put forth by the left is truly disgusting, when in doubt resort to your old game plan of ridicule. So very mature. Though you may not agree with the GOP ( I personally don't) why do you on the left have to demean anyone and I mean anyone who disagrees with you? Frankly I find it insulting and you all do it without fail. Very liberal of you. The Times is covering the debate because it is news, hate to break it to you, and MSNBC and The Times shouldn't be your only outlet where you gather opinions, try thinking outside the box for a change and quite the stereotyping. Any time you resort to name calling and other immature means of arguing you lose ALL CREDIBILITY, and you come off sounding like a child. Grow up and debate like an adult.",-0.8954
161,"The difference between liberals and conservatives...not in terms of what they believe, but rather how they arrive at what they believe. <br/><br/>Liberals at least try to use facts, evidence, and information to shape their beliefs, belief system, and worldview. <br/><br/>Conservatives do the reverse. Conservatives use their beliefs, belief system, and worldview as a filter through which they sift all facts, evidence, and information to determine what they will accept as fact and what they will reject as hoax, conspiracy, or nonsense. <br/><br/>Theirs is a world of zombie ideas and derp.",-0.899
162,"Socialist India, and Communist Russia and China, were indeed very much like the world described in Atlas Shrugged. The similarity between that world and the USA, however, was very tenuous, and only someone with Rands ability to see only what she believed could have thought otherwise.<br/><br/>Rand did get a few things right, and these days those insights are accepted by essentially everyone, including the Clintons and Obama. But anyone who thinks there are other things to be learned from Rand in this day and age is seriously delusional. When she is wrong, she is very wrong, and dangerously so. <br/><br/>Here's my attempt to separate the mountains of chaff from the grains of wheat in Rand's writings.<br/><br/><a href=""https://www.academia.edu/752850/Altruism_Pity_and_Compassion_Significant_and_Ignored_Differences"" title=""https://www.academia.edu/752850/Altruism_Pity_and_Compassion_Significant_and_Ignored_Differences"" target=""_blank"">https://www.academia.edu/752850/Altruism_Pity_and_Compassion_Significant...</a>",-0.9128
163,"Dear Chris Lydle,<br/>Actually your attack seems like mindless partisanship through and through.  Objectively, there is really little doubt that the NYT provides the most thorough, wide-ranging, and insightful journalism of all American print media.  But partisan conservatives reject it out of hand because all they can accept is the fear and racism based Fox Noise.  Anyway, I do wonder why you pay for a Times subscription if you hate it so much, and I don't intend any offense by this, just being objective.",-0.9265
164,"Mr. Braniff:<br/>This is a nifty bit of shape-shifting: ""Once we acknowledge... rightwing extremism"". What kind of research are you engaged in? Waco, the Oklahoma bombing, Ruby Ridge weren't products of Islamic terrorism. The Southern Poverty Law Center has tracked and followed and exposed rightwing extremists for decades. They certainly understand the threat of rightwing American<br/>groups. Do you think that the K.K.K. is a liberal organization with ties to leftwing extremism? What part of extreme violent racism in this country are you unfamiliar with? Do lynchings count? Careful, your politics are showing.",-0.9344
165,"Douthat backs the thoroughly discredited conservative line that the Charleston attack was anti-religious rather than racist in motivation. He does so on the thinnest of bases: that since the attack took place in a church it was ""in some sense"" an attack on religion.<br/>I guess we can't expect more from this leading light of conservative ""thinking"" (an oxymoron if there ever was one) - facts and evidence never get in the way of his peddling rightist talking points.",-0.9412
166,"Since you didn't want the debate then you didn't see Carly Fiorina take him to task brilliantly. She asked why he flipped on several issues and then asked ""When is he going to get around and tell us what is positions are now."" She also said on an interview ""I have said for some time thI at no one who claims to represent our party should never be judgmental in tone, vitriolic or angry. It's inappropriate to call people names.""  In regard to Trump donating to the  Foundation Fiorina said ""I didn't get a phone call  from Bill Clinton before I  jumped in the race, Maybe it's because I haven't given any money to the Foundation or donated to his wife's Senate race""<br/><br/>Does that meet your litmus test?  In response Trump  tweeted ""she ran a company and got viciously fired.  The stock went up 7 points the day she got fired.  That's not a good sign.""<br/><br/>Second, I am a Republican and I am sick of your one size fit's all denunciations of Republicans. He does not represent my views so why don't you let me speak for myself. I've done pretty well up until know and since you don't know my positions why don't you be specific as far as who you are talking about. You will never see me write ""all Democrats""  That is intellectually lazy and dishonest and I will not demonize a whole group to make a point.",-0.9416
167,"An odd argument that breaks down to Stewart failed to bridge a divide between liberals and conservatives and this divide is solely because liberals don't understand conservatives. Having lived in Red, Blue and Purple, conservatives are as smug about liberals as the converse. This is not a divide raised by one side but by both. Hence the entire argument of this article fails to persuade because the unstated supposition about the divide being a liberal construct is unsupported. This failure is surprising from a PoliSci prof who should have a more solid foundation in argumentative logic. ",-0.9597
168,"Never appease a bully.<br/><br/>Never appease someone who has demonstrated beyond doubt that they have no intention of operating under the normal rules of engagement, the traditional and accepted ways of solving problems.  They have declared war, they are telling you it is about power and domination, and, whether you like it or not, you are in a war over power and domination.  Fight or lose.  <br/><br/>That is what happened when Obama squandered his historic opportunities in 2009 on an idiotic and quixotic quest at bipartisanship with a conservative movement that was on its deathbed.  He resuscitated it and it came back stronger, nastier, more malignant, and more determined than it ever had been.  The world suffers from his naive, spineless weakness.  It emboldened the banksters, neo-feudalists, corporatists, etc. the world over.  It emboldened the climate deniers.  It emboldened the racists.  Weakness always emboldens a bully.  Liberals/progressives seem to be unable to learn this or, even worse, might know it, but the will to stand up to it.  Whichever it is, liberals/progressives choose to lose.<br/><br/>And that has reverberated to this day in Europe.  The media has been nothing but a megaphone for the bully's failed economics that refutes reality and all that was learned since Keynes.  The political opposition has been spineless milequetoasts or co-opted syncophants.  ",-0.9704
169,"Tsipras has been campaigning with a very specific promise/plan. It was his thing, his construction not one of its voters.  They were desperate, irresponsible, emotional and stupid enough to believe him.<br/>He delivered nothing but the opposite.<br/>He delivered everything he said was fear propaganda of his opponents.<br/>He exceeded the most negative of expectations.<br/>Now he uses pure fascist rhetoric to avoid responsibility and power loss.<br/>His right to appeal to the people is long gone.",-0.9729
170,"Gun control is certainly important, but was that the issue here? Gun control wouldn't have stopped this guy. I'm a free thinking liberal on many things, but I can figure out why the media is pivoting so quickly to gun control, combined with a weird sentiment that ""the video is too violent"" and shouldn't be seem. Why don't we see this and do see cop murder videos? Is there something I'm missing? Is an angry misguided black man murdering white people too off the current narrative? Maybe the world is more nuanced and complex than the polarized thinking of both sides, so easy to politicize every event.",-0.9751
171,"Reply to ReaganAnd30YearsOfWrong:<br/><br/>I SAID, ""the perennial, abject failure of liberals and Democrats in general, to compete effectively in the marketplace of ideas.<br/><br/>""They will debate endlessly among themselves, but have no stomach for going out into that gale and taking on the Republican propaganda juggernaut.""<br/><br/>YOU SAID, ""It's not the ""marketplace of ideas"" in which liberals and Democrats fail. It's in their intestinal fortitude to engage the enemy on the battlefield of public persuasion.""<br/><br/>What is the difference between,""marketplace of ideas"" and ""battlefield of public persuasion""?<br/><br/>Or, ""intestinal fortitude,"" and ""have no stomach for""? <br/><br/>Your words have a more martial ring to them; other than that, I see no difference.",-0.9768
