,comments,scores
0,"Have you ever read an article, comment, or analysis that simply rambles on and on and on? You know what I'm talking about. It's the type of piece that uses unnecessarily complex verbiage, lengthy roundabout sentences, and peculiar, but somehow correct, grammatical practices. Perhaps it sounds eloquent, coherent, and even logical, but by the time you get to the end you realize the writer said nothing of any real substance -- nothing of true value. I'm sure you are familiar with this sort of writing. We all are. It used to be relatively rare due to obvious temporal, physical, and financial limitations, but now it is ubiquitous across the internet. For you see, the internet is an endless scroll upon which a writer may write to his or her heart's content. And what is it that writers love to do? Dictate critical information to their readers in the most accurate of forms? Incite a vast array of powerful emotions to encourage readers to take action? Create content that jars their readers' imaginations? Writers are complex people, so it is a complex question, but I posit that a simple answer will suffice. You must look only at the label ""writer"" in order to determine what writers love to do. Writers love to write, and write they will.<br/><br/>The thing with 140 characters is that you must choose the ones you use wisely. Readers value that.",0.9836
1,"Thanks for this article!  I just loved it.  Great writing -- last paragraph is exquisite --  intelligent, sensitive tone, joyful story.  Made me smile.  I so look forward to reading my NY times every week :)",0.9738
2,"A novel has been known to save an author's life.  When the British writer, Rumer Godden, wrote her memoirs, she went back to a time during WWII where she found herself with two young children, stranded in India, her husband deserted and joined the army, and she was left without a rupee.<br/><br/>Her father was able to send enough money for her to return for a family visit, and on a London bus taking her back to the ship, depressed, she saw from the window a book store with the title of 'Black Narcissus', drawing a large crowd.  It was a novel she had written which takes place in India where five missionary nuns go to live in a mysterious monastery.<br/><br/>Her publisher, Peter Travis, the boy on whom Barrie had created 'Peter Pan', a great admirer of hers, was dubious that people would want to read about nuns.  'Black Narcissus' was a huge success, later made into a movie, and Godden was to say in hindsight that it had saved her and her children. <br/><br/>Sometimes a best-selling novel can be the launching pad for an author to write about any form of literature they wish to pursue.",0.9719
3,"At first I was taken aback by two references to the man's ""partner"" in the first paragraph, counting the sentence under the photo.  It seemed awkward and irrelevant because I doubt any such reference would have been made to the man's wife- but in the end I'm won over by Dowd's perfect writing form.<br/><br/>This is a very amusing piece that is also bubbling over with important truth- much like the ambassador. ",0.9699
4,"Yes, yes, yes, yes, can we please replace all these opinions being thrown around with some very useful data...would make a great Upshot piece.... ",0.9606
5,"Mark's ex. <br/><br/>I like Arianna's spunk, and she's got lots of it. <br/><br/>I used to read Huffington post but was always curious and baffled as to why people called it a ""great digital paper"". It was not great,  and at times it got tedious and confusing (with all the ads that went on and on). <br/><br/>Then few years after it started, after Arianna got her money and more, it went really really fluff and duff. I stopped reading though I was pestered to comment. <br/><br/>The paper gave nothing of substance. <br/><br/>Arianna is the Madonna of the 2000. Shrewd businesswoman without any talent or sense for content. But she knows how to sell and market. <br/><br/>In stead of running a newspaper she should run a business school and teach people how to make money during hard times. <br/><br/>Of course that must involve ""exploitation, which includes lot of interning without pay for decades"" while flattering and flattering the boss. <br/><br/>Having said all that I do like Arianna's spunk, and she's got lots of it. ",0.9601
6,"This is an interesting piece. But I sort of expect more from an intellectual. I would for instance like more detail on how the ""supertanker changes its course"" over 45 years. Is it that as one gets older the powerful impulses that lead to reckless behaviour die down? Is the role of therapy to accompany a naturally occuring healing? Looking back does the author think that there exists some way of neutralizing these powerful impulses (without using chemicals)? Anyway good for him that he has turned things around, and if a longterm relation with a therapist helped so much the better. But I still think there is much to understand about human nature (and I don't think that the theoretical framework of psychoanalysis is the ultimate story). ",0.9523
7,"@ Molly san diego - Molly I have read your comment several times and then read all the replies and your own replies. I am 83 and lucky so when I turned 80 and began to know so many who begin to have many difficulties and even then reach the point you have reached I realized that anyone who can help in even simple ways should do that rather than run away or simply say I'm sorry but do nothing more.<br/><br/>I call my 8th decade my 10th life and discovered that it is a good time to reach out. So I am going to reach out to an age mate today who is being steadily reduced in mobility, vision, and hearing and take her to lunch in the simple café at the edge of a forest preserve the boundary of which is just across the street from her - but she cannot get there and would not want to alone. <br/><br/>My mother chose to go into a hospice when she felt ""it was time"" but we never experienced anything about hospice care since she had done that knowing, somehow, her heart would stop, and it did.<br/><br/>In a submitted comment I write that I am discussing and writing in detail about all elements of my next years and of my end, but my New England raised parents would not talk about such things. It is hard to grasp that even now, 2015, you are getting so little and so few of the small things that might help even if just a little.<br/><br/>In what I call my 10th life I am reaching out to a few people and if you want to write you will find my Gmail at<br/><a href=""http://Only-NeverInSweden.blogspot.com"" title=""Only-NeverInSweden.blogspot.com"" target=""_blank"">Only-NeverInSweden.blogspot.com</a><br/>Will look into that NYS bill.",0.9432
8,"I am not sure why the New York Times is upset about this and if you think about it, has no right to complain.  The First Amendment covers freedom of the press... but there are other freedoms that are just as important and for which the NYT's support is lacking.  If the NYT can't support all the Amendments, which includes the 2nd Amendment... don't cry when the Government steps on the ones you think are important!",0.9422
9,"AOL bought Huffpost in 2011 and very soon after fired most of it's own existing US-based editorial staff. From the beginning it looked more like Arianna Huffington's takeover of AOL rather than other way around and that feeling is still there as there is a great deal of division within the company (in the US - not globally) between Huffpost people and AOL-ers from other departments (including content). To think they will now have to deal with Verizon, on top of AOL... it's just hard to imagine.<br/><br/>Another point that I'd like to make is in regards to unpaid bloggers and the false sense that somehow Huffpost is exploiting these people. The nature of a blog is that it is a self-published piece of writing. You can decide to do so on your own independent website - and have your blog post read by a few hundred visitors. Or you can contact a professional (and paid) Huffpost editor, and have them publish it for you (for free) on their homepage and gain an audience of millions. Please note, I've never really been a Huffpost fanboy myself but... that's a pretty sweet deal for any prospective blogger I'd say.",0.9405
10,"To Ms. Jamison: I treat myself to the Sunday Times on paper, and save Bookends for dessert. Your essay today is particularly delicious. When I got to ""buck its packhorse saddles,"" I had to smile broadly and I thought, ""She can really WRITE."" Thanks.",0.939
11,"It would be a mistake to entitle a Bookends conversation 'Does a True Artist Care What His Audience Thinks?' and expect that someone wouldn't point out that writers are not the only artists who exist.<br/><br/>That said, and keeping the discussion confined to a literary perspective, I couldn't agree more with Ayana (except, perhaps, the mention of a tinge of paternalism -- I can't quite figure out what this is in reference to). The William Faulkner interview (Paris Review, 1956) goes on just a few paragraphs later:<br/><br/>INTERVIEWER: But even if there seems nothing more to be said, isn't perhaps the individuality of the writer important?<br/><br/>FAULKNER: Very important to himself. Everybody else should be too busy with the work to care about the individuality.<br/><br/>Who can deny this is true, that the reader in rapture doesn't care (or, at least, cares very little) about the individuality of the writer while in the grips of the work? People pretend to care that Harper Lee might have been taken advantage of, but will the general public have the the level of restraint it would take to protest their suspicion by not purchasing and devouring the novel? <br/><br/>Will they, whilst reading 'Go Set a Watchman' pause intermittently to weep  or shake their heads and lament the idea or possibility that the work was never meant to be released?<br/><br/>I doubt it very much.<br/><br/>A writer cares very much about his audience. Offspring are conceived of to live and thrive, not perish. Any other relationship is an unwholesome fantasy.",0.933
12,"If the Times covered racing on a regular basis, the hatchet jobs could be accepted within a reasonable context. But when a reporter shows up once in a blue moon for one of the biggest races of the year and decides to use that as a forum for one of the sport's ills, that is unbalanced and unfair. As a horse owner and long-time racing fan, I'd love to see this great horse run at four, though I realize that doesn't make economic sense. Also, why isn't this piece labeled ""commentary?""     ",0.932
13,"molly, I wish I could be your friend and be with you.  I am sure that a lot of readers of the NYT's wish they could help you as well.",0.9287
14,"Again, I offer my proposal for encouraging Mr. Douthat to find another forum for his essays. I appreciate the importance of having a variety of views in the New York Times, but those views should provoke productive discussion. Mr. Douthat's work does not do that.<br/><br/>I am a reasonably intelligent reader – regrettably, not as articulate as so many of the other commenters on this article (and who make so many and valuable contributions to the New York Times every day).<br/><br/>  But I am not embarrassed to admit that, quite frankly, I could not make logical sense out of this incredibly long and Impassioned piece.  I do not have all day to read Op-Ed pieces with the analytical skills of a lawyer (which I am).<br/><br/>I suppose I could stop reading him – but I do it for the same reason that people climb mountains.  Because he is there.  But I would much prefer to read someone more intellectually rigorous and unclouded by unexamined passion.  Douthat's manipulative cleverness in support of the frequently indefensible is irritating.",0.9223
15,"For as long as I have read your writings in the NY Times, you have been thoughtful, brave, and interesting.  Now you can be ""just"" thoughtful and interesting.",0.9186
16,"Like others, I'm surprised by the number of ""working for free"" comments, since we're all doing the same thing here, providing the NY Times with free content and paying subscription fees for the privilege of doing so. Must be the prestige. Must be. <br/><br/>Maybe there's a lesson here for Reddit.",0.9153
17,"Thank you for acknowledging the responsibility the media has played in this. Now I hope people who use social media acknowledge their own responsibility. If they truly want to take a stand against everything he says, the quickest way to do so is to never mention him or show pictures of him on any social media site. Media outlets track social media and it won't take them long to cool on this person (see--no name mentioned) and begin reporting on stories that are newsworthy.",0.9062
18,Thank you for this splendid piece.  Best thing I've read all week.,0.9042
19,"Your second paragraph is telling, in that it is evidently supported by NYT comments to the original article, and elsewhere. To me, it says that your level of ""happiness"" is relative to the team you're on, and the manager/director/VP you roll up to. No surprise there, irrespective of industry. <br/><br/>That said, the original article IS extremely valuable for the dialogue it has engendered. And some Amazonians may benefit, too.",0.9041
20,"A slippery slope, to say the least, so we must trust the continuing vigilance of the supervising editors and The Public Editor to -- as Mr. Rosenthal's father, the legendary Abe, said -- keep the paper straight. And with so many journalists turning themselves into commercial brands nowadays, it isn't easy.<br/><br/>As The Public Editor indicates, the only reason The Times published the story on massive warrantless electronic eavesdropping by the government in December 2005 -- after withholding it from the citizenry for 13 months because of White House pressure -- was the impending publication of Mr. Risen's book. But what if he hadn't been writing one?<br/><br/>So the checks and balances, and the leverage they provide, can serve the people's right to know both ways. That's especially true when, at any given moment, Times management is too timid or too cozy with the government to remember that its primary loyalties are -- or should be -- to its readers and the First Amendment they cherish. ",0.9005
21,"The top comments are hilarious, they dismiss the article because it doesn't mention the high prices in NYC, SF or LA. Now I know this may come to a shock to many readers that live in these cities but there's a big country out there. <br/><br/>I think this is great news. Young couples can get nice affordable homes in many places of the country.",0.8957
22,"damon walton writes: ""Clearly she can write and communicate in an effective matter..she should try journalism"".<br/><br/>Of course, she writes well. You aren't going to read, in the NYTimes, the first-hand story of anyone who doesn't write at the NYTimes's standards. If she's not supposed to write about this issue, who is? Nice little Catch-22, if you think about it.<br/><br/>And you can demean any issue by claiming there are more important ones.  That doesn't mean issues #2 through #10000 don't deserve attention.",0.8955
23,"Hi Mark, thanks- it's refreshing to read your compassionate comment. To many NYT readers _ but also most German readers too_ seem keen to swallow all the media production without thinking too much.   Greeks are such easy culprits!",0.8871
24,"It's hard to know how to respond to this article.<br/><br/>On one hand, it's an interesting report of correlation between diet/eating practices and mental health.<br/><br/>On the other hand, this is focused on an issue so rarified that calling it a  first world problem almost overstates its scope. How many column inches/how much broadband width should the NYT devote to these issues?",0.875
25,"After reading this article and following the situations on social media, the best action was to apologize. All these celebrities are going back and forth on social networks like they're still in high school. These people are suppose to be role models for teenagers. They should handle situations better. ",0.875
26,"Yes, the Times now has lots of fluff, not to mention ""articles"" designed to appeal to those people high-priced advertisers would like to reach. Do I like it? Absolutely not. However, the truth is that my hard copy subscription does not pay for the kind of journalism I want to see. Thus, I will put up with the fluff without (public) complaint.<br/><br/>However, the Times needs to be careful. The front page online has gotten way too fluffy, with the central ""above the fold"" piece usually being of that nature. Also, some departments, which should remain genuinely journalistic, are turning into free corporate ads, the Bits column being the most notable example.",0.873
27,Best news I have read in a long time. I hope the opposition stays united. ,0.872
28,"Perhaps the Times should re read the article it wrote on Clinton's proposal.   The article clearly stated that money would still have to be borrowed.    To claim that Clinton has come up with a no debt solution is, at best, extremely poor journalism and an uninformed editorial board or, more likely,  false information created in order to promote a political agenda.     Articles such as this continue to degrade trustworthiness and relevance of the  Times.     Perhaps some truth instead of partisanship might be a good journalistic standard to pursue?",0.8692
29,"I just keep wondering if Truman Capote had a big hand in the writing/revision of the original Mockingbird. And that this is why there was no follow-up book. It really does seem as though Watchman was the coarse diamond from which Mockingbird was refined.  Otherwise, it would have been published long before now.  <br/><br/>But we'll never know because the publisher will have edited it, polished it.    Harpers has come great editors including Burnham.  ",0.8689
30,"Great reporting, NY Times.  Thanks.  Stories like this are the reason why I subscribe.",0.8591
31,"Having read the first chapter of the ""new"" novel online, I can tell you that the writing itself is just not as good as Mockingbird. Perhaps it was the shift from third to first person that helped Harper Lee find her voice in producing the beautiful prose that told her story so well. <br/><br/>I just know that reading the rest of Watchman would spoil my opinion of her forever. I wish the book was never found.",0.8495
32,Strikes me as a writer trying too hard to sell a  story.  I personally think professional sports to be disgusting.  But what I hear is a great athlete whose personal affairs are being nit picked by members of the media for the personal gain of said members.,0.8442
33,"Paul, thanks for the continuing input. You are more up on the historical inner workings of the Times than I.<br/><br/>If you were the publisher and/or editor, what would you do to create a stable financial operation? Can we pay for the good stuff other than by catering to the fluff crowd?",0.8426
34,"I agree. Hello, Upshot---please do an article on the lack of issue coverage! How do readers feel about Times coverage? <br/><br/>The Times should have a running record updated regularly on the positions of candidates on the main issues in this election. Issues that affect all our lives. <br/><br/>Put these issue updates into easy to grasp table form, so the public can keep track, and actually see them side by side. Then readers can go to more in depth articles on particular issues if they want to.  Yes it will take up news space. So what? It's worth it. <br/><br/>Save the horse race, personality stuff, and background on  their childhoods, families and personality quirks for some other media outlet---like People Magazine or Reality TV shows, or whatever.  ",0.8366
35,"I'm disappointed with the New York Times. This article is not deserving of the national attention that comes with being in the country's #1 newspaper. The RBF idea originated on Youtube as a funny video for young people to laugh at. By publishing this, the NYT is validating the idea that women need to be focused on their outside appearance at all times. What's next? Grumpy cat memes?",0.8299
36,I needed to read this today.  It gave me strength and hope.  Thank you,0.8225
37,"Hope the folks at J. Crew are reading these comments...about $50,000 worth of focus group research for free!",0.8122
38,"Even though written by the NYT Styles Editor, this article seems very much misplaced in Thursday Styles.  It would be far better placed in Monday Business, which seems to have a focus on media and advertising.<br/><br/>I'll state for the nth time that Deflategate is Roger Goodell's crowning PR masterpiece.  How else could he get so much off-season publicity for his NFL for so little money spent?  The media, whether televised, printed, or blogosphere, have unwittingly aided and abetted Goodell in his PR campaign.  Why even the NYT Thursday Styles section has helped Goodell along!  Even I have, simply by posting this comment.",0.807
39,"True it is fiction, but if we are as objectively honest as we can be most historical stories and contexts we face are often more fiction than fact.<br/><br/>For example I can tell you of a historical event, a factual event, of a black person being lynched.  The facts are pretty limited though, we can determine that the victim was lynched, probably who was there, if any of it was recorded then what was said (at least part of what was said).  That misses a whole lot.  For example if someone who was there recounted the events they might suggest they went along but argued against it.  Well witness accounts are a horrible piece of evidence, memories change and shift, for all we know that person was excited to support it but over time they changed some of their views and their intent and intensity was softened in hindsight.<br/><br/>We also have to fall on witness accounts as to what was said outside of anything that was recorded (which obviously can't catch everything), how it was said, the intent and emotion of what was said, etc.<br/><br/>Likely if you interview 4 different people that were actually there many years later you will get 4 very different perspectives on what happened and who was involved, who fought against or for it, etc.<br/><br/>Despite all of this we do have detailed narratives of all sorts of events, the truth being a large portion of the narrative being fiction.<br/><br/>A character in a non-fiction story has no free will either.",0.8047
40,I do wish the major news media would concern itself more with informing people about the issues and less with articles devoted solely to trying to predict winners.  ,0.804
41,I send you serious kudos for the best comment.,0.802
42,Please use Google once in a while.  You might find it helpful when reading news articles.  Thanks.,0.7906
43,"If I had to react to the every day anti-muslim remarks I hear at work on on various television station news programs, that would be my full time job. But I recognize that this is still a semi-free country (Prism not withstanding) and people have/should have the freedom to read whatever books they choose and discuss them afterwords. You can't police people's thoughts. Its what they do that matters. ",0.7876
44,I think ACW responding with something just short of an 'intellectual ad hominem' attack is very poor indeed. The intellectual insults in the comment section are always just 'bombs waiting to go off'. Better for us all if those thoughts never entered anyone's head -giver or receiver.<br/><br/>A personal story in a existential essay on our condition seems worth while and courageous. ,0.785
45,"I found the story quite interesting.   But I did not seem to find any discussion on the physics of black holes and why they are such a fascinating phenomenon.  They are much, much more than just compressed matter.   That discussion should have been part of the story.  ",0.7843
46,Has anyone mentioned the recent book Your Face in Mine by Jess Row? It's a fiction about a white person who deliberately gets facial reconstruction to appear black and about a medical company that promotes getting plastic surgery to change to all kinds of different ethnic features. <br/><br/>It's quite interesting and this story is like that fiction coming to life...,0.7841
47,"I think that defending South Korea from murderous thugs WAS the moral justification; I have yet to read the book, but I get the impression that he wrote a strictly personal tale and didn't delve into the reasons for the war.<br/><br/>Anyway, other than your initial comment about the gratuitous comment in the review.... you wrote him a very fine obituary. I hope you've written a book or two yourself.",0.7674
48,Great piece. I only wish I had as many ideas - if I did I would write faster. But I don't! That's the problem. My ideas come at a slow drip.  I think that's probably the case for a lot of writers.,0.7635
49,"Awesome piece. Your vivid, layered explanation is at once an academic essay and a concise narrative with a twist.<br/><br/>Be certain that I'll seek out anything else you've written!<br/><br/>Thank you.",0.7574
50,"If you read much about the construction of the canon through history, you'll find that classics do not ""transcend time and space"" in quite the sweeping way you claim.  A couple of examples: Shakespeare has had his ups and downs with respect to canonization, dipping in the 17th and 19th centuries (in Victorian times most of his plays were thought suitable for production only if thoroughly bowdlerized and changed to happy endings); T. S. Eliot rescued John Donne from obscurity; and Stephen Greenblatt's The Swerve talks about the rediscovery and impact of Lucretius's On the Nature of Things.<br/><br/>Women writers have been deliberately and consciously kept from the canon for hundreds of years<br/><br/>What we consider classic literature is also almost painfully geographically limited.  The U.S. reads much translated literature than many other countries; Ann Morgan's The World Between Two Covers is also a very enlightening read.<br/><br/>I taught 18th century literary history at the University of California for a dozen years or so.  Reading the ""non-classics,"" biographical and autobiographical material, history, and other texts alongside the classics is an education is how certain books become canonical in particular times and cultural contexts.  I have absolutely nothing against the idea of classic literature, but I do think that it is not ""timeless"" but such literature is newly discovered, newly defined, and newly thought about/around, in different times and spaces.  ",0.7511
51,"Erdogan? This poor excuse for a Jew-baiting demogogue? He'll claim Jews and Zionists are out to get him.  He's already claiming past NY Times criticisms of him are because the paper is backed by ""Jewish money.""  What a joke considering the Times makes sure it prints at least one anti-Israel op-ed piece per week. So much for Obama's great symbol of Islamism coexisting with democracy.  Another Obama dream goes into the dustbin of history.",0.7476
52,"One of my favorites of his books is ""A Leg to Stand On,"" in which he chronicles his own journey through a fascinating medical condition.",0.743
53,"Excellent piece of journalism. The objective approach of the author is aptly suitable to portray polarizing and powerful ruler and the puzzling phenomenon surrounding her existence, not to mention the insane devotional culture ingrained in the people whom she rules. Rather than propagating his own opinions and conclusions, the author expertly describes the weirdest political theatre which is beyond farcical, and lets the reader evaluate the situation. I doubt even any seasoned  Indian journalist from Tamil nadu would have written such excellent article.",0.743
54,"This article and the clarifying article in Bloomberg,July 24,2015 by Justin Sink, and Del Quentin Wilber,4th paragraph of their story.""Officials stressed that the inspector general had not made a criminal referral-contrary to statements made,and then retracted by Justice Department officials""only confirm that the Clinton*s are to subjected to ""Clinton Rules""As initiated back in the 90*s with Howell Raines,Jill Abramson(then a reporter)Stephen Labaton,Maureen Dowd-all at the Times,MIchael Isikoff(Washington Post)Sally Quinn(Washington Post).Because the Clinton*s ""aren*t fit""",0.7412
55,"""Gogglygook"" ""burned at the stake""?  Am I reading Supreme Court opinion or a fantasy novel?",0.7399
56,"Like the message or not, these recent NYT features have been excellent. ",0.7351
57,"Reporters in the wake of a shooting like this have some leeway in what to report.  There are many angles to cover and much interest among readers.  Now that we know the likely fate of the Confederate flag, do you think we could get profiles of the victims?  I am interested in who died, their families, and their funerals.  For the thousands commenting here who have put the fate of Johnny Reb's flag ahead of the nine black victims, your great interest in flag symbolism is duly noted as is your lesser interest in the lives of the nine black victims.",0.7351
58,"Perhaps during the continuing and future wrangling over the ACA, an understandable, easily read version of the law can be presented to the public (and Congress) . . . something less than thousands of pages. <br/><br/>Something so beneficial needs a new cloak.",0.7304
59,"Thank you, Mr. Krugman.<br/>What's the Matter with Kansas ? , has a special place in my personal reading pantheon.<br/>I will now put on my list, Messrs. Alesina, Glaeser &amp; Sacerdote.<br/>My definition of ""Patriot""  is he/she who reads &amp; thinks &amp; criticizes our country when it could be doing better, like the little boy who pointed out that, ""the emperor has no clothes"".",0.7269
60,"Thank you, Mr. Krugman.<br/>What's the Matter with Kansas ? , has a special place in my personal reading pantheon.<br/>I will now put on my list, Messrs. Alesina, Glaeser &amp; Sacerdote.<br/>My definition of ""Patriot""  is he/she who reads &amp; thinks &amp; criticizes our country when it could be doing better, like the little boy who pointed out that, ""the emperor has no clothes"".",0.7269
61,"I started out thinking I was reading an article about a major on-line retailer and found myself reading about Scientology-turned-merchant. Jeff Bezos is yet another blight upon humanity who we lionize for his wealth rather than recognize as a dark, crusty scab over the better angels of our nature.",0.7269
62,"When I read ""Dreams From My Father"" I could hardly believe I was reading a politician's words.  He acknowledged in the foreword the political risk of putting out so much candid information about himself.  He was basically doing the other side's oppo.  Yet he wrote it, stood by it, then wrote yet another book!  How many politicians have been that  honest and courageous to put themselves right out there as if to say, ""Here it all is.  Vote for me or not.  It's up to you to judge.""  And there was a lot to judge.  Profiles in Courage are few and far between these days, but President Obama is the closest to that standard that we have had in a long time.  Maybe in about 54 years. ",0.722
63,"NYT's standards editor says ""our stories did specify that Dr. Palmer’s remarks came “in a statement,” which I think most readers would understand to mean a formal, written response as opposed to extemporaneous comments in an interview. ""   If ""most readers would understand"", why would the AP think it important to state that the ""statement"" came from a PR firm.  Personally, I would like to have that information from the NYT also, in every story where the ""statement"" is quoted or mentioned, not  just one.  <br/><br/>Thank you, Margaret Sullivan, many times over.  I do wish the NYT's editors, especially the standards editor(s) would really listen to you and take your advice. ",0.7184
64,Thank you! This is one of the few comments that recognizes the complexity of the issues at hand. They cannot be addressed from a single perspective.,0.7177
65,Reads like a science fiction novel. Interesting how seemingly safe things can be a source of harm.,0.7096
66,"I didn't read all the comments, so maybe this is not a new thought.  Didn't they think comic books were a corrupting influence on the youth in the last century?  Self-soothe?  Like with what - food?  Give a kid a lollipop to quiet him when he cries or gets agitated - is that better than letting her look at a video with some calming songs?  The former leads to obesity.  Define ""screen time"" better - reading is important, but suppose I read on my tablet, then is that ""screen time"", or reading?  Suppose I have a Shakespeare app that also has links to scenes of actors playing the parts - is that ""screen time""?  With every medium, you need to decide what is of value and what isn't, and that also depends on the values in a particular social group or family.  Should my kid read ""Catcher in the Rye""?  Some people thought (and think) not.  Violence in video games?  I was raised in a home where playing with guns was forbidden - my mother said ""killing people is not a game"".  This is back in the 1950s.  You don't need violent video games to know that killing is not a game.",0.7022
67,"I am sorry for the loss of your friend. That you can write something so powerful during such a difficult time speaks to how intensely you feel the loss of your safety. You've laid it all out on the table, and I cannot stop thinking about what you're written here.<br/><br/>This has gone on for far too long.<br/><br/>Perhaps it's time for those who profit from this system to find they have no sanctuary themselves (in a non-violent sense, of course).",0.7007
68,"Ms. James said, ""Fifty Shades of Grey’ is a love story that has enthralled readers in a way that few books have …. and I can’t wait to re-hash the same story for vast amounts of profit before this ridiculous concept runs out of steam.""",0.6808
69,"Please see your own story regarding the NYT reporter assigned to the atomic bomb project. He was censored and only able to publish after it was deemed safe by the government. Perhaps journalists during WWII were more concerned about the safety of the military, and the ability of the military to meet mission objectives than they are today. Censorship regarding military activities is not new.",0.6705
70,Great  comment!,0.6588
71,"Great job NYTimes with the piece. I look forward to seeing more music ""breakdowns""! ",0.6588
72,"Wow, am I ever disappointed.  Disappointed by not surprised.  Remember Jayson Blair:   ""He fabricated comments. He concocted scenes. He lifted material from other newspapers and wire services. He selected details from photographs to create the impression he had been somewhere or seen someone, when he had not."" -- Dan Barry, David Barstow, Jonathan D. Glater, Adam Liptak and Jacques Steinberg. Research support was provided by Alain Delaquérière and Carolyn Wilder.  Published: May 11, 2003 NYTimes.  Clean it up or the Washington Post will be the sole remaining ""newpaper of record"" in the US.",0.6524
73,"If you look long and hard enough at any person you will see cracks and flaws. My issue with the Times is that it will look long and hard at Clinton while only giving a passing glance to other presidential candidates. Where are the follow the money stories on Jeb! or the Donald? Why does Sanders not get weeks  and weeks of scrutiny on his rape fantasy essay written in the '70's? Had Hillary written the same essay in that period, she would have been crucified for it. But Bernie gets to laugh it off as his 50 shades of Grey ( even though he originally said it was an academic piece). By the way, if a republican candidate had that essay in their skeleton closet the media would have driven them out of the race already.",0.6488
74,"While I tend to agree there was bravery on the part of the reporters, I believe the editorial board thought long and hard, before publishing, and finally published because they see the beginning of the end of this diabolical abrogation of our rights.",0.6486
75,"Actually, I thought the author covered the situation pretty well.",0.6486
76,Excellent!!,0.6467
77,"You probably have not been properly informed. Among the public in Germany Putin has so much support that they coined even a phrase  for them, ""Putin-Versteher"", people who understand Putin.<br/>However, just go into comment sections of German, French or Italian papers and read the comments on US, Ukraine, Putin and Russia. Papers like Spiegel, FAZ, SZ or even Europe`s biggest daily, BILD. Between 80 % and 90 % of the comments are rather pro Russian and anti American. That goes for British , French and Spanish papers as well.",0.6461
78,"Why yes, they did.  I'd recommend actually reading the article before commenting.",0.6369
79,"A fine job, Kera. I was really moved and impressed by the writing. Thank you for being so vulnerable and real.",0.6337
80,"Great subject, and the writing is just stellar.",0.6249
81,"You have been gifted a green checkmark to trash this place, Kurt. You are one of the great mysteries of this newspaper's editorial policies.",0.6249
82,Great article.,0.6249
83,"I don't think advertising has anything to do with it, but you're right of course, the Times's coverage of global warming has been one of the paper's weakest points. The newspaper will focus its resources on the plight of a few transsexuals -- a worthy cause, but a small one -- while virtually ignoring an issue that threatens billions.<br/><br/>Surely, giving warming the attention it deserves wouldn't rob too many journalistic resources from sometimes-repetitive coverage of issues that in the long run are far less important to the nation and the world? The Times pays more attention to selfie sticks than it does to warming.",0.5989
84,Julia Preston and her reporting are NYT treasures.  Read everything that appears under her by-line. Just too bad that the paper has never posted her to Southeast Asia. It coverage of this part of the word would sure benefit from her presence!,0.5983
85,"""Very little"" media attention? Are you kidding me? Re read the article. Fox Sports flogged the heck out of the Cup, with terrific results for their bottom line.",0.594
86,"Arthur Ochs Sulzberger may have graduated from Tufts, a ""non-Ivy"" but his family owns the controlling stake of the NY Times.  It is a safe bet he wouldn't be publisher if his family didn't control the company.",0.5927
87,Excellent.,0.5719
88,"A wonderful man, an informed and educational obituary and an insightful comment.  ",0.5719
89,"First of all, I have no interest in reading this drivel, all I need is the headline.  Papa John would make a better president than Mr. Coffee.",0.5719
90,"@DS: '... ""Issues in Artificial Intelligence, Robotics, and Machine Learning, 2013 Edition"", edited by Q. Ashton Acton ...'<br/><br/>Thanks for the reference. The term ""stochastic analysis"" appears three times and ""linear analysis"" not at all.[1] ""Stochastic analysis"" is not defined in the book.<br/><br/>[1] Based on a word search:<br/><a href=""https://books.google.com/books?id=MS1XU9xuUiIC"" title=""https://books.google.com/books?id=MS1XU9xuUiIC"" target=""_blank"">https://books.google.com/books?id=MS1XU9xuUiIC</a>",0.5632
91,"An excellent and most informative article.<br/>As I understand it, the only reasonable solution in the foreseeable future is the use, sometimes enforced, of anti-addiction drugs. Well, this may be the only workable way, but one can already hear the voices of the opponents of any additional measures of public health.",0.5499
92,"Thank you for an excellent comment amidst some rather upsetting one. I appreciated the Op Ed piece &amp; yours very much. Anger &amp; frustration need to be channeled intelligently not senselessly. Thoughtful writing is a start. (Meditation &amp; exercise work for me along with learning about issues beyond the superficial but striving to understand the implications, then seeking out who has viable optimal responses.)<br/>Thanks again for being in the right direction.",0.5137
93,Will Ross ever write a column discussing any of the candidates' actual policies (proposed or while they were in office) and how such policies would benefit Americans?<br/><br/>Of course not. It's hard to write about nothing.,0.51
94,"I find it very interesting that commentaries to many articles -- including this one -- often are focussed on people expressing their unsubstantiated opinions and prejudices. How is the island different than the the rest of the US, or any specific state. I don't know and I know more about the island than most  of the people commenting here. I have lived and worked there. It is not have a different work ethic, level of valor, intelligence or ethics. ",0.5095
95,"There are many cases of what the law calls ""Undue influence."" meaning an abuse of power over a weak or vulnerable person. A common example is a caretaker who influences a dependent older person to change their will in the caretaker's favor. I<br/><br/>It appears suspicious that the recently graduated Tonja Carter had somehow played a role in the sudden reconsideration by a disabled writer, perhaps lacking capacity, to publish a novel the writer had withheld for over half a century. Now it comes to light the the lawyer and confidant has apparently misrepresented the circumstances of the discovery of the manuscript. And how odd that the announcement of the alleged discovery was delayed until the author's sister, an likely witness, was dead.  <br/><br/>The primary question that should come to mind is the financial arrangements between Harper Lee and Ms. Carter. Of course, there is now another party with a huge financial stake in the novel, the publisher which has pre-sold two million copies. <br/><br/>Someone with proper standing should file suit for the appointment of guardian of Ms. Lee, and that guardian should not be anyone who stands to gain from the publication. The book might be a masterpiece, but the circumstances certainly raise serious questions of fiduciary misconduct. ",0.5023
96,"@SB Lewis: What is this ex-Wall Street billionaire blockading about: from a guy who runs an organic farm using unpaid interns, successfully sued a government land use regulation agency and then stuffed his lawyer for the work to the tune of a few hundred thou, a ""farmer"" who has enough time to write lengthy screeds in Times Readers Comments on a daily basis. ",0.4939
97,It must be a really good book if the right wing is seeking to discredit her personally. Makes me think probably a defining book of the early 22nd Century. ,0.4927
98,It must be a really good book if the right wing is seeking to discredit her personally. Makes me think probably a defining book of the early 22nd Century. ,0.4927
99,Most of the Rubio supporters here haven't actually read the article.<br/><br/>It will be interesting to see how they react when Rubio's Republican opponents rip into him for this.  They won't be able to whine that Rubio is being picked on by liberals.,0.4767
100,"Your other points are quite valid, but Douthat is merely giving his opinions, being clearly published on the opinion section. He is not being represented as a journalist.<br/><br/>Fortunately the NY Times provides space for us to call him out on his nonsense.",0.4767
101,Favorite quote from Arthur Koestle,0.4588
102,"Me too ""Reader in Canada"". Finally did the same. Thanks for writing in.",0.4404
103,Thanks for the insightful context and perspective.,0.4404
104,"Thanks for your contribution, Thomas. Your experience as a seller was included in my reader reaction <a href=""http://www.nytimes.com/2015/08/18/insider/a-deluge-of-comments-from-readers-with-an-opinion-about-amazon.html"">article</a>.",0.4404
105,Thamks for the recommendation. The NYT covers entirety too much bad/contemporary music. Sometimes being an adavist isn't a bad thing. ,0.431
106,"Most of the reporting I see in the NYT is about the horse race, not about the issues.  It would be nice to see the Times reporting candidate positions on the issues, with analysis on compare and contrast.  ",0.4215
107,"Yes I almost fell off my chair at that last sentence!<br/><br/>As a US citizen, that is kind of embarrassing - even more so after reading your post.  Hopefully your situation will change soon.",0.4213
108,"The more I read about Rubio in the NYT, the more I like him.",0.4201
109,"Thank you for your comment, Matthew! We've quoted it, and many other comments from this thread, in a story about the reaction of Times readers to the ruling. You can find that here:<br/><a href=""http://www.nytimes.com/times-insider/2015/06/26/same-sex-marriage-is-ruled-a-right-readers-react/""><br/>http://www.nytimes.com/times-insider/2015/06/26/same-sex-marriage-is-ruled-a-right-readers-react/</a>",0.4199
110,"More and more this reads like ""Invasion of the Body Snatchers"".",0.4144
111,"For those readers who wish a deeper, non-verbal understanding of Mr. Trump I suggest they turn the pages of the most recent New Yorker and look at all the small ( about one inch sq.) caricatures they have done of the Donald....covering his many facets.",0.4019
112,Yes. Read Cadillac Desert.,0.4019
113,"Interesting article about Kochsas, I mean Kansas.",0.4019
114,"Don't worry, in due time you will be able to read, in mind numbing detail, about the lives of these two folks and the woman who is alleged to have helped them.  I am sure that there are many book deals  being negotiated right now between publishers and authors agents.",0.383
115,"Yes I read all of that...you're a little bias in your own leanings here. Indeed if you had gone to the crux of his intervention memoir. It would have been able to be said that the Eurogroup (I'm referring to it now as I jot this to you), you'd find that he asked to sit in and partake in the final meeting of the day on the 27'th. Yet he was dismissed and not allowed to by the President of the group. He goes on and tells us actually more than this too. I.e what the secretariat told him of rules in this case. There's even a video at the foot of the page and his National Briefing. Yes, you want to get your facts stated correctly...you're very misleading. ",0.3818
116,"Well, he met her in Mexico, so I'm guessing yes. <br/><br/>I would never vote for a Bush, but I knew that from reading articles and keeping myself informed.",0.3678
117,"Thank you for writing this V,  you are spot on. ",0.3612
118,"According to the story, it is apparently already legal to be topless.  (I know, surprised me too.)",0.34
119,"Please read the comments to this column from people who presently actually live in Wisconsin and rethink your own ""smartness"".",0.3182
120,Are you sure they were ever Boy Scouts?,0.3182
121,"good job, you responded to this very disheartening comment so well. ",0.296
122,"Yes, Larry, that article is being used to accuse everyone, just about, of being paid for comments in the mighty comment section of this paper.  What power we must have!  Heady, huh?  ",0.2942
123,These two notes are the kind of reviews that are utterly unhelpful to other readers.  Can't we restrict reviews to those who have actually cooked the recipe and have something to say about it?,0.2924
124,This column speaks for itself.  Rather well.,0.2732
125,"Very interesting choices for the editorial page this morning. This piece touts the egalitarianism of our national parks, but another states as if it is a fact that we have different classes in our country. ",0.2374
126,"I am a great admirer of Paul Krugman. I would go so far as to say he is a hero of mine. However, as many of the other comments also suggest, he is ill informed about Corbyn. It reminds me of when I read a disappointing piece by another hero of mine, Wittgenstein, and realised that even he was capable of a poor analysis. I think Paul's mistake was succumbing when 'people have been asking me to comment' since, as he says 'I haven't been closely following developments.' Some of us who are firmly anti-austerity but have been closely following developments have been appalled at the sudden rise of the previously laughable but apparently harmless Corbyn. ",0.2263
127,"I'm thankful the NYT's at least printed your much needed critique, they usually simply delete my, perhaps, lame attempts. ",0.2263
128,"What!  You're being exposed to normal people durimg your book tour?  The horror!  Take a limo and a Lear next time.  Meanwhile, this normal person isn't going to buy your book, but I suspect a lot of normal people will.  You should have more respect for them.",0.22
129,There are apparently enough who are interested; but who get turned off for one reason or another.  (See Aussiebat's comment.),0.2144
130,"This new service brings the NYTs advertorial content to 77%, keep up the good work.  I can see a time when you will have to fill out a financial questionnaire to qualify as a times reader, no more  casting pearls before swine....A",0.1779
131,"remind me, just for old time's sake, when was it that white people cared? i must have missed reading about that period in american history class...",0.1531
132,"If the opinions of Matt Drudge and Buzzfeed are the standards by which the New York Times is basing its coverage, then you people are truly lost.",0.1531
133,"JC,<br/><br/>1550 warming adjustments since 2008 alone:<br/><br/><a href=""http://c3headlines.typepad.com/.a/6a010536b58035970c01b7c797c53e970b-pi"" title=""http://c3headlines.typepad.com/.a/6a010536b58035970c01b7c797c53e970b-pi"" target=""_blank"">http://c3headlines.typepad.com/.a/6a010536b58035970c01b7c797c53e970b-pi</a>",0.1531
134,"Was it ""The Stand"" that was re-issued without benefit of an editor's eye? And can anybody say it was better for being longer, or just, as you say, sloppier.",0.1078
135,"C'mon, Mr. Schrage, you are expecting a serious discussion of what few people consider a serious subject.  I would be surprised to see such an occurremce  on the pages of the NYT.",0.0772
136,the reporting requirements are for cash transactions. You can write as many checks as you want for any amount.,0.0772
137,"As usual New York Times readers/ as here in the comments section/ are 90% against the ""Snowden as Hero"" slant that NYT's always takes in reporting this story. Americans know this dirty work needs doing, and that we should not know about it--and the majority know Snowden is a traitor. The war between the US and Russia/China has already begun. Snowden chose his side. Obama is doing the dirty work that needs doing in the early phase of this war... <br/><br/>When actual shooting begins..once we get beyond the hacking phase... the judgement of history will be clear. My money is on Snowden as traitor. Pretty much like Ezra Pound/WWII. ",0.0644
138,"Wolff makes a living that allows him to steoll down to the corner in his batheobe in NYT to buy three papers by reporting on power. To even recognize power at work is rare these days, to report on who has it and how they got it and how they use it is unheard.  Wolff doesn't have to be always right because he has a reporting monopoly by default.",0.0
139,The article would be more informative if it listed the factual reasons why the court made its decision.,0.0
140,"This piece reminds of the book I recently read, ""The Bluebird Effect"" by Julie Zickefoose.",0.0
141,"If you think it is not newsworthy, why did you read and make a lengthy response to it?",0.0
142,"Reading a lot between the lines, aren't we?",0.0
143,Did you read the article in yesterday's edition of The Times?,0.0
144,"If you read Sam Roberts book, there is one answer to the question: Roy Cohn. Ethel was his first scalp.",0.0
145,"didn't read the article, did you?",0.0
146,"And yet another editor's take on ""Keep moving....nothing to see here.""",0.0
147,"Sara,<br/><br/>Because in this column (like in many of his columns), Mr. Brooks is being disingenuous.<br/><br/>rs",0.0
148,Obviously you don't get it.<br/>Smart people can think about more than one subject.,0.0
149,What was reported in this story has already been documented in the various writings by former Seals.  ,0.0
150,It has become impossible to imagine a Saturday without this column.,0.0
151,You do realize that this article--and the comments--are about 3 year olds.,0.0
152,"In fifty years, we'll whether people are still reading Thomas Pynchon, and whether people are still reading James Parker. I have a guess how this will work out.",0.0
153,"Also, the Timz has a rule that they can't publish and article about Sanders without mentioning whats-her-name. ",0.0
154,"I have noted this numerous times in comments, most of which don't get published, and to the Public Editor.    I have looked and haven't seen a single one.   ",0.0
155,Another NYT's article swooning for a liberal Republican.,0.0
156,whats the point of this article?,0.0
157,"On what basis, given that you are a ""progressive Democrat"", should the Republicans afford your opinion the time of day?<br/><br/>Please be specific.<br/><br/>Or are you, Paul, just commenting because the NY Times allows you to do so?",0.0
158,Exquisite piece of writing. Look forward to reading more on Mr. Tao and his contributions to mankind. ,0.0
159,"It's libel when written in a newspaper, and it wouldn't stick because she's a public figure, but your sentiment is absolutely right. ",0.0
160,because the Times is not progressive.  It does not sell newspapers in New York to come out against Wall Street.  ,0.0
161,@ RamS<br/><br/>It's one type of journalism. There are in fact several other pieces in today's NYT which present a much more realistic analysis of how things stand with Greece. ,0.0
162,So... are you suggesting that the columns in the health section of the NYT aren't objective but are somehow influenced by big pharma? Is this newspaper beholden to them in some way? The writers are shills for those companies? ,0.0
163,Look at the third paragraph.,0.0
164,Where's the review?,0.0
165,The article would be more informative if it listed the factual reasons why the court made its decision.,0.0
166,"A lot of information and interesting juxtapositions, and the lens through which the material is viewed makes for compelling writing.  But it reminds me more of memoir than op-ed column, and I don't think we're out of the woods yet about answering the question of what we are to do or what we are to think of ourselves if we don't do anything, I don't think we have the luxury yet of making an aesthetic object out of the situation. <br/><br/>And now I am going to be tedious, tendentious, and otherwise annoying:  it seems to me that there really are half-pregnancies, for example a pregnancy that stops progressing during the first trimester but before it is expelled or removed.  I don't think the world is as binary as many people would like to see it as, and that, I think, is actually a significant point.",-0.0516
167,The thing that struck me most about this article is that the first 4 paragraphs are devoted to highlighting a player's emotionalism and tears.  Does this really have to be the lead?  Can't recall having read any similar articles about the men's team.,-0.0516
168,"The top recommended comment on this article is written by someone who apparently does not know the meaning of the words ""unarmed"" or ""teenager."" <br/><br/>So many reasons to worry about the future of America. ",-0.0772
169,"""Uh, no, Editorial Board--it's not JUST the 'browning of America'"" (emphasis mine)<br/><br/>At least we can admit that it's part of it. ",-0.1027
170,"Amen.  I lived through that period and it was painful enough at the time.  I m not much of a fiction reader, preferring biography and history.  However, I know ""Mockingbird"" only from there movie.  I think I would like to read its text now.",-0.1027
171,"What a total non-issue. With all of the poor journalistic practices, this is the item that the Public Editor chooses to cover? Who cares?",-0.1179
172,"I don't know if there is an anti-bortion argument that would convince me. However, stopping funding for an organization whose major efforts clearly go to other women's health issues can hardly be justified on the back of an anti-abortion harangue.  I can see why the powers that be at the NYT want to have  many views represented in their pages, however that's hardly an excuse  for today's tendentious nonsense. It's unfortunate that both of their writers with conservative tendencies (Mr Brooks and Mr Douthat) seem to be looking down from a mountain top, or at least down their noses, at the majority of an underserved population.",-0.1423
173,details? none<br/>i wish i had the time to insult you properly,-0.1531
174,"I agree, I think this is a mix-up here.<br/>So the style book says to avoid ""times more"" constructions. I think maybe the writer of the column (or whoever submitted the example, thinking it was an error) wrongly concluded that this meant ""the rate was three times higher"" was also verboten. But they're not the same. I think the style book rule is hoping to avoid things like ""Three times more women than men failed ..."" which I would agree is awkward, and should be avoided in favor of ""Three times as many women as men failed ..."" But writing that the failure RATE for women was three times higher is fine, actually sounds better.",-0.1531
175,"Yes, Lindsey Graham, the Confederate flag is part of who you are, racist and profoundly, thoroughly anti-American. It is time to change, but you would have to first realize that you need to change. You wrote in your memoir that your parents were a product of their time. Evidently so are you.",-0.1655
176,"Wow. If ""Panchito"" had covered George W. Bush with half of the journalistic ability he lauds the Fox News apparatchiks for demonstrating, we might not have had two wars and an economic collapse.",-0.1779
177,"Not impressed by the author's vague biography. Intervention of Eisenhower? Kind headmaster at Philips Exeter Academy? Somehow these entitled, upper class monsters always expect us to believe their tired up by the bootstraps fabrications. Eisenhower could have told you about fairness in taxation...",-0.1813
178,"Bingo, and the reporter was too ignorant of what he was writing to even question this. Comparing apples (free trade deals) to cows (export supported jobs) is meaningless, but then we are supposed to be as uninformed as the writer.",-0.2144
179,"Ms Deen did Ms Charles a grave injustice, as Dora toiled for years as an integral part of the 'Paula Deen' team. <br/><br/>All would be forgiven in the karmic cycle if Ms Deen presented Ms Charles with a check for 300K, and also apologized to her Dora so she can move out of her rickety trailer.<br/><br/>I also recalled during my Civil War history readings, and tours of the South, learning about white men and women who owned vast plantations, who gave generously to the church and those less fortunate, while at the same time owning 100s of slaves who toiled in their fields.  This kinda reminds me of that.",-0.2247
180,"The author's notion of ""Soviet-style housing"" was actually designed by Philip Johnson, John Johansen and Josep Lluís Sert. He's entitled to his opinion, even if it is wrong.",-0.25
181,"I wonder just what Harper Lee's attorney and agent hoped to achieve by having this manuscript published. More money for her estate, I suppose, to which said attorney will no doubt take a hefty chunk. ",-0.2732
182,Whenever I read nanny state there's no point in continuing to read. ,-0.296
183,We in CA have no idea what a cooling tower is since every article I read (dozens) say something different.  <br/><br/>What EXACTLY are they?,-0.296
184,No one is forcing you to read this.,-0.296
185,"I also could only read this in installments.  The question is, why isn't the American media and our government more outspoken on this evil that is happening as one reads this article and I type my comments.  Yes, I have contacted my elected officials but what else can I and others do?",-0.3127
186,"I like bears so I was drawn immediately to this article, but this is just silly. Aren't there more interesting things to say about bears?",-0.3209
187,"Stanton, do you ever get tired of having no support for your comments?",-0.34
188,"You don't read too good, do you?  The phrase used in the article was ""many Americans,"" not ""most"" or ""majority of.""  The article is correct.",-0.3412
189,"At some point, our 'free' press became more about entertainment and opinion pieces and less about facts and fact-finding.  It's sad and it does not serve as citizens, nor inform us.  Good, actual information",-0.3459
190,"I doubt there's any real food that wasn't written about by Calvin Trillin, so why even try?",-0.3612
191,"There are all kind of problems in education. We hear about budget cuts and we see record property taxes. Schools should be audited and reports should be written by the auditors and legislators should read the reports and the news media should publish the report. One of our former state comptrollers used to audit schools, but the news media moved on after announcing that the audit had occurred. If every school were audited annually, schools could learn from each other and legislators would come up with answers. ",-0.3811
192,"Here's how this latest bit of junk from Screaming Lord Monckton--well, actually from Willie Soon--got anonymously ""peer-reviewed,"" published in an open-source small ""journal,"" and waltzed around the far right blogosphere.<br/><br/><a href=""http://motherboard.vice.com/read/peer-reviewing-climate-denial"" title=""http://motherboard.vice.com/read/peer-reviewing-climate-denial"" target=""_blank"">http://motherboard.vice.com/read/peer-reviewing-climate-denial</a><br/><br/>It will perhaps be observed that among other risibilities, this ""article,"" got published because Heartland gave its authors the money to GET it published. ",-0.3818
193,What would have happened if the NYT did not report this story? Only one person in the country would have been annoyed.,-0.3818
194,"The global financial rollercoaster is nowhere near drawing to a halt, so I recommend you (re-)read English author John Lancaster's 'I.O.U.: Why Everyone Owes Everyone and Nobody Can Pay'. The most lucid and insightful explanation of how and why we wound up where we are. (Particularly noteworthy: his explanation of Reagan's responsibility for unleashing the unbridled greed of the financial class - but NOT by the means you think.) For companion reading, Margaret Atwood's 'Payback: Debt and the Shadow Side of Wealth,"" an extended essay which considers Debt from an historical, literary, and philosophical perspective.<br/>Definitely recommend: 'End of Discussion' by Guy Benson and Mary Katherine Ham, two right-wing bloggers. A tough book to read, since on the issues I mostly disagree with them, but I have to cheer hip-hoorah for their main thesis, put forth in the subtitle: 'How the Left's Outrage Industry Shuts Down Debate, Manipulates Voters, and Makes America Less Free (and Fun)"". I wish they were wrong on that ... but they're not.<br/>Beach books: heck, re-read Stephen King's 'Carrie'. Which does not bear an epigraph from WH Auden, but should: 'I and the public know/What all schoolchildren learn:/Those to whom evil is done/Do evil in return.' Put the movie (which is a good movie) out of your mind and read it with fresh eyes, on its own merits. It's a different animal from the film, and a good book.<br/>As the bumper sticker says: Visualise whirled peas ... ;}",-0.3832
195,Don't know why but I just started crying halfway through the article....and I  have never cried when reading a news article!,-0.3952
196,"Tim,<br/><br/>Beautiful, in an ugly sort of way. A picture that will always remain with me, with the one time I visited Baltimore as a back drop. Thank you. Now I must read your books.",-0.4404
197,Complete bunk. Every single comment thread on every single bloody article has comments from dissenters. Do you actually read the threads?,-0.4404
198,So now believing well-trained scientists over laymen misinformed by oil-industry fifth-columnists is a dereliction of journalistic duty? Really?,-0.4515
199,"Permit me to politely point out that the opinion page of a newspaper is a place where pundits express their opinions, while the reporters in the reportage sections report. At least that is the idea. <br/><br/>However, as has been observed many times, facts seem to have  a ""liberal bias"", which seems to be endlessly offensive to some.  ",-0.4588
200,<br/>Mark my words --  There will be articles about how this flops in less than 2 years. It will exploit consumers.   Goldman will write it off. ,-0.4854
201,"Hey I agree with you. The media basically can't write about anything but the lower 9th ward, which they had never heard of prior to the storm. But just so you know, the vast majority of ""Katrina people"" have not been whining. But normal people going about their lives is not a good news story, apparently.",-0.4871
202,The inutility of future punishment is illustrated by the ISIS functionaries set forth in this article.,-0.4939
203,Clinton's stupid statement and umpteen follow up stories are old news already.,-0.5267
204,"Thanks. You got what counts. So did I back then. The rest, what Michiko Kakutani points out, is what our political and business machine has become, pushy, blinded by their egos, killers.",-0.5423
205,"I, along with many, am tired of the New York Times highlighting gay and transgender issues. Since when did a newspaper with the reputation of the Times become a second rate rag? <br/><br/>Number-wise, people with these issues are well in the single digits. While I'm sorry they don't feel good in their bodies, we should not as a majority of your readership be subjected to this day in/day out.  ",-0.5432
206,"Ticks and Lyme disease and all their variants are a serious epidemic.  The tone of this article -- it reads like a society entry, a who's who of rich summer house people and their foibles --is an embarrassment.  The Times owes its readers a serious assessment of a disease that has crippled a number of people that I know.  This story has been terribly under-reported.  As for the author of this piece, she should interview real victims of this disease or else stick to celebrity gossip and fashion.   ",-0.5719
207,"As I have noticed while reading through many of the comment are...<br/><br/>Majority of your comments are emotion driven- no data or facts<br/><br/>Majority are great at regurgitating what they are reading in these liberal ""op-eds""<br/><br/>It's sad to see how many folks lack critical thinking skills, research skills, and have simply become mouth peices..",-0.5859
208,"This is why I believe about 10% of what I read either online or in print, about anything. I have become the consummate cynic, which unfortunately in this day and age, everyone should be.",-0.5859
209,"After re-reading the article, I could not find any suggestion on the author's part that all overweight people have lost control of their lives. ",-0.5859
210,"The fisherman and the M.B.A. is an old story (fable perhaps?) but in the older versions that I heard the M.B.A. was always made out for the fool. Now it seems to be the fisherman. Times change and so do the fables, I guess.",-0.5927
211,"I understand that the NY Times is a liberal paper, and that their readers, and in this case - their commenters are also mostly liberals.  But reading all of these Democrats' comments about how they will ""hold their nose"" and vote for Hillary is kind of depressing.  Most of you know she is dishonest, and has been trading State Department approvals for donations - and that she is using the Clinton Global Foundation/Initiative as a place to pay big salaries to park her political cronies like Sydney Bllumenthal.  Being a Democrat is more important to you than honesty and integrity.  Very SAD!",-0.5968
212,"[[Ruppert Germany<br/>The Huffington Post isn't the main competitor. It's the Guardian, for European topics and regarding live coverage. Overall, the NY Times is still the best.]]<br/><br/>No, my question is, is the Times making money off its own reporting or are aggregators still stealing its page views? <br/><br/>Ms. Sullivan? Comments?",-0.6416
213,"I know women like those covered in this too-often discussed, rather average book.  What strikes me about them is that they spent their younger lives pursuing status, then they spent their older lives pursuing status, and in the end they have led sadly vapid lives. They first sought the protection of ""career"" as an excuse for their shallow status-consciousness, then ""child rearing"", but it was all just a facade for an inability (or lack of necessary courage) to locate any meaning.  The money is irrelevant.  They have squandered the only real thing anyone has, which is time.  After a few chapters, I couldn't waste any more of my own time reading about them and didn't finish the book.    ",-0.643
214,Agree - I also doubt the author created this title as that thought is not reflected throughout the piece.  I thought it was about someone in jail for murdering people who was now reflecting on his actions.  Not fair to the author.  ,-0.6442
215,"That's a killer comment, Greg. I assume/hope you are a writer.",-0.6486
216,"I liked this book, and Mr. Bryson's other books, but was taken aback that he would make such a big deal about his minor bear encounter, in that book, and now in this interview.  Maybe I am just unlucky, but I seem to have a major bear encounter every time I go camping - some would probably make decent stories but I doubt anyone would want to read them.   Mr. Bryson, however, made major drama out of the fact that he heard some noises at night that might have been a bear.   Of all his books, that was by far the most boring thing I have read - yet the interviewer makes this non-incident even more high drama by asking about his ""life being in danger"" from these noises he heard.  <br/><br/>Just go camping once or twice in the Sierras, and you will have ""encounters"" far more direct than that one, and ask any ""average Joe"" camper you meet if they have encountered bears, and they will have experiences far more interesting.   Sorry Mr. Bryson - embellishing a little may be ok, but in this particular case, you seem to be making something out of nothing.  ",-0.6557
217,"After reading the 144 comments now listed, no one mentioned the ""improved"" Sunday Magazine, in particular, the ads that make up the first few pages. I can no longer read the Magazine after so many ""for investors with $10 million or more"" footnotes. Last Sunday, June 28th, featured an ad showing a couple with their 2 preschool kids in the pool of their $15.5 million apartment. I cannot relate to this, so the Magazine now goes unread. Can I cancel the Magazine and get a discount?",-0.6597
218,"you forgot to mention that these GOP leaders were commenting on the deal without even reading it in full details. For example, Mr. L. Graham, the senator from SC openly admitted in CNN he did not read it. In spite of it he are making adverse comments - what a awful state we are in? This may be true for all those other senators opposing it such as Huckabee, Cruz. ",-0.6908
219,"jb:<br/><br/>You (deliberately?) misunderstand what Kevin said. He is not against dissent. He is against dissent that is manufactured by troll farms acting on the instructions of a wicked foreign government. <br/><br/>To read more seen the recent article in the NYT Magazine titled ""The Agency"" about Putin's troll farm at 55 Savushkina Street. <a href=""http://www.nytimes.com/2015/06/07/magazine/the-agency.html"" title=""http://www.nytimes.com/2015/06/07/magazine/the-agency.html"" target=""_blank"">http://www.nytimes.com/2015/06/07/magazine/the-agency.html</a>",-0.7096
220,"No, but mostly cuz it's terrible writing!",-0.722
221,"If you don't think luck is involved in covering big stories (tragedies especially), you have never been a journalist. This report on this latest tragedy in no way diminishes the sensitivity required to do the job effectively.",-0.7335
222,"Good grief! You've swallowed the right-wing Kool-Aid in gallons! When the 1% controls over 50% of the assets in this country, then ""freedom"" is not worth the paper you print it on.<br/>You'd place the same consumption tax on everybody, and include even foodstuffs. The richest will thrive, and the poor will have to choose between food, medicine, and housing--not to mention education.<br/>You need to read our founding documents...and contrast them with what we fought in World War II, if you ever did learn about it.",-0.775
223,"Lots of people pay off their credit cards every month.  Lots of parents pay for their children's education so their kids get started with no debt.  Lots of graduates get jobs and make enough to pay for the education in a short order.  Lots of people read the horror stories in the paper and respond appropriately and adjust their lifestyle.  You need to remember that the paper, while not necessarily inaccurate, is usually overly dramatic in order to sell papers.",-0.7906
224,"Yes, mention an important topic. My colleague, Anne Adelman, and I have an edited book entitled ""The Therapist in Mourning: From the Faraway Nearby""(Columbia UNiversity Press) that addresses from the therapists perspective many of the issues that Robin Weiss talks about. Several of our authors write about the devastation of losing a patient to suicide.",-0.802
225,More gun violence in the USA today and the Times is still churning THIS one-day relative non-story on the home page...?  <br/><br/>Can anyone say: 'abrogation of journalistic responsibility'?,-0.8142
226,"You've read it wrong. Read it again.  Institutionalized racism means that some benefit without having worked toward a divided society at all, while others suffer without having done anything to further that. We're all participants until we become aware enough and concerned enough to change it.",-0.8271
227,"This report behind the article is just that, a report of data.  There is no analysis as stated in the article's title.  What were the students expelled for? Is there a correlation between student expulsions and FBI violent crime statistics for the races?  How many minority expulsions were the result of the presumably unbiased actions by minority teachers and administrators? NYT your journalistic standards were once better than this.  ",-0.8534
228,"""The US is forced to believe at gunpoint that the plutocrats who wrote its Constitution made a suicide pact with anarchists.""  The Constitution wasn't written by plutocrats.  As to that suicide pact with anarchists, fancy writing like this always obscures the point, if any.  ",-0.8885
229,"When a young woman yesterday, I came across a passage in a book and wrote it down.  It is only recently that I found it again, but I do not know the author who expressed my feelings so well.<br/><br/>'It was the people who somehow, walked as an upright menace to her.  Her life at this time was unformed, palpitating, essentially shrinking from all touch.  She gave something to other people, but she was never herself, since she had no self.  She was not afraid before trees, and birds and the sky.  But she shrank violently from people, ashamed that she was not as they were fixed, emphatic, but a wavering, undefined sensibility only, without form nor being'.<br/><br/>It was awhile ago, but I remember that there was a beautiful rainbow in the sky.",-0.9186
230,"Will the US bashing never end?  Even in an article like this someone is able to find the US to blame.  It is the general theme of these comments.  Take some pride in your Country.  It just makes me sick to read day after day people complaining about our military, inequality, racism, etc...  Give it a rest.  Please address instead the subject of the article.  I am a Democrat, but I get so tired of the comments from ultraliberals in this newspaper, that I can't help but switch more of my reading to the Wall Street Journal (although the comments in it are crazy also, just the other direction).  ",-0.93
231,This article is completed by reading the comments. Solutions to grief are plentiful and nearly all encompassing. Death and its following grief both have niches of their own. Both demand patience and understanding. Death and reactions to it are unavoidable: give them appropriate space.,-0.9325
232,"See, the facts have been out there, you didn't bother to be curious, but you're certainly not alone.  If you rely only on CNN, on MSNBC, the NYT, USA Today or whatever, you won't know a doggone thing!  DemocracyNow! Has been covering this story for years.  DN! also was the FIRST to break the story with the footage inside Rikers Island of Kalief Browder's horrific abuse by Gangs and Prison Guards.  NYT failed to give DemocracyNow or Amy Goodman credit in their Editorial Board piece today.  Don't expect much from MSM.",-0.9423
233,"From a respected paper the NYT has turned into a Hearst-type exemplar of yellow journalism. Not happy with promoting the war on Iraq, its is now spreading the seeds of hate against Russia, and directly promoting conflict. Virtually nothing in Roger Cohen's article is backed by facts. Shame.",-0.9434
234,"How can we explain this massive public misperception? Could it be a failure of the news coverage that most people pay attention to? Could it be bad or ideologically driven reporting?<br/>When reporters miss stories, do other reporters report on the misinformation?<br/>When politicians say things that aren't true, do reporters call them on it?<br/>This is another story in the Times about the failure of journalism that doesn't mention the failure of journalists.",-0.9582
235,"I have no problem with him as he was when his children were growing up: he knew as he said it that he was going to loose the trial of the accused rapist, but I believe that he also knew he was a racist and at the same time wanted to tech his children not to be racists (for me this is unspoken in to the book To Kill a Mockingbird).   I'm just reading Go Set a Watchman and I'm reading that he asked, told Scout to move, to go away to NY, anywhere but Maycomb.    HE KNEW he could not escape his racism......I know I'm stretching the truth: how can a man be as he was in To Kill and then show his true nature 20 years later.",-0.9598
