,comments,scores
0,"I'd have appreciated a course like this when I was in college, but there is one little statement in there that seemed slipped in like fine print in a contract:<br/>""Make the world a better place""<br/>That statement would make sense were it posed as a question:<br/>Is it possible to make the world a better place?<br/>That is the type of question that leads to real questions like:<br/>What would make the world a better place?  and<br/>Am I imagining a better place for me and people like me or am I in touch with something fundamental?<br/>That last question can form the basis for a truly ethical life and the sooner one considers it the better for all.",0.991
1,"Great post until the praises for Paul Krugman appeared--never has an unbiased column been written by him!! But you make excellent points to which just about anyone could agree--like Ike and the Inter-State highway system--wait, he was a Republican--but it was still a good idea!! And this Independent likes the other things you said!!",0.9611
2,"Good news!  Now, if we really want to be a great nation,  let us move forward and join the civilized world which provides health care to all. Expand Medicare  to include everyone.  It works, and it is the right thing to do, despite what the GOP and their supporters want us to believe.  ",0.9588
3,"It's the Savings and Loan scam played out over and over.  Perfected by the Bush family members and now popular with so many in the financial sector.  All of it.  Banks loan money based on appraised values constructed of voodoo comps and projections of growth, all designed to trip up borrowers and stick it to their equity, and then ultimately pick the pockets of the tax-payers to fully recover.  It is a new business model for MBAs.  Let's be clear however, bad private businesses are bad, good private businesses are good,  bad governments are bad as well, but good governments are good and yep, possible.  There is much value in good private businesses and in work provided by the public sector.  Lots of muddled thinking that seems to disregard the potential of well run government in these comments.  The buck stops with the human element you know.  I have no idea why PR has run aground but if it was in the pipeline for overdevelopment, I would suspect it is their good fortune.",0.9538
4,"Having now read many of the excellent posts, I will add my own. I will say simply that doing bad while doing good is a lot better than just doing bad. I indeed have faith in American democracy, not a lot, but in Presidential years.<br/>The Republicans have become a cliche. Radical right wing early, with some really foolish people who don't understand the uniqueness of America (its diversity, the work ethic of its people,  its intellectual freedom), then a quick turn to ""the middle"", which is to continue dismantling the safety net and worker protection.<br/>Your efforts to define attack points for Saunders et al, all good people who I admire and would even support as nominees, is really an effort to cause concern among Democrats. Don't. It is time for a woman President. Who, precisely, is the Republican woman at the fore? Carley Fiorini. Really???",0.9522
5,"Corporations do and say what will affect their bottom line, period. They looked at their books and figured out what position would let them look better in the public's eye. For profit, not ""public good"". Walmart and the rest ""boldly"" stood up regarding the Confederate flag because they realized, at least down here, that buyers went to mostly local stores and they sold very little of them. Target, the same. Since, they made very little money from them, they made their announcement. It makes them look good. But, when you look at all these issues you're praising most of them for, they're for their benefit, not because it was the right thing to do. Behind the scene? The billionaires that own and operate them are still buying our democracy and the puppets they have paid are still at their beck and call. You have me absolutely baffled with this column this morning and maybe I need a stronger cup of coffee.",0.9517
6,"One can honor the good vision, words and deeds of these two men without fawning over them as individuals.  Ditto for all the founders - they had good ideas and vision and did some good things.  That's all.  No need to make them out as saints or great men.",0.9501
7,"tagger, We've lived in Uruguay and Argentina for the last 6 years. We make the same observations your wife's son made. The moment we land in Miami or Dallas en route to the Midwest--we see it, we feel it. We see much of the good, the individualism, the problem solving. However, for all the talk of personal responsibility--few accept personal responsibility for their health, well-being. A sense of entitlement and access to whatever one desires within minutes at a low cost and for what? I think the US could use a good dose of scarcity to appreciate how good they've had it. If ""good"" in this sense are things/excess. You likely spend many weekends with your extended family at a good asado, and work to live rather than living to work. We could all do with a little less to enjoy this life a bit more.",0.9447
8,"Also seeing a therapist does not even mean one is ""pathological."" In fact, that belief stops many people who could benefit. Rather than just thinking of ""defects"" a good therapist should be an excellent listener, a good communicator, a good interpretor, a good information-processor, and a good supporter. Its up to people if they want to pay for that, but if so, it is well worth it.",0.9403
9,"Y'all are cute. Sure, Bernie makes some excellent, powerful points. He's not wrong. <br/><br/>But seriously, what in his experience empowers him to have his finger on the nuclear button? To protect this country against evildoers---not the people who try to game the system to make more money than the next guy, but the folks who are okay with using bombs and rockets to kill thousands of people.<br/><br/>I don't think anyone in the lineup is promising, honestly. But the Bern, fun as he sounds, is no better than any of the right wing nut jobs on that front. ",0.9402
10,Good luck to you and best wishes for continued good health!!!,0.938
11,"It is appalling but not unexpected. The good part is that is it out in the open. The rest of GOP does and approves of his ideas, but - like certain sexual acts - considers it impolite to talk about openly. Shh-h-h, they will hear and not vote for us against their own best interest. Let's change the subject fast! How about abortion?",0.9229
12,"Better to have said ""by our Federal government as it is presently comprised. ""  There are a few forward thinking legislators who are concerned about what is best for the nation as distinct from what is best for corporate bottom lines.",0.9062
13,"Rubio is the guy who wasn't sure whether the Earth was created 6,000 years ago. He is a master panderer who cannot be trusted.<br/>Scott Walker? He is to the right of Louis XV! One more step to the right and he would float into outer space.  His position regarding abortion disqualifies him as a human being.<br/>The Donald would make a good benevolent dictator. Perhaps he would be a good choice given that democracy is dead. Besides, Trump is the most immune from Wall Street influence and knows a thing or two about management.<br/>Then there is a preacher and a brain surgeon to choose from. Yeah, good show. ",0.9026
14,Why should I care if it is good or bad for Democrats?  Is the NYT so distorted that all stories have to have that slant?  I don't know if an independent commission is good or bad but I certainly don't care if it is good for Democrats or Republicans.,0.8971
15,"I was going to make a joke about your comment by saying that the Declaration of Independence was just a trade good, but I see you've made the joke for me. It is amazing how ideology can make us overlook the obvious.",0.8898
16,"Thank you for alerting me to Professor Paul's work. One point: as many philosophers who have considered this issue point out (e.g., Parfit), our values might also change from P1 to P2. If I make a choice about adopting a life path that will change me, I can expect that one of the most likely aspects of myself to change will be my moral views. I speculate that this is the reason why Professor Paul did not think selection ""what will make me a better person"" is the best way to choose develop into future selves. It is probably one of the first concepts that Professor Paul considered because it is such a terrible obvious candidate. ",0.8481
17,Freedom is always risky.  I wish them luck.,0.8442
18,Gasp! Are we considering Euro socialism? The greater good of the greater number?,0.8339
19,best comment so far. Thanks,0.8115
20,"Stuart Wilder - You make some very good points but the Lincoln, Truman etc. lived in a very different time.  It's almost impossible to get a good job now without a degree.  I don't think it's unreasonable to hold candidates for President to the same standards we apply to the workplace.",0.7496
21,"The FACT is that with massive inequalities of wealth, a planet that us rebelling against our treatment of it as a cesspool, and a government captured by a small sliver of OUR population that cares for nothing beyond its personal wealth...to be complicit with OUR system is to make bad choices. The only ones making good choices are those of us rebelling against OUR system in a way that will hooefully lead US(A) towards a better path. Can it br honestly said that the honeless man has made worse choices than the banker who lives ""richly"" from proceeds gained by selling mortgages to those who could not afford them and packaging them into securities which he then exploded upon the world. If we are to finally understand that we are all CONNECTED...the math tells us that the homeless man has done much less damage.",0.7264
22,"The FACT is that with massive inequalities of wealth, a planet that us rebelling against our treatment of it as a cesspool, and a government captured by a small sliver of OUR population that cares for nothing beyond its personal wealth...to be complicit with OUR system is to make bad choices. The only ones making good choices are those of us rebelling against OUR system in a way that will hooefully lead US(A) towards a better path. Can it br honestly said that the honeless man has made worse choices than the banker who lives ""richly"" from proceeds gained by selling mortgages to those who could not afford them and packaging them into securities which he then exploded upon the world. If we are to finally understand that we are all CONNECTED...the math tells us that the homeless man has done much less damage.",0.7264
23,Thank you for your good thoughts and wishes.,0.7184
24,So should the United States but we Congress has been underfunding the IRS for years for obvious political reasons. Some things are easy to talk about but harder to do.,0.7079
25,"The band was better with the former lead (female) singer, Rae Cassidy. Charlene Kaye puts in a good effort but Cassidy was just a better singer overall.<br/><br/>If you're a fan of these guys also check out Dirty Projectors. ",0.705
26,"He pulled us out of the great recession and provided millions of us with access to health care.  He's not perfect but he's much, much better than what we had before.",0.6809
27,"""She did not grow up in a middle class suburb, the choices she made were based upon what she knew and saw around her. She wants better for her children, she knows education and good schools are one way to make sure her children do not grow up in poverty.""<br/><br/>These two sentences contradict one another.  She knew the best way but did not choose it.",0.6808
28,"He made an impact. He ruffled a lot of feathers. Good entertainment to be sure. He was sarcastic in a nice kind of way, and he made you believe that what he said was the only truth. Hard to do that, but he did it.",0.6542
29,"From the very start of this entire situation, I was thinking what a good head's up to management to have a race relations training right along with other needed trainings. No accusations need to be made about anyone; it is just a good reminder that occasionally these trainings need to be happening for the good of the company. ",0.6369
30,It's gambling.  The best position to be in is out.,0.6369
31,Because after all applying 21st century PC thinking to the 18th century makes perfect sense to leftists,0.5719
32,"When hope for a better future dies, so does everyone around the afflicted.",0.5106
33,Jame Earl Carter did more good things before breakfast than most of us do in a lifetime.,0.4927
34,Very good comment...this decision is for the empowered majority .,0.4927
35,Very succinct &amp; worth repeating:  What is the upside of making this more permissible???<br/><br/>What genius thought we needed more public urination in NYC?,0.4808
36,Very moving.  Steven is luck to have you.  Reading this makes my back problem seem trivial.<br/>Wish you all the best.<br/>Thanks for sharing.,0.4767
37,Sense only as it relates to self interest,0.4588
38,"You could have written this much more clearly without waxing poetic.  Something like this would have sufficed:<br/><br/>I didn't like the choices I made, so instead of being a responsible adult and taking ownership for my decisions, I decided to let others pay for my poor choices.<br/>While I know I have no legal, let alone moral, leg to stand on to justify my behavior, let me blame everyone and everything else.  Makes me feel better about my lack of judgment.  Oh, and don't think that now that I'm actually earning a living I am making good on my debts.  No, not me.",0.4576
39,Good comments.  I often think: in 25 years what difference will it make if you live 1-2 years longer (with attendant high bills and pain). ,0.4404
40,"Just so's ya know, the last Ice Age? One heckuva lot more recent than ""millions of years ago."" <br/><br/>Your other ""facts,"" are roughly as good.",0.4404
41,"Good point, though Jefferson is on the $2.",0.4404
42,"Good for you, Charlotte.",0.4404
43,"""They are better than the Govt. They just need more regulation.""<br/><br/>HAHAHAHAHAHAHAHAHAHAHAHAHAHAHAHAHAHAHAHA",0.4404
44,Maybe He has one more thing he wants to accomplish,0.4215
45,"You're supposed to figure these things out on your own. See the movie, think about it, then make your own determination.",0.4019
46,"DOA.  If this thing had any chance, it never would have come to this.  Now that it has expired, the sense of immediacy is eroding and the whole debate is devolving into finger pointing and grand standing.  There is no way forward from here.  In a couple of weeks they'll be sweeping up the pieces as they consider ways to reauthorize the less contentious provisions.  Bulk collection of phone data is over for good, and good riddance.",0.3939
47,I left the Republican party because there were no good ideas and absolutely no common sense ideals.<br/><br/>The great recession was not that long ago.  How can so many people have forgotten it already?,0.3818
48,It would not be difficult to get a better deal than becoming a permanent debt slave.,0.3632
49,Looks like we made it this time.,0.3612
50,""" he said he had not known much about Mr. Walker’s record as governor before donating to his 2014 re-election. “I didn’t know what the hell he was doing, but he was fighting, and I like a fighter. Does that make sense?” Mr. Trump said."" <br/><br/>No, Donald. That doesn't make sense. If you're going to give a politician a chunk of money you should, at the very least, know what kind of things that politician is fighting for. Good God.",0.3291
51,"Don't blame me, my gut made me do it!",0.3244
52,You've stolen my idea. Great minds . . .,0.2263
53,"Market trims losses and then it doesn't and then it does...<br/>I think that making definitive comments about a market that goes from being down 1000 to down 200 to down 580 to...<br/>It seems like it makes more sense to look at this daily instead of by the minute. Looking at it daily, things don't look very good.<br/>This is probably all just god's way of telling us that gays should not be allowed to marry, even though it is fine by me. ",0.1531
54,"Unfortunately, he made it too easy.",0.128
55,"No. It is not. Less sophistry, and more commons sense will help you grow up.",0.128
56,"Sad that Americans who were once earning good money manufacturing goods for the world, now have to work at Amazon for almost minimum wage packing or shipping goods made mainly in China.",0.128
57,"Wow, is this a real bad idea. ",0.0772
58,Here's what I would do. I'd walk up to the nearest manager of the store and say I'm taking my business elsewhere.  Have these dudes not seen the old time westerns where the good folks hired a sheriff to keep the bad guys from bringing their guns to town? I still think they're the bad guys and the good guy (or slightly better guys) should tell them to leave their guns at home.,0.0534
59,"It was with a sense of the human comedy, and it was never easy.",0.0243
60,This can only be good...,0.0
61,"If only they were her own ideas.  This as with others, is Bernie Sanders idea.",0.0
62,"Actually, I think you're right: I had originally thought of going the other way around, but your suggestion makes more sense. We NEED a woman on our currency!",0.0
63,"She can't make the same ""sacrifice"" that Jenner made.",0.0
64,Or a baba-au-rhum!<br/>Great idea.,0.0
65,"Trump is the messiah of our nation. When all see how the GOP follows his cruel ideas in perfect lock step the party will disappear or at least loose all credibility, that is if they have any left.",-0.1531
66,The good thing is that Donald is actually bringing these things into light and can actually make the crowds stir about it. The bad thing is Donald is leading it. ,-0.1531
67,Good judgment comes from experience.  Experience comes from bad judgment.,-0.1531
68,"The Republican Party is not looking good these days.  They might actually have to come up with some real, practical ideas for this country instead of continuing down the path of obsessive obstruction.",-0.1546
69,We learn from mistakes because we are human.  We evolve.  Raise the Flag: Lean Thy Arms is a book with six stories about a difficult passage for education and a harder go for experience and this author uses tools of education to make this better than whence he comes to camp in a tent along a river.  ,-0.1593
70,George W. Bush made this possible by making predatory lending easier for for-profit schools.   Why in the world would you vote for more of the same malfeasance?  Why would you want to foot another bill on behalf of a criminal enterprise?,-0.168
71,"Hey...it's ain't easy, but somebody's got to do it.",-0.1786
72,"What makes you think that the necessities of life are cheaper in poorer neighborhoods than in affluent ones?  There may be a wider range of goods on offer in the latter, but the same quality goods aren't cheaper in the 'hood.",-0.1901
73,"It's the latter I'm affraid, they still can't come to grips that the hypocrite Gore actually LOST the election, they love to play the blame game. Get over it he LOST, and all the cherry picked precints he wanted recounted still wouldn't have made any difference.",-0.2182
74,The relationship is obvious and direct. What is good for the Republicans is very bad for us citizens.,-0.2247
75,I have no idea what you mean here.  Wouldn't they just be included in the figures for the state in which they were born?,-0.296
76,You make being a woman sound so dreadful.  I like it!,-0.3082
77,"The role of the U.S. in the Middle East is not easy. When America is not involved, people want it to take the lead. When the U.S. is involved, people want it out.<br/><br/>Also, it takes a lot longer than two terms in the White House to get something really done in the M.E. That makes it truly difficult.",-0.3506
78,"I think your response is one of the best for showing that making a person - especially a child, feel less than,- unacceptable, and hopeless - because of appearance  - is not only cruel but makes the problem - in this case of weight - harder and harder to overcome, both for psychological and physical reasons.",-0.4166
79,This makes me a little too sad ...,-0.4256
80,100% correct!  The Euro was a terrible idea who's time has come....to an end.,-0.5255
81,"This piece Is an example of what the internet lacks, fine journalism. It's very simple for me. I can't, in good conscience, buy from a retailer knowing what this article has exposed. The next thing to do is not to buy from Amazon, at least until you absolutely need to. If enough people stand up for what is right and appropriate they will feel compelled to take action . They can really fix things or they can just make every employee shut up and punish whomever speaks up...",-0.5277
82,“Good laws are the offspring of bad actions.”<br/>- Charles Macklin,-0.5423
83,So shooting down the current ideas is Rubio's plan.  How does that move the process forward?  Got negativity?,-0.5661
84,Ha! The only thing Will has been wrong about was the time he thought he had made a mistake!,-0.5696
85,"So true.<br/><br/>IF you look at yourself as a victim, you will remain a victim.<br/><br/>It may make you feel good to be able to blame others for your situation, but doing so will NOT improve your situation. ",-0.5865
86,This is just the beginning. The worst is yet to come...,-0.6249
87,"To paraphrase Ed Koch, the voters made a mistake and now they're being punished for it. ",-0.6597
88,Reality check fda is just bunch people getting paid to make living too bad they don't promote good health like getting enough sleep,-0.6798
89,"It will probably happen, but I'm not convinced it's a good idea.",-0.7181
90,Isn't there a better chance of finding and tracking  the few bad apples by making them go through legal channels than forcing them to go underground?,-0.7308
91,"What shoe on what foot? The gunman wasn't shot by a policeman. Racism isn't a good idea at any point, BTW.",-0.7584
92,This event that happened in 1921 has no impact on the life of you or I today. stop deflecting and making excuses for bad behavior,-0.7845
93,"Another writer with nothing better to do than invalidate a (however flawed) important historical document with specious and fatuous reasoning. The fact is it set forth important ideas that in a wider sense we are still struggling with. My tenth grade english teacher would have called this guy out in front of the class and made him defend. In short order he would have been kindly shredded. Ideas are failed because they are not effectively enforced? And more nonsense, Please, the Times with little effort can do much better.",-0.7865
94,"Too bad it isn't as easy to change people's hearts and minds, as it is to lower a flag.",-0.7967
95,"""On the surface, we seem to have had a remarkable run of bad luck.""<br/> Bad luck?!? How about outright thievery on the part of money managers, spineless incompetence on the part of regulators, and ideological and reactive policies on the part of politicians?                              ",-0.8192
96,"Don't you, Margaret, realize that it took NO EFFORT AT ALL to get the Southern politicians to cave on the flag thing? I would imagine it's because they knew they had to do something, and taking down the battle flag was the easiest thing they could have possibly done? From now on, whenever they are approached about continued institutional racism in their jurisdictions, they'll be able to say in frustration ""We took down the flag! What MORE could you possibly want us to do?"" The minimal effort does not a tipping point make, especially when it comes from a serial hypocrite like Ms. Haley.",-0.8387
97,"So Andy, your idea to end unemployment is to steal from those better than you?<br/>Tax the makers! Give to the takers! <br/><br/>BRILLIANT<br/><br/>Hows that working out around the world?<br/><br/>80 Year Old Woman Trampled To Death In Venezuela Supermarket Stampede<br/><br/>Happened today, google it",-0.842
98,"It is worse based on what measure?  How is this ""worse"" than past droughts?  Does is seem worse because there are more people?  Does it seem worse because the agriculture industry is larger?<br/><br/>what is the objective measure for worse?<br/><br/>For example I can objectively state that my new bowling ball is heavier than my old one because the old one was 15 lb and the new one is 16 lb.  ",-0.8823
99,"If these petty sellers get a decent job training during childhood, good manners teaching they in their adulthood will be able to earn livelhood b not by adopting to illegal things but by becoming law abiding citizens. That will be a long time strategie to stop crime. But it will fetch long lasting results. No one lies to earn a living always dodging police or doing wrong( His/her heart says to him/her -what i am doing is bad) Long term solution to problem can be make them good from childhood",-0.9144
100,"""I trust corporations as far as I can throw them--not very far....When I was a Cub Scout we learned that fire is a good servant but a bad master. It can cook your food and keep you warm, or it can burn your house down and kill you. Capitalism is a lot like fire, kept in its place and properly regulated it can do a lot of good. Just as it would be foolish to get rid of fire, so too it is foolish to imagine that capitalism is not a very valuable tool. But that does not mean you should allow either fire or capitalism to be left to its own devises. ",-0.9542
101,"However we look at this, bad neighborhoods are bad for kids and bad for our future.  We need to start anew on the poverty front, not relying on ""we have tried everything.""  We have not tried everything  -  to accept poverty and give up, fails children.  Some good research in here, however drive through any American city or suburb and it is pretty clear where people are struggling, where the bad part of town is.",-0.9607
