,comments,scores
0,"To the dissenting minority Justices:<br/><br/>What part of the US Constitution do you not understand:<br/><br/>We the people of the United States, in order to form a more perfect union, establish justice, insure domestic tranquility, provide for the common defense, promote the general welfare, and secure the blessings of liberty to ourselves and our posterity, do ordain and establish this Constitution for the United States of America.<br/><br/>and<br/><br/>CONGRESS shall make no law establishing religion...<br/><br/>One man one woman marriage concept came from every society via religious beliefs.<br/><br/>Should God Almighty deny the desire of two loving people to be bound by love and a life long commitment forsake all others and be united in marriage simply due to biology?  ",0.9911
1,"""Oh for a conservative administration that decides it can ignore written law and simply guess at what original intent MIGHT have been. Imagine the Left's reaction to that.""<br/><br/>You mean like the Bush Administration that ignored the provisions of the Patriot Act that required them to get approval from a special court before gathering data from US citizens cell phone calls?  In that case the law clearly stated what the government was to do and the Bush Admin. ignored it.<br/><br/>Interpreting intent is, inherently, the job of the Supreme Court.  They do it all the time. In 1803 in Marbury v. Madison the Supreme Court decided the ""intent"" of the Constitution was for the Supreme Court to have the power of judicial review.  In the Citizens United Case that has ruined American politics, a Conservative Supreme Court interpreted the 1st Amendment to cover campaign contributions by corporations.  In Roe v. Wade the Supreme Court decided that the combined ""intent"" of a number of Constitutional Amendments was to created a right of privacy.  It is the Supreme Courts job to determine the INTENT of the law.  In this case it is clear that the INTENT of the law was to provide federal subsidies.  Any other decision is based on politics.",0.9854
2,"In his majority ruling, Mr. Justice Kennedy speaks to the soaring ideal of liberty and justice for all.  In his intemperate and juvenile dissent, Mr. Scalia disqualifies himself from the title ""Justice,"" for he insults the intelligence and integrity of his fellow Justices, particularly Mr. Chief Justice Roberts yesterday and Mr. Justice Kennedy today.  In fact, Mr. Chief Justice Roberts showed his judicial decorum and temperament when he wrote that today's decision should be celebrated even though he disagreed with it.  He is worthy of his title and position, Mr. Scalia is not. ",0.9849
3,"Spot-on, Kevin. This is genuinely brilliant. I especially admire how he prevents subsequent agency review by expressly taking the issue out of the Chevron framework. As Cass Sunstein points out, that's reminiscent of Justice Marshall's maneuver in Marbury v Madison. A truly great opinion.",0.9577
4,"Very grateful to finally witness this application of equal protection under the law, and very proud of my country. This is a fulfillment of the promise of American values of freedom and equality, and a validation of the worth of every human being. ",0.95
5,"Referring the Magna Carta, the article states that ""...it was a narrowly fashioned agreement between a small group of privileged people...""  This could also be applied to the American Declaration of Independence.  All that talk about ""all men are created equal"" certainly didn't mean to them what it means to us since the author and a sizable number of the signers owned other humans as property at that time.  Another document that has come to mean a great deal more in its modern reading than it did in its historical context.",0.9313
6,"I suppose it would be nice in a simplistic way if it were true that today's decision were about worth.  But for most grownups in this country, it will more likely be simply a reasonable, and now consistent, national public-policy position.  That it was arrived at by circumvention of democracy, in an opinion whose legal incoherence is admitted even by those who support the outcome (take a look at what the scholars at the Volokh Conspiracy are saying about the parlous quality of the opinion) is a serious matte--which is and will be disregarded by the unthinking. This is a good day to celebrate a number of things, but constitutional government in the United States is not one of them.",0.9294
7,"I'm sorry - but this is almost, but not entirely, completely wrong.<br/><br/>The language pretty clearly means states, as in the several states, and is juxtaposed with ""federal.""<br/><br/>for goodness sake, the drafters admitted as much.",0.9286
8,"Roberts, a GOP nomination has been anything but political.  Justice Sotomayor, seems to be the most political Justice ever.  But I agree with you on gay marriage.",0.9253
9,"I often shake my head in disbelief as red states have, one after another, passed laws that restrict voting.  The obvious racial component and the transparent demographic manipulations are jaw droppingly desperate. I thought that the courts would've stepped in by now to set these things straight, but they haven't yet and I wonder why? In the mean time great damage is being done to our fragile democracy. The Republican Party was simply the opposition when I was younger...now they feel like an enemy to our way of life and our country's survival as a viable, functioning and unified entity. Just look at and listen to the rogues gallery they are putting forward to represent their cause. It would be hilarious if it weren't so tragic for our country.",0.9214
10,"""This drew a withering response from Justice Scalia, a proponent of reading the Constitution according to the original understanding of those who adopted it"".....Scalia has apparently never read Thomas Jefferson who wrote in his retirement, referring to the founding fathers - ""They would say themselves were they to rise from the dead. I am certainly not an advocate for frequent and untried changes in laws and constitutions.....but I know also that laws and institutions must go hand in hand with the progress of the human mind....We might as well require a man to wear still the coat which fitted him when a boy, as a civilized society to remain ever under the regimen of their barbarous ancestors.""  -  Hello Scalia, is there anybody in there.",0.9201
11,"Yep, I can identify with every stage. Even though I’ve been ambivalent on gay marriage itself, I couldn’t help feeling joyous at the decision. It’s not only about gay marriage but also about the idea of equal protection. It reaffirms the idea that all people, regardless of their gender or other circumstances, deserve to be treated fairly and justly. This seems to me to be the even greater message of this case. It’s no longer possible to pass laws against particular classes of people, no longer OK to ban things simply because you don’t like them yourself. Bravo SCOTUS and thanks, Mr. Bruni, for a nicely themed response.",0.9201
12,"Corporations are not good or evil.  Corporations are amoral.  Fundamentally corporate directors and officers have two duties, one is to increase the wealth of their shareholders and the other is to obey the law.  Shareholders enforce the first duty.  The rest of us, through our elected representatives (and bodies they delegate authority to) are supposed to enforce the second.<br/><br/>The problem with that is that corporations have an enormous amount of influence in shaping the law they are required to follow.  And, they'll shape that law to better fulfill their first duty, to their shareholders.  <br/><br/>People who point to corporate philanthropy as evidence of ""good"" corporations do not really understand what's happening.  Philanthropy by corporations is only (legally) allowed in so far as it generates good will among, which, in theory will allow them better opportunities to maximize shareholder wealth.  It may also convince the public that their legislative goals are motivated by something other than self interest.  <br/><br/>The reason corporations are in favor of immigration reform is that they want access to a larger pool of labor at lower costs.  That's it.  It may seem great to people who are in favor of immigration reform on humanitarian grounds, but it is not a sign that corporations are good stewards for our country or our national interests.  ",0.9184
13,"Yes I am jubilant<br/>but  not"" totally over the fact that you destroyed the nation’s campaign finance laws, limited workers’ rights to challenge wage discrimination and women’s rights to control their bodies"" to say nothing of the Voting Rights Act roll back.<br/>""The arc of the moral universe is long but bends toward justice.'<br/>For me, this week ,with an up vote for ACA, Fair Housing and the ruling on gay marriage rights, I am hopeful and believe American search for equality under the law is affirmed.   Tonight, I am singing ""Amazing Grace""<br/>and with a tribute to all those who have died for these rights.<br/>""My liberty depends upon your freedom.""",0.9144
14,"Why?  Here's a pretty good reason why here in Montana we will never give up our right to protect ourselves.  Let me ask a question:  how many gun deaths, including accidents are attributed to legal gun owners?  Anyway, peace, love, rock&amp;roll.  Just wanted to make people aware that there is no expectation that LEO will protect you.<br/><br/><a href=""http://caselaw.findlaw.com/mt-supreme-court/1246793.html"" title=""http://caselaw.findlaw.com/mt-supreme-court/1246793.html"" target=""_blank"">http://caselaw.findlaw.com/mt-supreme-court/1246793.html</a>",0.9111
15,"The primary ""modern bigotry"" on display here is within your commentary. Churches are non profits and the exemptions apply to ALL non profits. We should not allow policymakers to play favorites and say that some non profits qualify for exemptions and others do not. ",0.9049
16,"The  yahoos at the NY state level are if not more , are worst then  US  Congressman, women and even  the millionaire's  club the US  Senate. Not withstanding in those states, where the judges  who  are elected on party line bases or nominated  by the Governors of the same bend are even worst. I particular when the good old boys system, their  county turf  ownership is the prime ownership  factor.<br/>As far as real down right legal corruption and freaking States Rights  in the Southern  States,  these corrupt to the hilt  politicians , mostly republicans  , who belly ache  about illegal immigrants  have laws passed, where  the same yahoo politicians  can hire  several illegals with impunity, and do not have to worry about  breaking federal laws. In some cases these  hypocrite  Sunday Christians  use the so called domestic  for other then  normal  so called domestic work, More like  little nooky on the side, drug mules  etc.  In some cases it not even rare that the same state politicians,  even as  Homeland / Immigration  official  as favors for fast track   change of  legal immigration states. One has too often wonder how  a Columbain or Mexican who works at a waiter in a Mexican Restaurant, and not speak a word of English,  buys up front a three or four bedroom house, have two or more white SUVs  in the drive way and does not even understand  as grass grows. ",0.8956
17,"Rep Peter DeFazio of Oregon was just interviewed on the news and he said that he has read the document and that it does contain the concerns people have voiced against it such as the tribunals that would be set up to adjudicate suits by multinational corporations against the laws of sovereign nations (including the United States) that those corporations claim are standing in the way of their potential profits.  Laws affecting health, safety and  economic well being that citizens pass to enhance quality of life in their communities could be challenged.  Treaty law trumps the laws of individual states of the U.S. including state constitutions so decisions of such a tribunal could be devastating to Americans' freedom to govern their own lives.  This may affect Americans in all aspects of their lives -- where they live, work and play.  ",0.8885
18,"I applaud Theresa Amato's good work.  However, it is not only the poor of our country who cannot afford legal services.  What use are our wonderful rights and  supposedly protective laws if we have to nearly ruin ourselves to receive justice?    ",0.8856
19,"""SCOTUS Justices receive gold-plated, diamond-studded, titanium-reinforced health care, the best that taxpayer money can provide.""<br/><br/>I believe that is the same for all of our hard working Senators and Congress people. Funny how that works, they pass the laws then exempt themselves from them.",0.8834
20,"With regard to Chief Justice John Roberts, apparently he has actively worked to repeal the Voting Rights Act for decades.(Hear Background Briefing on August 11, 2015, ianmasters.com.)<br/>It shocking that our senators approved John Roberts to this position.<br/>He knew that if people of color were given a just chance to vote, the way whites are, they would vote for democracy, not rights-infringeingconservatism. He and his civil rights - narrowing friends on the court will continue to hold America down for years to come.",0.872
21,South Dakota was able to lure the banking industry not just because of sweetheart tax deals.  You also had very lax rules on the allowable interest rate on credit cards.  ,0.872
22,Did justice Roberts suddenly take a common sense pill or what? One day he constructs the most uncommon reasoning in support of obamacare and the next he opposes EPAs outrageous regulations. The honorable justice needs some serious therapy.,0.8658
23,"I usually find reason to respect the opinions of John Roberts. Even in his startling and tortured salvation of ObamaCare’s individual mandate as a tax, which actually saved the ACA, I reasoned in this forum that he properly left such matters to Congress, even an evanescent Congress that barely passed the ACA and that hadn’t existed for some time when he cast his decision – hasn’t existed since and probably won’t for MANY years to come.<br/><br/>But this time I think he’s spending too much time in Colorado and the State of Washington. How anyone could believe today that Congress could agree on ANYTHING like this issue is simply absurd. Of COURSE the president must make such decisions for the United States.",0.8591
24,"The document - and that of itself is important, since there is now a ""record,"" and not just hearsay or myth - represents a shift of power that, historically, was significant, and still is.  More than one person had a say. Indeed, that shift did not last fully, but each time there was another shift, a little bit of the ""rest of us"" remained.  Of course there are Greek and Roman roots, but this is in the ""Common Law"" tradition, and that is significant.  The common law remains in our judicial opinions and, if you would like to think of the Barons as some kind of an ""assembly,"" it continues in our legislation.  Later on, there was a Lord Chancellor, who ultimately resolved conflicts, and was the precursor of our courts.  Since when does ""the most significant"" concept determine the course of history?  Major events are milestones on our journey of social growth, not the end of it.",0.8591
25,"""President John F. Kennedy signed the landmark law that she had inspired, and presented her with the nation’s highest federal civilian service award.""<br/>Uh, would that be the Presidential Medal of Freedom? One might have thought that the Times' reporter would take the trouble to find out.",0.8442
26,"I think it's 4/9 justices that agreed to hear it.  But I agree, it's just weird that an organization (or set of organizations) that has enough money to fund a challenge to a law -- a challenge that apparently was meritorious enough to be heard by the court -- couldn't find plaintiffs who had a more unambiguous stake in the outcome.",0.8316
27,"There is great irony here.  The legislative body that has declined to regulate this industry would now like Amazon to do it.  While they're at it, they should have Amazon conduct federal elections, too.",0.8316
28,"I agree that people should be judged on personal issues and therefore this seems like fair game for the NY Times to examine the personal habits of Marco Rubio.  The same, then, applies to Hillary Clinton.  I believe the NY Times should take a much closer look at her personal habits, such as evading the truth over billing records at the Rose Law Firm, her dealings with the White Water land development, turning $1,000 into $100,000 betting on cattle futures, deciding that the rules of the U.S. government do not apply to her, her decisions to destroy property of the people of the United States, and her questionable behavior and ethical lapses between her roles as Secretary of State and the Clinton Foundation.  These are personal traits that seem to dog her year after year and decade after decade.  Moreover, these ethical lapses may turn out to be criminal, if investigated by the NY Times and the FBI.  I believe the Times should hold Hillary Clinton to the same standard they are holding Marco Rubio, particularly given that Hillary has a three decade pattern of ethical lapses and borderline criminal behavior. ",0.8316
29,"I think the author is basing too much of his analysis and conclusions on the actual practical usefulness of the Magna Carta, as though it was a modern legal contract between lawyered parties. <br/><br/>Rather the significance is that it was one of the first times that the rights of the subordinated were enshrined. Remember in most societies up until this time, royalty were effectively God-like absolute monarchs. For the first time, those of non-royal blood (who may have been rich barons, but you have to start somewhere) were able to constrain the power of those who rule them in a formal way. That IS significant. ",0.8271
30,"This smart-alecky debunking approach to history is silly, as is shown here by disproving its own point, showing how significantly useful later generations found and thus proved this document to be in constitutional history. The key to its greatness is the doctrine of judgement by peers—that the king was not above the barons but could be, and in this case was in fact, judged by them. In Common Law property was owned not by reference to any deed, but to what one's neighbors said. Here the neighbors were, they said, the peers of the king. And they wrote it down and had the king sign it. Great history, not myth. ",0.8248
31,"To the still deriding opponents of health care for all. Get over it. In our great country, a nation of laws, this is the definitive confirmation of the law. We do not get to pick &amp; choose which laws we obey because we agree or disagree with the law.<br/>What we do do is try to persuade in a better way, a stronger argument. We offer valid alternatives. The opponents of the AHCA didn't't do any of the preceding. Now, being good law and border advocates, it's time to stop the whining and obey the law.<br/>After all, if the shoe was on the other foot, that is EXACTLY what YOU  would be saying. ",0.8176
32,Not sure you understand the Constitution.  The Congressionally passed Clean Air Act authorizes the President to set regulatory standards for air pollutants in order to protect public health.  Greenhouse gases are an air pollutant and the CAA authority to regulate them through the promulgation of regulations was upheld by the Supreme Court.,0.8041
33,"The ad hominem aside, it seems to me you want to redline out the ""subject to the jurisdiction"" clause in order to fit your view of what the 14th Amendment should be.  Take a look at my more comprehensive articles on the subject about why that clause cannot be so easily dispensed with.  <a href=""http://www.nationalreview.com/article/422960/birthright-citizenship-reform-it-without-repealing-14th-amendment"" title=""http://www.nationalreview.com/article/422960/birthright-citizenship-reform-it-without-repealing-14th-amendment"" target=""_blank"">http://www.nationalreview.com/article/422960/birthright-citizenship-refo...</a>, and <a href=""http://ssrn.com/abstract=905570"" title=""http://ssrn.com/abstract=905570"" target=""_blank"">http://ssrn.com/abstract=905570</a>.  As for leaving children ""stateless,"" tell me which countries in the world do not recognize as their own citizens the children of their citizens born while those parents are visiting another county.  The nearly universal rule is that those children are citizens of the parents' home country.",0.8025
34,"And this ruling comes just after last weekend's NYT magazine feature, ""A Dream Undone,"" detailing the half-century of effort to chip away at the Voting Rights Act.  Citizens' Civil rights are not political toys to be taken away for myopic ends.  I hope that this ruling sends a strong message to those looking to disenfranchise voters. ",0.802
35,The law becomes more important than that which it (supposedly) protects.  Maybe we don't need people; just the law.  Such a thing of beauty.,0.8016
36,Trump's immigration plan is clearly a violation of the 14th Amendment. I would like to hear him discuss his strategy for surviving a Supreme Court challenge.,0.7964
37,"Mr President,<br/>When will the Voting Rights Act and the constitutional values described in your letter be granted to the American citizens residing in US territories, particularly the ~3 million living in Puerto Rico?   By US law, American citizen residing in US territories lack voting rights and representation.  <br/><br/>'Our state leaders and legislatures must make it easier — not harder — for more Americans to have their voices heard. Above all, we must exercise our right as citizens to vote, for the truth is that too often we disenfranchise ourselves'",0.7579
38,"1.  Howard's remarks clearly refer to the children of ambassadors, ministers, diplomats and other accredited agents of foreign governments-that is, those who would be subject to the jurisdiction of foreign governments, as ordinary aliens are not.<br/><br/>2.  Even if it didn't, the point of analysis (as dear Justice Scalia could tell you) is not what a particular drafter said the language meant but what the language in fact meant-what it meant PLAINLY-and to the degree you look to the expressed interpretations of contemporaries, it is the ratifiers, not the framers let alone the authors, whose views matter.  The legislative record reveals that most of the ratifiers who spoke on the record believed the text conferred birthright citizenship upon aliens, and it was on this point that several voted no.<br/><br/>Politically, you might see why Senator Howard would obfuscate, even if he did in fact obfuscate (which he didn't...).<br/><br/>3.  The TEXT of the 14th Amendment, which is what in fact matters, cannot possibly mean what you say it means.  Aliens in the United States not ordinarily subject to foreign jurisdictions, nor were they at the time of ratification.  The exceptions?  Accredited diplomats, ministers, ambassadors and other agents...",0.7469
39,"Yes Rick, things are so wonderful in Texas with your assault on women's health centers and their access to legal abortion. Not to mention your bloody thirsty appetite for executions. Texas, ""the execution state"" would make a great header for your license plates, don't you think Rick?<br/>Oops.<br/><br/>Enjoy your indictment Rick.",0.7462
40,In Obama's first book he explained his vote against Roberts for the Supreme Court. Roberts had spent his entire career representing businesses and Obama felt that he would invariably favor businesses over the individual. He was right.,0.743
41,"You do realize that, even in situations where people do have a recognized right to legal counsel (e.g., criminal proceedings), no one actually *forces* lawyers to take those cases?  No one is talking about forcibly drafting lawyers to serve low-income clients.  <br/><br/>Believe it or not, there are actually thousands of lawyers out there who would *like* to do that kind of work, but who can't afford to (largely because of student loan debt).  If the US relieved some of that burden in a more systematic way, you would see plenty of interest among attorneys.  <br/><br/>But I take it you're more interested in scaremongering about Obamacare (etc.) than in actually having a discussion about the legal system.  ",0.7302
42,"Bob-  I don't think being a traveler is a requirement for voting, even in Manhattan. Plenty of seniors do not keep a current passport. Maybe you do not know anything about IDs for old people. They don't card 90yos in Texas for liquor. <br/><br/> If you read my comment you saw that my mom has a valid Tx driver's license and uses it. But if you are over 90 you have to renew every 2 years. The idea was to get a TX ID instead of another driver's license. ",0.7269
43,If the SCOTUS can declare corporations as one of the people I am sure that Hillary will be successful.,0.7269
44,"Yes, it is too early and in some ways too late.  Mr. E. will believe the only way to save Turkey and Islam is to usurp the constitution and take on the ways of Iran.<br/>And this type of thinking is in NATO?  Who's the idiot that decided that was a good idea?",0.7059
45,Because she is a tool by congress party. Only less than 1% people in Gujarat state believe her. Now she will be exposed by CBI investigation and real justice will be served. ,0.7003
46,"We're in agreement on reasonable regulation. I'm an Army sharpshooter vet. Unfortunately, Heller keeps the door open for the wackos who want to take their AR-15s into the neighborhood Cracker Barrel. Madison in his wisdom knew that there must be some form of regulation and thought the intro clause would provide that. By disregarding it, SCOTUS has thrown the door open in a way Earp, Heck Thomas and so many other frontier lawmen would find absurd. The court had it right in the 1939 Miller ruling and should never have disturbed it.",0.6988
47,I agree with the majority on scotus but congress doesnt come off to good either,0.6808
48,"Really you need to learn to read.  First of all the 1th amendment does NOT specify ""birthright citizenship"" - it states  ""All persons born or naturalized in the United States, and subject to the jurisdiction thereof, are citizens of the United States.  Illegals were not born here under the jurisdiction of the US.   And has long ago been interpreted by the courts that way.  So you think it means someone can just run across the border and have a baby and it becomes a citizen?",0.6808
49,"I'm amazed that the graph shows so many 9-0 and 8-1 decisions by the Supremes, since it seems all the really consequential decisions are 5-4, which I regard as a highly unstable and unsatisfying way for our top body of legal decisions to be constructed.<br/><br/>P.S. The online version of this article has unusually long line lengths, like a magazine rather than a newspaper!",0.6704
50,"All that the 5 justices had to do is twist the intent of the constitution to fit with your lifestyle.  Rather then changing the law with the 50 legislatures, your side took the easy way.  I guess it isn't what you know it's who you know.",0.6597
51,"I think that the ""founding fathers"" would have fallen down laughing had anyone suggested that the Constitution was perfect and immutable. They were far too fractious, and far too realistic, to ever have believed it themselves.",0.6597
52,Obama swore to defend the Constitution and he sold it down the river. He is a traitor to our country. I pray that during his lifetime he will be brought to justice and pay the price.,0.6486
53,"So happy dissent is still a ""right""! ",0.6468
54,"The court has never been liberal. Its history is littered with upholding racism, denying women the vote, and favoring big business and the rich. Nothing new here.  Only that it comes in a new guise and in a time in our country when we desperately need a Supreme court to not take away our hard won rights. ",0.6369
55,"This article does not estimate the number of deaths likely to be caused by the closure of clinics in Texas that provide a wide range of women's heath services including cancer screenings.  It obviously wouldn't matter to Justice Antonin Scalia.  He seems to relish the role of being the ""pro-death"" leader of the Court.<br/><br/>To wit:<br/><br/>""In the case of mercury and other harmful pollutants, it determined that for a cost of about $10 billion in well-established cleaner-coal technologies, the nation would enjoy benefits valued at between $37 and $90 billion, including the prevention of as many as 11,000 premature deaths a year.""<br/><br/>""And yet his engagement with this important topic (the death penalty)<br/>drew a one-word summation from Justice Antonin Scalia: “gobbledygook.” ""<br/><br/>How long can his disregard for the lives of citizens of the United States (and in pollution and climate change questions, Earthlings, if you'll  pardon the term) be tolerated?  So far as I know there's no mechanism for review of a sitting Supreme Court Justice's competence once he or she is confirmed.<br/><br/>When his contributions literally become, ""Gobbledygook."" ",0.6312
56,Do not forget the Supreme Court.<br/>Justice Ginsburg was born in 1993 and Justice Breyer in 1938.<br/>Suppose a Republican president elected in 2016 replaces these justices with a Scalia/ Thomas / Alito mentality person.<br/>The Court would then have 5 reactionary justices who would then be able to support another ridiculous challenge to ACA  like this last one. ,0.63
57,"“Never before has this court accepted a president’s direct defiance of an act of Congress in the field of foreign affairs.”<br/><br/>An unconstitutional act. I'm sure the conservative outrage will be swift and entertaining <br/><br/>Suppose a sitting president  directly defies of an act of Congress and, let's say, sells arms  indirectly to someone like the Contras in Central America, through a sworn enemy of the United States, like Iran. The outrage from conservatives would be equally intense. Right? Not so much.",0.6249
58,"I should also point out that various US states have laws against the use of horse meat as human food. <br/><br/>For example, Wiki tells us: The State of Texas, for example, banned in 1949 the sale of horsemeat as well as the any trade operation, such as transportation, involving horse meat<br/><br/>The State of Texas, for example, banned in 1949 the sale of horsemeat as well as the any trade operation, such as transportation, involving horse meat.<br/><br/>California Proposition 6 (1998) was passed by state voters, outlawing the possession, transfer, reception or holding any horse, pony, burro or mule by a person who is aware that it will be used for human consumption, and making the slaughter of horses or the sale of horsemeat for human consumption a misdemeanor offense.<br/><br/>In 2007, the Illinois General Assembly enacted Public Act 95-02, ameding Chapter 225, Section 635 of the state's compiled statutes [106] to prohibit both the act of slaughtering equines for human consumption as well as the trade of any horse meat similarly to Texas Agriculture Code's Chapter 149.<br/><br/>And so there is nothing strange about the Indian taboo on beef, except that it is not the **American** norm.  Sonia Faleiro had best keep that in mind.",0.6239
59,i hope the RFRA and similar laws proliferate. only a certain kind of person will find it necessary to use the protection of these laws. and the actions of those persons will stand as a cautionary and revealing example of what christianity has come to represent. ,0.6124
60,That's the best argument for electing Trump I've heard so far. Maybe he can finally enforces our immigration law and protects our borders.,0.6124
61,Don't stop there. Institute common-law marriage in all 50 states!  :P,0.6011
62,"Chief Justice John Roberts is arguably the most political chief jurist the country has ever seen not withstanding his ruling in the first ACA case.<br/><br/>During his hearings before the Senate, he said he would respect judicial precedence.  That turned out to be a bald face lie.<br/><br/>As one reader posted, even a third grader knows that the president determines foreign policy including what governments that will be recognized.  Since Congress has the power of the purse, they can only deny funding  for his actions.<br/><br/>Justice Roberts refusal to recognize this fact means one of two things:<br/>1. He has no ideas of how the constitution works. If that is true, he should resign and return to law school.<br/>2. He is willing to subvert the constitution to get what he wants. If that is the case  he should spend the summer reading the Federalist Papers after he turns in his retirement papers.<br/><br/>Yet, he is not the only justice trading in politics rather than sole arbiter of justice - the US constitution.  Antonin Scalia not only thumbs his nose at the concept of a jurist being apolitical without any agenda, he does it openly.<br/><br/>When historians grade the Roberts' court, the best he can hope for is a gentleman's ""C""",0.5924
63,Not so fast there. Justice Kennedy is a big states rights advocate son he could very likely side with the Conservative wing of the SCOTUS and let the states decide marital issues for themselves since it's the states that license Marriages anyway.,0.5667
64,"Despite the sure votes to repeal ACA subsidies by Sup Ct crazies Thomas and Scalia, surely the remaining Justices will vote in favor of a more reasonable interpretation of the law.",0.5629
65,"It was a 4-5 decision. If you read the dissenting opinion of Chief Justice Roberts, the same person who penned the much heralded Obamacare decision, you will know where I'm coming from.",0.5267
66,What this story overlooks is this.  As a result of the Supreme Court decision eliminating section 5 there is now an enforcement problem.  Texas is now free to establish a so called fix which pretends to comply with the ruling.  It will do the least possible and so continue to discriminate.  The new statute will be challenged again and years will pass; meanwhile elections will take place under discriminatory laws; and so on.,0.5267
67,"Justice is the wrong word for the court, the players or the decisions they render. Through the conservatives' lenses, only privileged white men ( including Clarence Thomas) deserve the protections and benefits of the law. The first chief justice, John Jay, said "" The people who own America should run it"". Sadly, John Roberts has shown that he holds the same belief. Sad for America.",0.5106
68,I am delighted to see that the Supremes got it right this time.  ,0.5106
69,How is a common wealth not under jurisdiction of US courts?,0.4939
70,"Paul:  The name is Kurt, not Ken. And not wanting to work for someone whose employee needs subsidized transportation and health care has nothing to do with complying with a law.  And laws do mean something to me.  As does the constitution.",0.4939
71,"Not the way it works, sadly. The ECB isn't allowed to cover the debts of member states in that excessive way. They already pushed their involvement to the limits and beyond, but this would be a bridge too far. The court would not let them get away with that.<br/><br/>And before you say, simply change the law - you change the US laws on election campaign funding first! Easier said than done, right?",0.4753
72,"However, that is fafacious reasoning because the right is to marry a person of one's choosing without the interference of the state unless the state can show an overriding state interest in limiting the right. ",0.4588
73,"Except the author of the law thinks Anderson got his just desserts so it's much deeper than unintended consequences, this is intended.<br/><br/>Insanity is a better description for this law's author &amp; the constituents who elected him.",0.4404
74,"I hate to break it to you, but all rules of behavior are there to curb the ""bad actors.""  It is true in elementary school, it is true in how we tegulate the professions (lawyers, doctors, accountants), it is ture in how we regulate the stock market.  <br/><br/>Why should it not be true when it comes to GUNS?  Because YOU don't like it?<br/><br/>Who elected you ruler of the world?",0.4357
75,"No, the availability is secondary or tertiary at best.  It's the enforcement of the current laws as well as the lack of availability to law enforcement organizations.",0.4215
76,"According to the official website, only communists, neonazis, and other extremists are ineligible for citizenship. Which is too bad, because we in already established countries need a place to send them.  It seems libertarians' concept of freedom does not extend to competing ideas. Just like everywhere else.",0.418
77,"Yes, that's how we roll in the USA, at least according to the Constitution. Human rights are paramount.",0.4019
78,"Actually, it's an excellent example of the right wing ideology of the current court, because that decision limited the scope of the commerce clause, which is a pretty radical shift.   It was lost in most of the noise about upholding the Affordable Care Act, but yes, the rejection of Congress' authority to regulate insurance markets under the commerce clause is some far right ideology.",0.4019
79,"Hello Patriots,<br/>  Here is another example of Political Corruption. Why ?  These Elected Officials will make rules and laws for you and I ,,but make another set of rules and laws for themselves. many of these Elected Officials should be in jail.<br/>  Its about themselves and its CRONYISM AND CORRUPTION AT ITS BEST.<br/>W.B.Smith, Tea Party",0.4019
80,"""Take away the debate""<br/><br/>Who is going to do the taking and what gives them the right to take?  Under the First Amendment, anyone may debated anyone anywhere anytime.<br/><br/>""Make it mandatory that""<br/><br/>Who makes it mandatory? And what right does that person/entity have to force any network cover the subject matter.  Is this not forcing the network to speak against its own First Amendment rights?<br/><br/>Do we force the candidates to appear at the ""debate""?  If not, do we jail them?<br/><br/>""Eliminate all commercial advertising"" Really?  I mean, really?<br/><br/>Let's just get this communist thing over and repeal the First Amendment.",0.3939
81,"George, You may be right that Roberts is on the wrong side of history, but your characterization of his view kind of begs the question insofar as it says he would allow voters and legislators to make decisions about what are ""fundamental rights.""  Plausibly, what exactly counts as a fundamental right is not something unproblematically out there to be discovered, but it is decided upon through argument such as is found in Justice Kennedy's opinion.  The status of the relevant rights as fundamental rights is, then, constituted by the court's decision.  So it is not as if that fact was already out there prior to the decision, something there but unacknowledged by Roberts. ",0.3919
82,"Ouch.  Two hits like that -- legal defeat, then ouster.  It's like that ski jumper in ABC's Wide World of Sports...  <br/><br/>Wouldn't be surprised if Pao puts a full effort in to her appeal vs. KP, now, however.  Appeals Court Justices can be capricious and can find a reason to give a figurative ""under-dog"" a second chance.   Can't say I didn't warn you KP...",0.3849
83,"Because California is only the third state to enact such an important law and, more critically, because families cross state borders, this should be federal legislation. Scientists found that low levels of vaccination allowed the Disneyland measles outbreak to spread far. I hope that Congress will pass a statute for the nation similar to the three state laws. The entire NATION needs this protection.",0.3818
84,"while the recent changes to the patriot act were insufficient.....<br/><br/>They are insufficient and though dialogue did open up some,NSA will never stop now.They were given 'a constitutional mandate'  in 2001, and the only changes will be how it is done and not stopped being done.",0.3724
85,So you want non-lawyers to provide legal services to the most vulnerable members of society?  Great idea!  What could possibly go wrong?,0.3689
86,"Agree.  Who made ""the rules""?  ",0.3612
87,"I did not get the impression that the President was opposed to any such '50-state' Act as you describe. He did not state so. He expressly says, ""Congress must restore the Voting Rights Act. Our state leaders and legislatures must make it easier - not harder - for more Americans to vote."" In this 21st century, no such effort has been attempted to my knowledge. Can you cite the Congressional Record for these past decades of which you speak? If Congress were to move in this direction (I really don't see that happening, though), I suppose we might see if our President would indeed be ""disingenuous,"" as you describe, and veto it. If only we had a crystal ball. Maybe you do? xo",0.3599
88,"Why should an international nuclear treaty be subjected to potential amendments from each of our 535 esteemed members of congress?<br/><br/>This supposed to be advise and consent, not an amendment extravaganza? Give it an up or down vote.<br/><br/>Fannkly, I wouldn't trust this congress to amend a grocery list.",0.3523
89,"The sanding of houses you describe is illegal under Federal law.  Under Environmental Protection Agency regulations, contractors performing work on older homes must attend classes, pass an exam, and be certified by the EPA to do such work, and it must be done in a "" lead safe"" manner.  Next time you see someone stirring up a lead dust storm, call the local building inspector or the EPA.  The fines are astronomical, and if the concern for the safety of the neighbors is not sufficient to get a renegade contractor to comply, the huge fines will make a contractor think twice.  <br/><br/>This article talks about resolution not in the legislatures but in the courts.  In reality, the Federal legislature has already acted.  It is just a matter of enforcing the laws that are already on the books.",0.3291
90,"By state constitutional dictate, the UT System's endowment is specifically  purposed toward the construction and improvement of academic buildings.  So, the author's numbers on what the endowment contributes to students' tuition costs are skewed.<br/>The same holds true for Texas A&amp;M, since UTIMCO (University of Texas Investment Management Corp), manages both universities' investments.  Why? Two reasons:<br/>1. By an odd provision in the constitution, Texas A&amp;M is still technically/legally a ""department"" of the University of Texas,<br/>2. Aggies aren't smart enough to manage their own money.",0.3054
91,"Maybe the 2016 Republican primary season will be the death knell for Citizens United. Who would have thought that no one would be hurt more than the Republican Party's chances to recapture the White House due to out of control anonymous funding schemes created in the wake of that decision. <br/><br/>Maybe one of the justices in the Citizens United majority will take a look around and realize a mistake was made and say its ok now— we can have limits on giving. As Justice Scalia wrote a few weeks ago in a criminal case, ""Although it is a vital rule of judicial self-government, stare decisis does not matter for its own sake..”",0.3018
92,"What's new? Bush tested the legal limits of treason in 2000 Presidential election in Florida. And, with an assist from the Supreme Courtesans, crossed that line with impunity.",0.296
93,"Sowas slavery.  So was lynching of Blacks in the south before a trial.  So was excluding jews from schools and limiting entree to certain professions,  /The constitution is a living document.  It's basic tenets are written, but are constantly being revised to abide by changing values.  We burned witches at one time, etc.",0.296
94,"Ummm.. no, the federal government didn't ""federalize"" land owned by the states as states (except the original 13 colonies) were created out of federal land.  That's why the federal lands belong to all of us, not just to the residents of that state.  ",0.2732
95,"Fortunately for most of the Kaneshi wheelers and dealers who created the bubble, the statute of limitations has almost run out.",0.25
96,"The skepticism about NYTimes reporting on the Court’s supposed shift leftward is well founded. More likely it's a statistical chimera: it’s a very small statistical sample, and there are way too many differences among the 100 or so cases a year the Court decides to draw reliable statistical conclusions.<br/><br/>One thing probably going on, however, is that CJ Roberts has pretty clearly voted tactically in some cases, with a view to his legacy. <br/><br/>This was most notable in the 2012 decision upholding Obamacare’s constitutionality.  Roberts, who as CJ voting with the majority had the power to assign the majority opinion to himself, upheld ACA on the surprising basis of Congress’ taxing power, while limiting  -- actually, quite severely cutting back -- Congress’ more important and much broader Commerce Clause power.<br/><br/>Two birds, one stone. He avoided the massive institutional damage to his Court that would have flowed from striking down ACA, while accomplishing the longstanding conservative goal of trimming Congress’ reach under the Commerce Clause.<br/><br/>One prominent conservative writer notably gloated about this:   <a href=""http://www.washingtonpost.com/opinions/charles-krauthammer-why-roberts-did-it/2012/06/28/gJQA4X0g9V_story.html"" title=""http://www.washingtonpost.com/opinions/charles-krauthammer-why-roberts-did-it/2012/06/28/gJQA4X0g9V_story.html"" target=""_blank"">http://www.washingtonpost.com/opinions/charles-krauthammer-why-roberts-d...</a> ",0.2315
97,"The skepticism about NYTimes reporting on the Court’s supposed shift leftward is well founded. More likely it's a statistical chimera: it’s a very small statistical sample, and there are way too many differences among the 100 or so cases a year the Court decides to draw reliable statistical conclusions.<br/><br/>One thing probably going on, however, is that CJ Roberts has pretty clearly voted tactically in some cases, with a view to his legacy. <br/><br/>This was most notable in the 2012 decision upholding Obamacare’s constitutionality.  Roberts, who as CJ voting with the majority had the power to assign the majority opinion to himself, upheld ACA on the surprising basis of Congress’ taxing power, while limiting  -- actually, quite severely cutting back -- Congress’ more important and much broader Commerce Clause power.<br/><br/>Two birds, one stone. He avoided the massive institutional damage to his Court that would have flowed from striking down ACA, while accomplishing the longstanding conservative goal of trimming Congress’ reach under the Commerce Clause.<br/><br/>One prominent conservative writer notably gloated about this:   <a href=""http://www.washingtonpost.com/opinions/charles-krauthammer-why-roberts-did-it/2012/06/28/gJQA4X0g9V_story.html"" title=""http://www.washingtonpost.com/opinions/charles-krauthammer-why-roberts-did-it/2012/06/28/gJQA4X0g9V_story.html"" target=""_blank"">http://www.washingtonpost.com/opinions/charles-krauthammer-why-roberts-d...</a> ",0.2315
98,"I agree with the criticism of too many stories about the horse race.<br/><br/>But about the horse race, it's great that Senator Sanders is getting young people and intellectuals to look up from their phones and their theorizing and actually get involved in politics, for the first time or once again.<br/><br/>If we can all remain engaged for the next 16 months, we can avoid another disastrous round of swearing in Scalias, Thomases, Alitos, etc.  We can begin to get back government for the people.",0.2263
99,"Search Case #14-C-0370 at <a href=""http://www.dps.ny.gov"" title=""www.dps.ny.gov"" target=""_blank"">www.dps.ny.gov</a> and leave comments there as well.  It's an on-going proceeding.",0.2263
100,"I'm all for education those in prison.<br/><br/>Why not change to law to allow it as it is currently prohibited by the authorizing legislation?<br/><br/>I fully support the rule of law and the concept that if the law is no longer needed or proper, to change the law.<br/><br/>For President Obama and his administration to determine unilaterally that the law does not apply to them is far more corrupt than the withholding of Pell Grant subsidies to prisoners.",0.2247
101,Urging and persuasion are fine. Legislation and coercion are not.,0.2023
102,"I'm so glad that someone else noticed that decision amidst the ruckus that followed. Justice Alito's comment only served to bring why keeping the Confederate flag around OVER PUBLIC BUILDINGS empowers those who continue to propagate the worst parts of the old South, and conjure what must feel like state-sponsored terror or shame to the rest of us. It was nice to see a ruling like this go the right way for the right reasons, without all of the sudden pressure from the Charleston fallout. I don't know when I'll get to say this again on a social issue, but ""Go Texas!""",0.1627
103,If Second Amendment fundamentalists wanted to be true to the historical intentions of the founding fathers they would also have to campaign for the disestablishment of the US's standing army. The whole point of the amendment (explained in the preamble that none of the other Bill of Right amendments have) is to use militia to defend the nation. It was already obsolete by 1814.,0.1531
104,"If Congress and the courts gave EPA the authority  to make regulations, why can't Congress take back that authority, especially when the majority ran for election on that premise",0.1531
105,"I have to deal with the law every day, professional hazard for lawyers.<br/>Statutes have supplements, IN the code that expressly define the legal meanings of the words of a statute, or in really plain situations, legislation defers to common meanings.<br/><br/>In the case of the ACA, interpretation was not required--the text was plainly stated with accompanying supplemental glossary text to explain what the words meant. Any law student that tries to cobble legislative intent into a question of the plain language doctrine would certainly fail their Con Law exam, which is what Roberts did.<br/><br/>Really no question about Chief Justice Roberts being part of the liberal activist Roberts Court. He's been the instigator of the Court's wild lurch to the left.",0.1531
106,"Dear Mr. Mathis:  I've read Burwell three times, regularly practice in the federal courts, and am intimately familiar with the canons of statutory construction.  Burwell does not stand for the proposition that you announce, supra.  In Burwell, Chief Justice Roberts stated in his opinion for the Court that the plain language of a statute governs in determining congressional intent.  He felt that he had ground to deviate from that in Burwell, because the reading of the plain language would have, in his view caused an absurd result, which could not have been what Congress intended.  He found support for that conclusion in how badly drafted the ACA is.<br/><br/>However, there are no such problems in the Federal Reserve Act (Act).  Given the effect to the meaning of the plain language shows that Congress explicitly and rational move to cabin the Fed authority to controlling monetary aggregates for the purpose that I recited, supra.  There is no absurd result.  Quite to the contrary, the Act restrict the Fed to being the central bank of the United States and not the world.  So a court would easily conclude that the Fed has no authority control foreign monetary aggregates.<br/><br/>This is further supported by other provisions which void the Fed's charter if it exceeds its statutory authority, which would make Sen. Paul quite happy.<br/><br/>Your proposal also has a nasty air of neocolonialism:  We smart Americans are going to solve the European's problems for them, because they can't manage on their own.",0.144
107,"It is a MYTH that anchor babies are citizens of the United States by birth.<br/>Anchor babies are citizens of the United States by fraud.  Exploiting a linguistic loophole and taking a literal bent to the 14th Amendment is in no way valid or credible.<br/><br/>Taking off my Washington DC lawyer hat and putting my law student hat back on, let's take a quick trip back through time.<br/><br/>But first a primer:<br/><br/>Laws are passed and enacted in the USA for a stated reason. The reality of legislative intent also exists in the Constitution of the United States--there are reasons why the Constitutional Amendments exist.<br/><br/>In the case of the 14th Amendment, the reason was slavery. Period.<br/>States were refusing to allow slaves freed by the 13th amendment to have rights as US citizens. Freed slaves (and I'm Black so put the race card away) were not allowed to vote, were being detained without due process and were not able to exercise property ownership rights as citizens.  So the Constitution was amended, again, to make it clear that freed slaves were citizens as a matter of birthright.<br/><br/>The 14th Amendment was NEVER intended to become a ruse for immigrants to come to America, have children and by virtue of that child being born on US soil, confer instant citizenship. Never. <br/><br/>We have a clever exploitation of the 14th Amendment by illegals who began realizing that if they had children on US soil, it would open up a grey area of law that could keep all of them here. An act of Congress can fix this.",0.1331
108,The presidency race is now like a horse race. Each billionaire has a horse in the race. Each is training hard. Disgusting Citizens United ruling by the SCOTUS.,0.128
109,"Tim,<br/>There is good reason to write legal documents in Latin and French. The discussion is not about how it was written but what it purports to be. It is nothing more than an attempt to put into place rules by which the elite could ameliorate their insatiable greed by creating rules for their game.",0.1154
110,"""Gobbledygook"" as used by Justice Scalia says more about his own intellectual capabilities than it does about nearly every opinion to which he objects.  His recent dissents show that he needs to accept good editing.  Maybe he either ignores his clerks, and fellow justices, or his clerks are not doing him any favors by allowing him to rant, on paper.  His rants suffer from: not being dignified; not being smart; not being clever or funny.",0.1114
111,"What stops people from interpreting ""Congress shall make no law respecting an establishment of religion"" as carte blanche to legislate religious tenets into secular law?",0.1027
112,"Alito, Tomas, and Scalia - once again on the wrong side of history in a case that shouldn't even have made it halfway to SCOTUS.<br/><br/>Now we can all watch the right wingers run for office, especially reelection, and tell the low information voters how they are responsible for providing them with health care benefits.<br/><br/>Personally, I'm greatly relieved to know that my children will have the ACA as a fallback source of health insurance.  It's not as good as what you can find in more civilized countries, but it's a start.",0.1011
113,"Here we go again.  Until the law reads as we want it to read, the law is only a suggestion that can be ignored.<br/><br/>So why do we need law schools and highly paid law professors?",0.0772
114,The people who write these laws are too proud to admit that they are wrong. Let us take a microscope to their life and find all the laws they break everyday. To judges and lawmakers it is a dangerous game to play with other peoples lives.,0.0258
115,"Typical Brooks -- opines with great certainty on a subject he knows nothing about.  Really, in this case, nothing, as he is not legally entitled to have seen the agreement.<br/>And, of course, the Democrats did not vote down the TPP because the bill has not yet come up for a vote.  They will decide whether to vote for or against the TPP once they read the final treaty, and see whether the provisions are as bad as rumored ( such as panels empowered to grant damages to companies from governments whose progressive labor or environmental regulations can be claimed to decrease their profits).   ",0.0232
116,"@SJM: A lot of personal sermonizing by extension there, but here's a simple, straightforward, objective, bare-bones, common sense question:<br/><br/>When someone breaks a law, is their act ""legal"" or ""illegal""?",0.0
117,It need not be retroactive,0.0
118,Common sense has prevailed! This frivolous suit should've never been brought to the USSC.,0.0
119,You forgot lawyers.,0.0
120,Only when approving liberal causes.When they approve rightist causes they are just following the constitution,0.0
121,HR676 would have never passed.,0.0
122,So press your rep to  change the law.  Isn't that the point?,0.0
123,"The Fifth Amendment has the ""due process"" clause.  As long as we have a Constitution, we will need people as lawyers, and not robots.  Look 30 years into the future; how many jobs then will be replaced by a robot.  Most likely, most all.  Plus lawyers must pass a state bar.   A lawyer in India can not practice in a state court, if he is located in India. ",0.0
124,"""official permission"" = legally<br/>""without official permission"" = illegally",0.0
125,"John Roberts can yap all he wants about the power of the individual, but the reality that he and his colleagues have elevated the power of the corporation at the expense of the individual. ",0.0
126,My first thought for Khrushchev's dissent was SHOE.,0.0
127,What do you know? An impartial by-the-specifics-of-the-case decision. Roberts may in the midst of a Souter-like transition?,0.0
128,How many 14 year olds have official state IDs in the first place?,0.0
129,"I bet the first draft of Scalia's dissent used the phrase ""RobertsCare.""",0.0
130,"Actually, the U.S. started passing drug laws in order to head an international convention on ending the Sino-Indian opium trade. ",0.0
131,"A bit of research on the internet suggests that the writer's statements are incorrect.  See, e.g. <a href=""http://www.politifact.com/texas/statements/2012/jul/11/eric-holder/eric-holder-says-recent-studies-show-25-percent-af/"" title=""http://www.politifact.com/texas/statements/2012/jul/11/eric-holder/eric-holder-says-recent-studies-show-25-percent-af/"" target=""_blank"">http://www.politifact.com/texas/statements/2012/jul/11/eric-holder/eric-...</a> - According to the article (and others) as of just a few years ago about 25% of black voters and 11% of all voters don't have the requisite ID.",0.0
132,"It is a valid form of ID because you have to prove who you are to get one. Furthermore, A passport, state ID, or drivers license can be obtained by all indiscriminately. ",0.0
133,Attorneys representing clients are often just representing themselves in US courts.,0.0
134,"I'm not sure what you mean by ""law-abiding"".  If he didn't have a front license plate and the law required one, he was not ""law-abiding"".  Also, it is law in every state that a driver must carry his license on his person.  This driver didn't seem to be.  Also not ""law-abiding"".  Obviously the officer never should have drawn his weapon, but let's not distort the plain facts beyond recognition in order to make our arguments.  Distortion certainly isn't necessary here. ",-0.0227
135,"While I agree with the author,  there is also the unfortunate fact that some of the practice areas i.e. family law, landlord tenant etc. are just not all that intellectually challenging which is a big driver for many practicing law.  Many of the clients also have a raft of problems, social, psychological etc. that are beyond the lawyers ability to solve and lets face it most but not all lawyers would not last an hour as a social worker.",-0.069
136,"In the case of ""provocative"" or ""viewpoint"" speech there's a huge difference between a subway poster and a public speech.  In the first case, the riding public has no practical or legal means of responding to the ""speech"" but  in the second case it does.  People listing to the speech can ignore it, question the speaker or begin a speech of their own.  Therefore, one can reasonably create different rules for each type of ""speech.""",-0.0772
137,"If you hold a passport, you are not stateless.  Your state is that which has issued the passport.<br/><br/>My US passport indicates the place of my birth as California, USA.  What's going on here is that the US passport of American citizens born in Jerusalem says Jerusalem, not Jerusalem, Israel.  If they are also citizens of Israel, they will have Israeli passports, too, such as Israel sees fit to issue them.  No one is being deprived of a state.  Rather, the ruling says the State Department cannot be forced by Congress to label the state where Jerusalem belongs.  That's not its call. It's the President's call.  This decision is not about Israel; it is about the separation of powers.",-0.0823
138,"My bottom line is that while the U.S. Constitution does not change with each new threat but the people do.  It is up to our institutions to resist the urge to change the interpretations of the Constitution with these changes of events and direction of political winds.  Mr. Snowden had no reason to believe that these institutions would correct the course we were on.  I am only surprised that his revelations have not struck greater fear than it has.  If anyone ""from the president down"" could have anything in their lives known to the NSA, no one was in charge.  ",-0.0933
139,Law makers are debating the issue.  This is better than some of them going to the street offending the majority.,-0.1027
140,And then we wonder why our courts are clogged with frivolous lawsuits.,-0.1531
141,"Georgia's Peacock law set the stage for this.<br/><br/>I anticipate quiet reprisals to this, as has been the case for the Bundy family<br/>of Nevada.  The State is patient, and has resources to apply.<br/><br/>I would not be surprised to see this clown getting a chance to serve his Country making license plates for some minor offense.",-0.1695
142,"If NC or other states such as Texas had real evidence of voter fraud, they would have produced it.  I have listened to Tea Party folks and the widespread racism among them as a group is palpable.  It may not be the only driver of their fury but it is, in my opinion, the biggest.  Nothing galls them ore than a black president.<br/><br/>The Shelby County and Citizens United Decision will taint Robert's SCOTUS forever.  Those are the cases that define his White male majority.",-0.1901
143,"Condescending is only natural for her. She's above the rest of us, the rules don't apply to her or Bill and anyone objecting to her self-serving behavior is part of the vast right-wing conspiracy. I know, because she said so...",-0.2263
144,So Republicans actually won (twice): <br/><br/>- They got the law they wanted passed.<br/><br/>- They got to blame the other side for anything bad that might accrue to the public as the result of it.<br/><br/>Understand ?,-0.235
145,"While I agree it is ridiculous to imply that the Founding Fathers built their new government to provide all Americans with access to health care, it should be noted that the role of government has evolved, but its premise has remained the same. <br/><br/>The most fundamental job of the government outlined in the Constitution is the protection of the people and the state. The Founding Fathers no doubt were thinking of other states as the danger, but other dangers have arisen against us since. Whether they be non-state actors or predatory businesses, modern Americans are capable of making the distinction and urging the government to act in our defense. While it is an understandably slippery slope to interpret the Constitution requires defense against all threats in all forms to Americans, reasonable protections against non-state actors and predatory businesses (which in this case are probably health insurance companies) are not so far fetched. After all, the government gave us protections like the 8-hour day and overtime (that were upheld by the Supreme Court) to prevent predatory business practices from abusing average Americans, something that almost every American benefits from, even though it is not specifically outlined in the Constitution. <br/><br/>As the world has changed, we require new protections from our government. Perhaps the writer was a bit overzealous, but the concept that the role of government is to protect the people is very much enshrined in the Constitution.",-0.2372
146,"Scalia continues to embarrass the court and, by extension, the country. He apparently revels in the attention he gets for his nasty remarks. He obviously was pampered as a child and thinks that he is the be-all and the end-all and that he is a witty, brilliant jurist, when he is just a buffoon.",-0.25
147,Did you have the same concern fir rewriting established law when they decided Citizen's United? This court has busily rewritten the 2nd Amendment along with other laws. Are you complaining about those?<br/><br/>They have not rewritten the ACA. They have clarified a drafting error.,-0.264
148,"Were there any guidelines on how to treat warmongers in the manual?  I believe they are deemed ""avaricious sociopaths"" and as such can only be afforded minimal protections.",-0.2732
149,"""Similarly to if a US state was in financial straights, one state's problems are all of the EU states' problem.""<br/><br/>Where in the world do people come up with this ""All for one and one for all"" misconception? I live in California, which has hundreds of billions of dollars in unfunded pension obligations -- financial straits by any measure. Yet no other state, nor the federal government, is stepping in to help, or ever will. Most other states have similar problems of their own, and would be more inclined to ask CA to help them, rather than the other way around.",-0.296
150,There is also a time limitation in Texas once you start the process of getting an ID. Some of these documents take time to get.,-0.296
151,"Among its many hits on the rightwing hit parade, the racist Roberts' Supremes will be known for gutting the act that is the most fundamental to our democracy: we all get to vote, old white men, and we will accept no less in the ""long arc of history"".  These old belligerent racists can't die off fast enough which goes double for Ant'ny Scalia and his ideological twin Clarence, who arguably received the second most profound opportunity outside of our eloquent President; except Clarence of course thinks he did it all by himself, ergo no need to help others.",-0.3347
152,"So, Scalia's view ""holds that judges should confine themselves to interpreting the words that Congress chose without trying to discern Congress’s broader purposes.""<br/><br/>In the case of the second ammendment surely this must be wrong. Does he really think the framers envisioned State militia members needing to wander around churches and stores while armed; especially with weaponry not provided by the State?",-0.3353
153,your thoughts are the reason folks don't like lawyers!,-0.3404
154,They also wrote a constitution that didn't allow women to vote and protected slavery in nine different ways. So should we therefore abolish those rights as well?,-0.354
155,"How can the U.S. government restrict our first amendment rights?<br/><a href=""http://wp.me/p4X83e-du"" title=""http://wp.me/p4X83e-du"" target=""_blank"">http://wp.me/p4X83e-du</a> 	",-0.3818
156,"Another option might be for them to press the Federal government - and particularly the Obama administration - to ENFORCE THE LAW, and REMOVE those illegal aliens from states in which they do not belong.<br/>With that in mind, why create a NEW law (the so-called $15 minimum wage) instead of simply ENFORCING THE EXISTING ONE?!",-0.4199
157,"Justice Roberts wrote: ""But do not celebrate the Constitution. It had nothing to do with it.""<br/><br/>May I politely suggest he read the 14th Amendment again?",-0.4209
158,"One doesn't vote on rights - one has them or one doesn't.  The Court delivered the only defensible decision one can make in a society with a constitution guaranteeing equality before the law. <br/><br/>I struggle to understand the passion far too many Americans express for denying their fellow, equal, citizens the same thing they enjoy. Particularly when it costs them nothing to do so.  It's cruel.  It's mean spirited.  It's un-American.  And it is now illegal.",-0.4728
159, The private sector can not put you in jail or kill you with a drone strike but some unelected government bureaucrat can.,-0.4767
160,"In Michigan too, our GOP-dominated legislature is busy legislating their brand of morality. They just passed legislation calling for a waiting period before a lawyer can offer their services to a couple seeking a divorce.<br/>Meanwhile our roads are a disgrace to civilization.",-0.4939
161,"The law requiring reporting cash transactions over $10,000 has nothing to do with taxes.  It was intended to identify criminal activity.  It's now extending into many other parts of life, because $10,000 isn't a lot of money.",-0.5267
162,"And speaking of, ""absurd laws hamstringing the ATF"" when are we going to get that first nationwide door to door search in the War on Drugs?",-0.5994
163,"Most People do not notice or pay any attention to the 'qualifier word' AND. There were those who were born within the jurisdictional boundaries of states (Land masses) who's State governments had became members of the Union of State governments who were 'not subject' to the jurisdiction of DC or its legislatures. If all People within the defined boundaries of the states who's State governments had entered the Union of State governments were 'subject by default' the language would have not been necessary. It created 'two distinct classes' of citizenship. There were state Citizens by birth, and they retained that status with the inclusion of the word 'and', then there were those born in DC, it's territories, and enclaves who were 'subject citizens by birth'. Immigrants, the former slaves, and captured persons (southern People) from within the states who's governments had seceded from the Union of State governments voluntarily 'agreed' to become 'subject class citizens', or face deportation, return to slavery, or placed in jail for 'failure to comply' with the 'new rules' being enforced by the government of the 'victors' (North who claimed the Right to the use of United States). ",-0.5999
164,out-law<br/>1. a.  A fugitive from the law.<br/>b.  A habitual criminal.<br/>2.  A person excluded from normal legal protection and rights.<br/>3.  A wild or vicious horse or other animal.<br/>who is the OUT-LAW?? and do tell why?,-0.6046
165,"1.  Mr. Obama has NO professional skill as a lawyer;  he has never practiced law...which becomes tragically clear, in the revelation that...<br/><br/>2.  Neither he....nor Mr. Kerry are ""negotiators"".",-0.6166
166,I'm all for people doing what they want as long as it does not infringe on others. But I'm afraid that legal jumping even with the waiver of liability forms would inevitably lead to people sueing the NPS for not protecting them from their own stupidity. ,-0.631
167,"While the decision seems to be fair and reasonable, I can't help but think that Ms. Elauf  applied to Abercrombie &amp; Fitch because she knew that she would be rejected and wanted to cause a stir.  ",-0.6629
168,Stick to economics.  Obama LOST when trying to force states to expand medicare.  His overreach on immigrant was stopped dead in the courts.  It is perfectly natural for McConnell to look at these defeats and try again. And done use words like evilness if you want to be taken seriously as a scientist,-0.6739
169,Isn't it hilarious the American rules never apply to Hillary Clinton?  Arrogance at its highest level.,-0.6866
170,"You miss the point entirely.  Whether or not Jerusalem is in Israel (or if Israel is even a state) is disputed.  (Not saying that I myself dispute it, only that it is quite famously in dispute.)  Some say that Jerusalem is in Palestine.<br/><br/>This case is about the separation of powers, and whether the legislative branch of our government can tell the executive branch whether or not to recognize a foreign country.  Thus, according to the judicial branch, it cannot.",-0.6908
171,"It's not surprising that the same religious people and institutions say they have no obligation to comply with 'man's law', but ONLY Biblical or 'God's law',<br/><br/>     Demand protections, rights and deference from the Constitution and Bill of Rights. It never ends, the level of cynicism, contradictions in terms and hypocrisy such people are capable of.",-0.7056
172,"In the mid-1970's, the NYC Legal Aid Society brought a lawsuit, first in state and then in federal court, challenging the money bail system as unconstitutional. I was counsel. It was  a novel suit because it was based on a large-scale empirical study showing that bail is outcome-determinative. In other words, failure to make bail causes an accused, guilty or innocent, to be convicted. The study was among the first to use a computer, a big one at Columbia, to analyze a socio-legal problem based on a big data set. As the Times article says, that's not how it's supposed to work. The state appeals court dismissively wrote, ""Figures don't lie but liars figure."" The federal court deferred to the state. Forty years later, same problem, same lack of answers.",-0.7083
173,"The language is unambiguous.  There is nothing to interpret.  The rest of the law does not contradict the plain language of the provision.  The drafters plainly knew how to distinguish exchanges set up by the states from exchanges set up by other entities.  The drafters either used that language intentionally to induce states to set up exchanges (as one drafter has indicated) or by bad drafting.  In either case, Congress must make the correction, not courts.  This case sets a bad precedent.  Now any plain language can be read to mean the opposite of what it says. ",-0.7217
174,"If I remember correctly, Senator Biden, as head of the Judiciary Committee, refused to permit witnesses corroborating Anita Hill's accusations about Clarence Thomas to speak. It could therefore be argued Clarence Thomas' position on the Supremer Court is because of Biden's inaction. No go, Joe!",-0.7345
175,"In reply to vklip who refers to statues of limitation: <br/><br/>While the original crimes may be unprosecutable because of expiration under statutes of limitation, the coverups and conspiracies are often ongoing or, at least, of recent vintage and, thus, could be prosecuted. <br/><br/>Perhaps some Federal prosecutor with absolutely no hope of ever getting anywhere politically would even consider a R.I.C.O. prosecution.",-0.7363
176,"If the Act creates legal problems for legitimate, good-faith local efforts to combat voting fraud, as it apparently does,  then we should amend or repeal the Act. I don't want to see Texas ballot boxes stuffed with phony votes. ",-0.7595
177," ""Recognizing the critical role of informed citizens in correcting the excesses of government, the Council of Europe called for new laws to protect whistle-blowers.""<br/><br/>You are not a whistle-blower,<br/>Whistle-blowers are those whose expose people and agencies who are not following the law. What you have done is to show people the results due to  certain laws that have been enacted. <br/><br/> You didn't like the law so you disregarded it.  That's called being a politician and a criminal.",-0.7642
178,Actually there's a severe shortage of legal resources in this country as any visit to the courts of law will show you. The surplus exists in the boardrooms and conference rooms of law firms and banks billing at ridiculous rates an hour.<br/>It would be much more accurate too say that there is a severe mismatch of legal resources in this country.,-0.7717
179,"Excuse me good professor but have you no sense of history whatsoever?  Have you never read Dredd Scot?  Do you realize that Congress banned segregation in places of public accommodation 1875, but the Supreme Court overturned that law in 1883 because it said that the 14th Amendment prohibited only state action.  The Supreme Court then ignoring that ruling said state sponsored segregation was also permissible in Plessy v. Ferguson.  It then spent the next few decades overturning state regulations of the economy as unconstitutional based on the fictitious ""Liberty of Contract"" doctrine and overturning congressional regulations as in violation of the commerce clause.  This was the disastrous Lochner era which lead to FDR's court packing plan. It also did nothing to help the interned Japanese during WWII and it's overreaching the Warren era guaranteed a conservative backlash and the election of Nixon in 1968. The world did not start with Griswold Professor Sherry.",-0.7748
180,"Realizing that the 3 day waiting period is likely ensconced in a law that covers the entire background check program, please, somebody get the bloody law amended to read 10 or 20 days. The reviewer needs to be able to exhaustively research each and every gun application. What in gods name is wrong with our society?",-0.7783
181,"However wrong-headed and patently foolish  I believe some recent decisions by the SCOTUS have been, such as the ""corporations are people"" nonsense, I cannot imaginer trusting at all leaving ultimate questions of such importance to the grasping and self-interested members of the American political class.  I do believe that it would be a great improvement if there were a  limited term of appointment . In many ways, including SCOTUS, term limits is a first step towards limiting the negative consequences of much that is wrong in the present system of politics and law. As has been said before, it is making a profound mistake to toss out the baby with the bath-water!",-0.7814
182,The gun was stolen and Harris wasn't old enough according to federal law to own one. Denying access... doesn't.,-0.7906
183,It's outrageous that the republican-controlled Congress again violated the Constitution.  It's also outrageous that the Supreme Court even took up the case.<br/>Obama should just have ignored the former and not have to have been subjected to the whims of the latter.,-0.7964
184,"It is statutory rape - being ignorant of the person's age is not a defense under the law.  If their is anyone who is not using their head, it's legislators.",-0.8003
185,Its not just the federal government that can help this problem. States and cities can pass gun control laws too. NY and Conn did it after the school shooting. I saw the governor of SC crying yesterday at a news conference. Instead of that pass some very strict gun laws in your state and take down the Confederate flag. I think by flying it you give the signal hating is OK.,-0.8268
186,"So far migrant smugglers have been taking advantage of a schizophrenic law that imposes any undocumented migrant must have a basis of any kind in Italy to be recognized as an asylum seeker and as such accessing to humanitarian rights protecting and assisting them.<br/>This law was passed by the former Berlusconi government, implemented in such a sadistic way that made well nigh impossible to settle in the country permanently, unless you apply for citizenship (impossible, when all your belongings are the clothes you have on) and, in the event your application should be considered, the process will take many many years. This is why Berlusconi and his band of thugs and sycophants had their own way in dealing with organized crime's original top kingpins, creating fear and terror in the whole country by either tactically stalemating or yielding to the far-right wing's requests - themselves being fundamental in his ex-coalition - blackmailing him upon ""arming part of northern Italy and marching on government's building to effectively seizing power,"" and he himself blackmailing them in turn, on threatening to reveal connections with extreme-right terrorists so embedded in his past governments and so anti-immigration. This is no longer tolerable: either the law be quashed and made ineffective in perpetuity or Renzi (the present center-left prime minister) is likely to lose his seat sooner than he thinks.",-0.8344
187,"Is it progressive stupidity, or the dishonesty of objecting to ""common sense laws""!  Opening the door to voter fraud, only benefits those gaming the system at the expense of all citizens! Not having a verifiable ID is irresponsible, and hardly an imposition, given that the most basic of everyday interactions require exactly that!",-0.8349
188,"If Republicans received legislation about a cancer cure, they would attach an amendment to repeal the ACA, another amendment to make abortion illegal, another amendment to eliminate the federal reserve, etc. etc.etc. etc. etc. ",-0.8402
189,"On what basis should US Soccer have taken any action against their player? I thought that the USA inherited the English Common Law? (With the exception, I would have thought, of the state of New Orleans (Napoleonic Law?) and, perhaps, states, or parts of states, originally Spanish possessions.)<br/><br/>The police have the duty, firstly, to investigate allegations of criminal conduct and then, secondly, prepare a report for and submit it to the appropriate prosecutorial authority. The prosecutorial authority has the duty then to consider the report and decide, firstly, if their is a prima facie case to answer and, secondly, whether it is in the public interest to prosecute before the appropriate court. If both answers are ""yes"" It then falls to a judge of the relevant court to try the case, I would presume in the presence of a jury. The judge is arbiter of matters relating to law and procedure whilst the jury decides on the facts.<br/><br/>Nowhere is it envisaged that US Soccer has a role to play. Unless, of course, there be a prima facie case that the conduct libelled of their player is of such a horrendous nature that suspending her would bring the game into disrepute. At worst, this is handbags at fifty paces.",-0.857
190,"Justice Scalia's frustration with the majority is because, as he points out several times, the Court has exceeded its Constitutional authority.  It would have been best served under these circumstances to interpret the term ""states"" as the ACA defines it. If, in fact, Congress intended otherwise - we don't know for sure because of the dearth of legislative history and intent, backroom deals, no debate and no member of Congress actually reading the entire Act before voting on it - it would have been better to defer to what Congress specifically states and let Congress fix it.  That is why we have a legislature and that is why they are elected and the members of the judiciary are not.  Let Congress answer to the people as to what was intended and if the people disagree, vote out the politicians.<br/><br/>This was a clear case of legislating from the bench.  As a textualist, Scalia loathes judicial meddling with clear statutory language in order to achieve a political and social result.  And that is exactly what the Court did here - save the ACA at all costs and we might as well now call it SCOTUScare.  His sarcasm could not ring more true.  The Court's actions are indeed in violation of its Article III restraints and Marbury v. Madison to merely interpret the law, not re-write it.<br/><br/>All of America should be very worried by the continued judicial activism of the Court in violation of the Constitution.",-0.8592
191,"God, I hate lawyers.<br/><br/>That aside, the people who wrote this language, contrary to many comments I've read, admitted they made a mistake.<br/><br/>'states' indeed meant states.<br/><br/>Ergo, at issue is whether the judiciary *can* properly amend it for Congress, rather than task congress with fixing its own legislation... as...the... um.. Legislature.<br/><br/>The result here is a pragmatic one.  it will please the myopic who don't see the jurisprudential danger and the myopic who don't grasp that the economics of this thing absolutely, without doubt, will raise costs tremendously, disproportionately harm the care of the people actually paying for it, and will eventually collapse and require massive overhaul.<br/><br/>A pragmatic result, but a Constitutional one?<br/><br/>The court revising statutes out of fear that Congress would be unable to pass it again?<br/><br/>Nah.<br/><br/>But what matters is Leftist/statist lawyers will argue how silly it is to oppose judges doing a little ex post facto legislating... so long as its done to prevent the democratic process... which might prevent passage of something the left likes....",-0.8751
192,"That's just it. This case didn't ""deserve to be heard."" There was no lower-court split nor was there a fundamental constitutional issue at stake--the two reasons why the SCOTUS usually takes a case. The lawyers pushing the case were explicit that they expected the five conservative justices to do what Republicans couldn't do legislatively, the entire foundation for the case was pathetically weak (as Greenhouse deftly shows by citing Scalia's recent opinions to show what a complete hack he was here), the plaintiffs' briefs were palpably dishonest--claiming that Congress deliberately meant to exclude the federal exchange when no one even considered that possibility back in 2009-10, and the four individual plaintiffs probably didn't even have standing to sue. The SCOTUS takes a minuscule percentage of cases--the fact that it chose to hear this blatantly partisan, transparently manufactured piece of pettifoggery--and that three justices voted for the plaintiffs (conveniently forgetting their previous claims about statutory interpretation as Scalia did, or their own dissent in Sebelius as Roberts pointed out in his opinion) is plenty of reason to be scathing about the behavior of this court. And contemptuous of the three justices who again put partisan politics before the law. Kennedy, at least, deserves some respect for putting the law first here, and maybe Roberts, too.",-0.8779
193,"@ Anetliner:  There's something to that.  It was much worse to let Reagan off for violating the clear legal requirements of Congress in Nicaragua and with Iran.  Then it was horribly wrong to give the Iraq Cowboys a free pass for wanton invasion, corruption, and torture.",-0.891
194,"Scalia was dead wrong as are you.  The plain reading is fairly interpreted to mean the mechanism for a subsidy was only available via a single state exchange -- not off exchange, not 300 exchanges for each state or any other nefarious definition local insurers (and local legislators) might attempt.    <br/><br/>In short, one exchange per state is indicative of reasonable administrative boundaries.  A state doing nothing was not some magical veto authority over the legislative intent of the federal gov't.<br/><br/>When you drive up to sign that says ""STOP"" are you confused by the intent?  Or do you just sit there in a permanently stopped state?  <br/><br/>Scalia is simply intellectually lazy.",-0.8948
195," Decades ago, being a Doctor or a Lawyer had equal standing of respect and compensation in the eyes of the public. But unlike medical schools, the law school industry industry began to serve nothing but itself by producing ever more lawyers and ignoring the demand side. They are seeing the disastrous result of this policy with falling wages and unemployed lawyers. In medicine, they do consider the market. The demand for Doctors has never been higher. The legal profession itself needs to be accountable for what it has done to the field.",-0.8978
196,"Saudi Arabia just passed a law saying atheists were terrorists, and thus can be punished by death. So what is the difference between Saudi Arabia and ISIS? And yet SA is on the UN Human Rights commission!",-0.906
197,"Absolutely. And the death penalty contravenes what the law is really supposed to do. The justice system and its laws are not mean to be a state-sponsored proxy for revenge. But most people have no idea how the law really works. They think the prosecutor is the victim's personal attorney, suing the defense for damages. Crime is an offense committed against the state, not against an individual victim (though the victim is obviously affected). The justice system is designed to keep the populace in line, to ensure that people obey the rules that govern society. When someone steps outside the law, the state has to correct the deviation. ",-0.9086
198,Right you are!  There is no law that people are entitled to sit in anything but a cramped position in a dirty airplane with lousy service at a high price!  There is no law.  But there should be.,-0.9191
199,The failure of our elected legislative representatives to assert and exercise their Constitutional prerogative to declare war along with their oversight obligations and control over our money are compounded by a timid intimidated ignorant press.,-0.9217
200,"""Whose ""failure of due diligence""?<br/>The Judge's - who failed to see bad representation of defense?""<br/><br/>And so on.  When laymen purport to find the problems in court proceedings, we end up with speculation like this one, picked only because it was first on the list.  Although I agree entirely that the system must be open to correction, lunatic notions about where the fault lies obstruct rather than facilitate justice.  ",-0.9254
201,"These laws are the definite down side of 'states rights'. It's such a shame that Federal law does not over rule these kinds of sanctimonious, hypocritical, fanatical and unjust laws.<br/>I despise religious fanatics and those that use them for political gain while running rough shod over the poor and the politically powerless. There should be one and only one law of the land when it comes to abortion and no state should have the right to supersede it. ",-0.93
202,"We place high value on some conscience.  We dont apply a blanket high value to conscience.  And while the principle of harm isn't universal dividing line, it is the line so often that you should always look at it.<br/><br/>Suppose by refusing to photograph the kid the photographer was clearly causing the kid harm.  Maybe the kid reeeeeeally wanted photos of them with some special birthday clown so the kid is just crying there as the photographer refuses to photo them.  Wouldn't we conclude that the photographer is a massive jerk and shouldn't be doing that?<br/><br/>Now a kid crying due to a lack of a photo is a rare case that legislating against it would do more harm then good.  Laws cant cover every possible eventuality.  However a gay couple getting denied service is a very, very common occurrence.  We make laws to stop common occurrences of harm.  So there's no great mystery or complexity in understanding why the law would stop some instances of discrimination against gay couples.<br/><br/>But understanding how simple discrimination is requires common sense and clear thinking, two things that a college professorships seem to do their best to stamp out of the poor souls we make professors.",-0.9319
203,"I think Ms. Clinton is wrong about one thing here: if hearts don't change, laws imposed without a change of heart, will ultimately fail.  Folks in substance abuse recovery are often told to ""act as if,"" that actions come first, and then intentions follow.  But, if there is never a change of heart, there is inevitable relapse made even worse by disillusionment.  As one who's lived in many parts of the country, I can say that there  is a shocking amount of racism in America.  In the end, our culture must change, and although difficult, it can happen if we want it to happen.  Ms. Clinton should have apologized regarding the draconian imprisonment laws that incarcerate one of four African American males, often for crimes not enforced against whites.  She should tell us how she will make amends if elected President.",-0.9737
204,"More security vs. more privacy is a false dichotomy. No evidence whatsoever has been offered to show otherwise. The absolute first responsibility of our government and every soldier is to protect the constitution, not to protect citizens from harm.<br/><br/>The goal of the constitution is to protect the citizens from tyranny, which the founders understood to be a MUCH greater harm than injury or death. An attack on citizens is unfortunate but harms a limited number of people for a finite time. Tyranny harms everyone for generations. <br/><br/>Loss of personal privacy is the lever by which a government enslaves its people. It does so by discrediting dissenters. Sounds so simple, almost banal. But once all your private affairs can be used to 'discourage' you from writing that critical article, or producing that exposé or voting for that bill, the government has carte blanche to do as it pleases without criticism. Eviscerating the 4th amendment is tantamount to eliminating the 1st. This removes our defense against propaganda.<br/><br/>Those whose response is ""I have nothing to hide"" are beyond naïve. They lose chess in 3 moves because they don't understand that the seemingly unimportant actions preceding their subjugation are where they lost, not the final move of the queen.<br/><br/>The silliness about guns, while being willfully obtuse about ""search and seizure"" will be our undoing. People don't understand that the gun is useless when their adversary can convince them to shoot their allies.",-0.984
