,comments,scores
0,"A genius idea that solves many problems for what appears mainly young people.  Reading the comments, the article does beg questions about the law and how they might be overriding housing laws. It is not for everyone, but that is community oriented, solves a real housing problem for young people, competes with other org's like Oyster, allows for not having to sign long term or even a one year lease, all the amenities; it sounds really great. I wish them all the success in the world. The screening process does make it sound a little like a clique but why not interview and get to know applicants who may or may not fit in? Not everyone is borderline poor or struggling, some kids have money for the high end and young people starting out have the opp too. They did not mention pets, though, and for all the money in the world, who wants to live without your beloved pet? It would be a real deal breaker for me not to take my dog. Good luck and success to them, it's a great idea, so glad it is international, like Oyster in ways and changing rental options with more flexibility and community. Now please build one for artists of all ages who can bring their pets along with them. :) ",0.9935
1,"""Private philanthropy in this country helps us get the finest academic medical centers, best schools and universities, art of all varieties. Close to $250 billion in private philanthropy annually help make this nation be a more civilized place.”<br/><br/>This guy is TRULY out of touch!  Who do you think ends up in these finest cancer centers and heart institutes--It sure isn’t the poor!  Jimmy Carter will get THE best oncologists and surgeons that Emory can provide.  Can I get my cancer treated there?  No.  <br/><br/>Best schools? Yale?  6.5% acceptance rate EXCEPT if a Shrub is a legacy!<br/><br/>The Walton Family Foundation – has been responsible for about 83 percent of all contributions to Crystal Bridges Museum of Art in Bentonville, Arkansas so far – that’s $1.3 billion as of 2012, including $137 million worth of art! <br/><br/>Bentonville has a population of 36,000 people...in the Ozarks.  Home to the Walmart Headquarters.  Just exactly WHOM did the Waltons build this billion dollar museum for?  No fee for general admission BUT individual events do require purchased tickets.<br/><br/>Forbes Magazine had the AUDACITY to call this museum a great gift to people of America and the world WITHOUT compensation!<br/>""Yeah honey, Bentonville is on our way to...ah to... Well Let’s go to the National Gallery of Art free to all Americans and world visitors and IT is actually along the Northeast corridor of some of our best historical cities!<br/><br/>My god!  You .01% even have your own talking points and dog whistles!",0.9877
2,"<br/>Can we be honest here? Maybe?<br/><br/>Rick Perry is a small time politician who got lucky. Had he not been picked by G.W. Bush as Lt. Governor, and had Bush not won, Perry would likely have stayed safely at his predetermined level in politics, county commissioner in a far west Texas county never heard of from by anyone outside the state or, for that matter, even across the state.<br/><br/>He once said he had no interest in ever moving the Washington, DC (perhaps he will hatch a plan to move the US capital to...Lubbock?). The ""job creation"" that represents the foundation of his presidential aspirational story represents a massive amount of job stealing from other states, aided by a huge slush fund and giant tax breaks, lathered on top like whipped cream with the promise of no unions, ever. How many of the jobs are actually ""new""? How many of the jobs in Texas over the 14 yrs of Perry's reign pay more than minimum wage or anything like a living wage?<br/><br/>People gladly move to Texas for employment, warm weather and generally friendly people in a more relaxed atmosphere where housing can be far cheaper because of abundant land and new developments. Texas, just slightly smaller than France, is still being built, which is the source of much of its growth, whereas the east and west coast states are mainly built-out, with large infrastructure projects primary drivers of economic improvement. The east is old, Texas is new. <br/><br/>Perry had nothing to do with these forces. Of course, he will claim credit.",0.9842
3,"Growing up in Phoenix, I have always loved the beauty and aesthetic of Tucson. Mountain views in each direction, but especially the dramatic Santa Catalina mountains that dominate the northern edge of the city. There is a definite desert southwest look that does not appeal to everyone.  I am happy to see that most of the commenters ""get"" Tucson and love it as much as I do.  The article focused on mid-century architecture, but the Mexican and Spanish missionary influence is abundant. Mission San Xavier del Bac, just south of the city, is historic and incredibly beautiful, inside and out. ",0.982
4,"Wow.  I cannot believe you city slickers found Short Mountain.  <br/><br/>I visited this community some years back, and found the residents to be private but friendly, interesting, and playful. <br/><br/>Despite the occasionally condescending tone of the writer, if this piece encourages young folk to consider starting communities outside the big cities that allow them to flourish, then I'll be happy to see that. ",0.9784
5,"I cannot vouch for this, but I did hear a knowledgeable person comment on TV that during this last period no landlords (at least of rent stabilized apartment buildings) have had to declare bankruptcy or file for hardship increases (if such is available???). Landlords are certainly entitled to a decent return on their property, but the allowable percentage of increases year after year for so long has certainly rewarded them handsomely while so many struggle to meet each new increase. We can only hope that the landlords do not ""take it out"" on their tenants. Let us enjoy at least this one- or two-year lease breather!",0.9675
6,"Out of all the buildings in the slideshow I liked the Zaha Hadid. It screamed out to me as a real life representation of the American Dream. Each box symbolized the uniqueness of every individual in America while the whole building symbolized the uncanny homozygous blend that is the United States. I disliked the Centre Pompidou that was in the slideshow. It seemed like a tumor in the middle of a city whose culture is deeply rooted in its Renaissance style architecture. It symbolized the long reach of industrialization and how eventually it will absorb the city of Paris into a contemporary 21st century metropolis. <br/><br/>Every building tells a story. Some are obvious like the Lotus temple of New Delhi and some are much better hidden. As our world progresses, our architecture metamorphosizes. Sometimes its about reading between the lines. For example the Burj Khalifa is a symbol of how Dubai has reached new heights with its mega oil industry. The One World Trade Center in NYC is a symbol of the strength of the United States and its ability to turn a catastrophe into a glamorous win. <br/><br/>A lot of people I know dislike the flatiron building. I on the other hand believe it is a architectural gem. It was built on a piece of land that seemed to be dormant. The flatiron has also been a great tourist spot in NYC. As for buildings I hate, there are none. I think every building has a purpose and a meaning. Sometimes the tales told by buildings and the emotions felt are very palpable. ",0.9607
7,"""Betting on the New York Wheel to Elevate Staten Island’s Fortunes""<br/><br/>For years, Staten Island has been struggling to reel in tourists and has come up with a plan to change that curse forever. According to Patrick McGeehan, Staten Island's answer to their problem is to build a gigantic wheel, ""or, more precisely, a 630-foot tall one that would become the world’s largest Ferris wheel"". With this wheel in mind, Jonathan Bowles is hoping that ""tourists who go on the Staten Island Ferry finally have a reason to get off and not take the next ferry back to Manhattan"". Even though producing this wheel comes with a high expense, $500 million, Staten Ferry is willing to raise the full price to make the Ferris wheel dream come true. Patrick McGeehan clearly states that, ""nearly one-third of that sum, $150 million, has been collected from 300 Chinese families that invested with the hope of receiving visas that would allow them to live in the United States"". Whenever people are dealing with problems, they usually crave for help. Staten Ferry's craving for more tourists was sufficed by the Chinese families, who in return hope to grab a bit of the American Dream. This article caught my eye because I found that it connects to me and my city. As a resident of Chicago, I know what it takes to attract people to visit our city. Chicago too has a Ferris wheel and I find it really helps lure people in, therefore I strongly believe that it will help Staten Ferry and its tourist dilemma. ",0.9601
8,"Signs are needed to encourage tourists that they do NOT have to give the characters money for posing or pictures. Take away the money and you take away the incentive to work there as a character. However, NYC is the greatest city in the world and it has the ability to figure out how to make Times Square the mecca for the most interesting and creative new characters in the world! Just another reason to visit!",0.9586
9,"Architecture figures in multiple ways in therapy.  Not only the actual physical and therapeutic frame as mentioned here, but also in the way we think and feel. The waiting room is similar to transitional states where we make ourselves ready to contemplate complex or difficult emotions and life patterns then enter the space proper to fulfill preparation.  I don't know about others but I also dream architecturally, frequently experiencing frustrations and frightening things as doors that won't open or won't close to protect me from whatever bogeyman is on the other side.  The best though are dreams wandering through a strange house with many fascinating rooms filled with old furniture stacked up, the next filled with incredible butterflies and the next filled with a party of people who are strangers but somehow I know.  Or dreams of tunnels escaping under such a house to find a secret entrance to a store filled with incredible art that I didn't know I'd been thinking about making.  I've learned to pay attention to the architecture of and in imaginings that inevitably tell me how I'm feeling about myself, my life and the people important to me, all in the vernacular of architecture.",0.9579
10,"Regarding that ""new"" pedestrian plaza on 33rd...not all that long ago, there still was a pleasant, viable publicly accessible plaza at the west end of the One Penn property. Some time in late 2010 or early 2011 (my memory defeats me here), the plaza was 'renovated' to have a recycled plastic plank platform with bar tables installed and the nice stone benches-cum-planters were no longer available. Now, even if it is legally public, in reality it is for the customers of the bars surrounding it. I used to take my lunch (made at home) there to eat on pleasant days. Now the area that the non-paying public is welcome is a strip against the One Penn building, in full sun with rather flimsy-looking tables and chairs, that gets crowded even faster than the old configuration. <br/><br/>This plaza was supposed to be public when the building was built, not to be taken over by private businesses.<br/><br/>Les and less public space is just left to be public and used however the individual sees fit (within the law); I'm seeing just about every formerly pleasant pocket oasis turned into a venue for commodities or something curated. Like we can't be left to our own devices. ",0.9485
11," The mayor added, “I don’t like the situation in Times Square, and we’re going to address it in a very aggressive manner.”<br/>---------------------------<br/>I thought only mean Republicans said and did such things, out in flyover country somewhere.  But in Father Duffy Square?  The mayor sheds his illusions faster than the exhibitionist ecdysiasts shed their bras.<br/>Local angle: My 4 grandkids just returned from vacation there, and love ""the characters.""  I will diplomatically inquire (they're age 2-10) if any of the characters were unclothed.  The Californians played chess in Washington Sq. against a rasta-clad local and loved it, their foto shows.  That took me back to palmy days with a St. Vincent's nursing student, an enchantress, on Waverly Place, ca. 1976, when the Empire State bldg was lighted in red white &amp; blue.",0.9481
12,"Dear Professor Kishik,<br/><br/>If your argument is that the cutting edge of philosophy resides in the vital, vibrant immediacy of a metropolis and that this very vibrancy and urgency in turn shatters the project of philosophy and leaves one's notions in a state of intellectual wonder and chaos and flux, and, finally, that this is all to the good, to the beautiful, and to the true, then might I suggest that if one spends a portion of his life in the city, and another in the country, and yet another amidst the wilderness of the mountains, and perhaps yet another in the pursuit of the arts - in a word, if one should spend life kaleidoscopically in terms of her experience, might not her philosophy go beyond the satisfactions and the insights achieved by Socrates in his metropolitan peregrinations?<br/><br/>Cordially,<br/>S.A. Traina",0.9477
13,"So true, but sadly not limited to NYC. It is the new American ethos. Feed your needs; if they are your needs, they are healthy and must be fed. Don't worry about the impact of your actions on others or on the environment; satisfy your needs and all will be well.<br/><br/>We are living in a hyper-individualistic time. Cities that demonstrate a sense of community are seen as outliers, see Portland. Yet now Portland, having been sold in the national media as a hip, ideal city, is becoming overrun with self-indulgent one-percenters.<br/><br/>Who to blame? How to fix it? I suspect we will continue on our current path until it is no longer sustainable. The result will not be pretty. But in the meantime, let us remain obsessed with obtaining the perfect relationship and experiencing the best sex, while wearing the latest technological doo-dad. ",0.9352
14,"The scrap-and-build mentality is most markedly prevalent in Tokyo, I think, because--as Mr. Iyer points out--it has a long history of disaster, man-made and natural, that has destroyed much of the city from time to time across the centuries. Not a great deal of value was placed on the hardware--the buildings--and even today, many people rightly believe their houses will lose value completely once they've paid off their 30-year mortgages. In offices and other commercial buildings, with a handful of exceptions, post-WWII structures were hastily designed and often poorly constructed, and whole swaths of Tokyo proper have been swept away to make room for more modern, safer structures. But true appreciation for architecture has never really caught on, and when it has--with the exception of castles and shrines/temples, of which there are always devotees--it's almost always been for a handful of the same post-war structures that gave a handful of Japanese architects a place on the global stage. But that's no guarantee of protection, nor is age or international outcry. <br/><br/>I have no recommendation for a hotel lobby that might replace the Okura as a refined, dramatic place to sit and people-watch. The new Andaz (a Hyatt brand) in the Toranomon Hills complex is said to be very nice, though I've not been, and the spacious lobby cafe of the Imperial Hotel, while very much showing its age, has a certain mid-century elegance left that tugs at some. But the Okura, truly, is irreplaceable.",0.9352
15,"Thank you, Mayor Walsh and Governor Baker for the respect you have shown the Boston resident, voter and tax payer. The care taken by our political leaders has saved us the awful fate of other recent host cities and protected us all from the ego-centric, self-involved machinations of a pack of real estate developers with no apparent sincere concern for honesty, thoroughness or the voter's perspective.",0.9349
16,"Property managers for vacation rentals are nothing new.  I've used a local property management company for vacation rentals for years.  Unless you are in the area when the house is rented, you need someone responsible to respond when issues arise.  And issues do arise.  Leaks and broken locks, a/c that doesn't work, etc etc .  I pay 20 % if the property manager gets the booking and 15% if I do.  I use AirBnB and pay them an additional 3%. I'm happy to pay for the peace of mind of knowing my property and my guests are well taken care of.  And the 5 star ratings are the reward - which, of course, are critical to continuing to attract renters!",0.9286
17,"I recall reading about ""maternity tourism""(very funny) in John Motley's History of the Dutch Republic, of course this was about babies being born in a few of the free cities of the Spanish Nertherlands circa 1450. At the time, certain people, being born in such cities , were actually  protected by written laws which the townspeople had purchased from impecunious noble who held the land and needed the money. Often, rights to self governance and rights to trial by jury and freedom of ""conscience"" might thus  be garnered simply by having a baby born in one of these  Dutch cities and not in the country or a Belgian or Flemish town.<br/>   Of course, Motley then goes on to describe the hundreds of years of bloody war and Catholic Inquisition(s), to crush the rights of the Dutch,(and English).<br/>But women and families  have often made heroic voyages and journeys to try and obtain better lives for their children.",0.9274
18,"So glad this young man got out safely. I can only imagine what his mother was going through.<br/>But safety issues aside, there are those of us who actually prefer the anonymity of a hotel. I love to be on my own in another city, yet to know that my needs will be attended to by people whose job it is to so.",0.9259
19,"From what I've read, the Kailua Board of Selectmen requested to the state of Hawaii Tourism Bureau to STOP advertising and no longer promote their beautiful town. This is because there is no longer any room at the inn, (so to speak), for the year round, necessary workers-teachers, firefighters, EMTs and the like. I think the 30 day minimum rental agreement is a good idea, hope it works out well for all you kama'ainas.",0.9147
20,"What landlords ""make out like bandits""?? You have access to their balance sheets?  Rich landlords don't own many rent stabilized/controlled units.  Many of these buildings are owned by immigrants who came to this country and saved up money working multiple jobs and were able to buy a property (sometimes with friends and families).  Those buildings are their pension/401k/inheritance for their children.",0.9107
21,"Seriously de Blasio? Removing the plazas is your great idea? This city regulates hot dog vendors, street vendors, and every other vendor, why don't you just regulate the costume characters? How is allowing traffic back into that area going to help anything, especially your safety vision? Sometimes I wonder how we voted this guy in...",0.9082
22,Who needs the Great Wall when Mr. XI is building and fortifying his Great (Fire) Wall of China :),0.9042
23,"The article doesn't really clarify what is meant by ""public nudity"".  To those of us aware of the long lived nudist movement, the meaning here is obviously in the presence of of other nudists where nudity is not prohibited.<br/><br/>It is an article primarily for entertainment value and it peaked your interest enough to coax a comment so it must be succeeding.  ",0.886
24,"The boom of Michigan shore towns like Holland, Grand Haven, Traverse City, Charlevoix, and Harbor Springs over the last decade has been a sight to see. Wealth from Chicago, the South, and even New York--including Chef Mario Batali, who purchased a summer home in Leelanau County--has really helped an otherwise stagnant Michigan economy. Taking a long summer holiday (at least) for some r&amp;r at the family cottage is a tradition I will also instill in my children, who will be raised in 750 miles away in the Beltway. Lake Michigan is just a magical place.",0.886
25,"Ah yes, back to the days of the Dinkins administration, which de Blasio worked in and so admired.  Once again we have a nice guy, who is completely ineffective.  He has set up his wife as part of that administration and she in turn brought in friends who were overpaid and involved in scandalous relationships and here we go again.  And meanwhile the mayor is gallivanting around the country talking about how special he is.  We've seen this movie before.",0.8846
26,"That is amusing, but I think the same conversation is held in Manhattan, Los Angeles, Omaha, and anywhere else two economically comfortable women have conversations.  Having $600 to buy a bicycle is quite a privilege.  Spending $600 on a bicycle or a purse or a night in your city's fanciest hotel is a choice that only people with $600 leftover after rent and groceries food can make.  ",0.8732
27,"Saundra:  while your suggestion is not only sound, but also logical, it defies what HUD wants to do -- and that is to integrate the country, perhaps artificially, by making these vouchers available.  I live in Westchester County NY, where there is now an edict that all towns have ""affordable housing.""  I don't know what that means in dollar terms, but I know that everyone's responsible now, for creating some percentage of  new housing at some dollar value.<br/><br/>the point is, really, that people tend to live with those they have some common interests, economics, etc., and so this is all a ""force feed"".  There's something to be said for, ""Birds of a feather flock together.""  Well, you get the drift.  ",0.872
28,"The Mayor's best response would be to resign. A redux of D. Dinkins is afoot and with it will be a drop in tourism and development along that begets shrinking tax receipts to keep NYC's ""entitled class"" in their free knickers and cell phones.  I'd even vote for ""The Donald"" to rescue us from impending decline!",0.8655
29,"I grew up in a place where a lot of people flaunted their wealth so this isn't all that unfamiliar to me.  It was New Jersey, after all.  It just had a different veneer to it.<br/><br/>But there was another whole group--many of whom in those days lived on the upper east side and the North Shore of Long Island who made a fetish out of not spending money on crass stuff like handbags and expensive clothes.  Sailboats, yes; new furniture rarely.  And you inherited the good stuff: silver, paintings, etc.  A friend of mine who grew up in the midwest rented a coach house on another friend's family estate.  Nothing in that house had been updated since the house was built in the early years of the twentieth century including things like the kitchen stove.  The furniture dripped threads and stuffing.  The attic was a historical museum of long ago debutante dresses.  The mattresses were worn out and the beds squeaked.  The plumbing was dubious and the hot water heater small.  The friend who lived there was clothed by the famous couture house of LLBean.  My midwestern friend was sure that this family was on their last legs financially until the owners decamped to their winter home in Palm Beach and her job was to collect the mail--which consisted almost entirely of dividend checks.  It was an introduction to a world that seems to have disappeared entirely.   But who knows, there might still be a few of those folks on the upper east side.  And that house was just recently put on the market.",0.8608
30,"Yes!  The Museum of Naive Art is unusual and of high quality.  We were in Croatia about three weeks ago for -- yes -- 36 hours.  Unfortunately, it rained and rained.  So the museums and cafes were our salvation.  A lovely, friendly place.",0.8478
31,I think the mayor is beginning to see that governing the most complex city in the world takes a little more than a cute commercial with his kid in it. If you cross people they remember. If they can they will push you aside. The governor is holding a much better hand than the mayor. Doubling down probably isn't the right call. ,0.8448
32,"Nice. I grew up in The Heights during the 50s and 60s. The bridge and the tower (when it gonged, it was time to go home for dinner) were mainstays of our lives. <br/><br/>Happy to know another generation of New Yorkers and Bronxites will get to enjoy these marvels",0.8402
33,Mayor de Blasio is a smart guy. For the moment he is not acting like a smart guy. This childlike sandbox dispute has seemingly no definable goal. The smart guy mayor might consider purposeful positive proposals to benefit the people of New York.,0.8267
34,"The piece provides an excellent example of  a denizen of the ivory tower getting lathered up over an issue of virtually no importance. This is somewhat worse than the trivia buff who corrects benign misconceptions in our statements. His message is that those few among us who draw some inspiration from an 800 plus year old document should cease and desist. I Would submit that if the world is even a slightly better place as a result of the distortion of this particular historical record, then we should indulge ourselves a little morsel of ignorance",0.8055
35,Cuomo is the worst kind of democrat. Schneiderman is the best kind. I really hope he runs and restores progressive integrity to Albany as governor.,0.796
36,"Great point, the billions spent on a wall across the U.S. /Mx border would be better spent on moving water from areas that have to much water to areas that have to little",0.7906
37,"Recently while surfing, I came across a souvenir booklet dating from the early 20th century. Some of the ads in it were from paint companies extolling the qualities of their lead paint, each bragging how they used nothing but the purest lead in their paint. They suggested you paint your kitchen and dining room floors with it 'cause it was so hard and easy to clean - you could eat off it!",0.7775
38,"Mis suegros (my in-laws) came from Galicia and Asturias, and were part of the Spanish community in Bayonne, New Jersey from about 1920 to the 1970s.  My father make a very humble and totally delicious tortilla, and I wish I'd paid more attention to how he did it.",0.7713
39,"Growing up as a black kid in Brooklyn, NY in the 80's I used to go to Coney Island as a kid regularly. we loved the beach but none of our friends ever wanted to go. When we invited them they would react like it was a foreign land even though it was a quick train ride from our neighborhood. People of all backgrounds shared the beach and I cannot recall any issues. I do however remember visiting family in South Carolina when I was 11 and how a white lady did not let her child into the pool at our hotel until we got out.  That memory stuck with me I guess because to that point I had never been made to feel like I was less than someone else because of my color.",0.7628
40,Just curious whether Mayor Bloomberg knew about the existence of three quarter houses. My heart goes out to the people who have to live there at the mercy of owners like Baumblit.,0.743
41,My wife and I were in Paris in 2002 and there were no locks (that I remember) on the Pont des Arts.  The bridge itself was beautiful and the view from it in either direction was romantic.  Glad i never saw it covered by those ugly and stupid locks. The bridge will be and was better and so much more romantic without them.,0.743
42,"Justice Holmes--  If you believe that Whole Foods thinks it ""has obligations to its customers,"" then I have a large bridge connecting Manhattan and Brooklyn that I'd like to sell you--cheap!",0.7345
43,Hopefully this concept one day comes to Manhattan. Nothing worse than coming out of a fancy restaurant and being greeted by a huge stinky pile of garbage on the street.,0.7314
44,"Well, speaking from Chicago ... and I support airport improvements so we are only 20 years behind Europeans ...<br/><br/>Beware about ""about $4 billion ...""<br/><br/>And watch out for the noise about the noise.",0.7269
45,"For seven adults, a rent of $1000 a month, or $143 a person, is basically 'free' rent.<br/><br/>And since there are now three generations in housing subsidized by the taxpayers, safe to assume than none of them has any interest in 'bettering themselves'.",0.7096
46,"One time, I found two chairs (some of the wicker was broken) among trash on curb waiting to be picked up. I brought them back, clean them up, and realized the chairs were quite nice looking. I took pictures of them and brought them to nearby antique shop whose owner immediately offered to buy them from me for $150 each (even if it's broken) since they were antiques from the 19th century.<br/><br/>So, should I knock on the door of that neighbors three doors down, and give them half of the money for selling the trash they threw out? You bet I won't. ",0.6997
47,The city of San Diego needs the Chargers like a fish needs a bicycle. <br/><br/>The Spanos are real estate developers. Their goals are to make money. They could care less about this community. Let them go.,0.6908
48,"When I lived in NYC there were hundreds just like him in places like Rye, Larchmont, and Harrison.  You're living in a glass house, and throwing stones. No thanks.",0.6908
49,"Bravo to these three brave Americans. As for their ""casual touch"" I doubt they packed tuxedoes to trek through Amsterdam, Paris and Barcelona. Besides it's always better to be underdressed then overdressed. ",0.6808
50,"We may want to live in Bedford Falls, but it's fun to sneak over to Pottersville every now and then.",0.6808
51,"""The exercise was only conducted after extensive planning with the local communities involved, and after obtaining easements for use of private property."" I have to think they must have failed to do this. How else would the local people be so uninformed about what is planned? Did they coordinate with the police departments in towns where troop units are going to be operating? We don't have parachute drops anymore, but there should be some large-scale helicopter-borne assaults -- did they get prior permission from the owners of the fields they expect to use? It sure sounds like they didn't. Actually, the lack of wide-spread publicity seems odd. Why haven't they been sending teams out to talk to people? They have plenty of money to spend on the major networks to sneak propaganda into regular news shows. Seems like they could have spent a little to whip up enthusiasm. Why haven't they?",0.676
52,"Streetscapes was one of the finest columns in the Times. Absolutely the NYT should bring it back. I believe Mr, Gray retired. If so, there has to be another writer as deeply informed, indeed, in love with, NYC's history of buildings and the people who built, lived and worked in them. Bring back Streetscapes!",0.6696
53,"@American girl:  You ask why we are not given a voice now?  I ask why we were not given a voice back when these plazas were created in the first place!  Bloomberg decided we'd have plazas, and so there they are.<br/><br/>As for cleaning up Times Square, that credit goes to Giuliani.  Times Square can be (relatively) clean &amp; safe, but plazas are not necessary for that, as was proven between when Giuliani was mayor and when Bloomberg foisted all these plazas on us.",0.6588
54,"I can hardly think of a more middle class, 'bourgeois' society than the Dutch. But it's nothing to see a young couple walking down the street smoking a joint, with no one, not even grandma, batting an eyelash. That same behavior will make that peaceful couple criminals in the United States, and will put them in jail, in many states for an extended period.<br/><br/>Here in Europe there are countless public places where people congregate in public without any clothes on: beaches, public pools, recreational areas, etc, without anyone taking notice, without even grandma batting an eyelash. Again, in the US, this would put you in jail.<br/><br/>A woman not covering her entire body in a black sack with her face fully covered will put her in jail in many countries of the world, she too would be considered a criminal in the eyes of society.<br/><br/>I know how a liberal *should* react to these cases, but what would Mr. Douthat say to them? We are fully in the realm of consent, why shouldn't someone be able freely sit on a park bench in Boston and smoke a joint? Why shouldn't a mother be permitted to let her children play without clothes at a Boston area beach? You can give your answer to that Dutch woman who unknowingly let her children do just that last summer and was immediately pounced upon by the police...",0.6586
55,"All these decades, I thought New York City was the world capital of sophistication with at least a win, place, or show in tolerance, if not blasé indifference to eccentricity. I guess the Hon. Mayor has run out of problems to solve.",0.6426
56,"I absolutely agree. For most people, the move to AL is a huge move downward in comfort, privacy and the dignity of having your possessions around you -- furniture or memorabilia.<br/><br/>I find the idea of never being alone -- of being surrounded 24/7 with aides who speak to me as if I were a stupid child -- unbearable. I'd rather die in my own home, thank you.",0.6408
57,Best NY / NJ connection: Frank Sinatra. The Jersey boy sang the quintessential song about our city.,0.6369
58,Ahem--I happen to live in the area policed by the 101st Prescient so this is hardly news to me.  Rockaway has so many problems that I don't even know where to begin. From Memorial Day and Labor Day everyone loves Rockaway and then we're ignored for nine long months.  There's no large shopping mall out here where these aimless kids can get part time jobs which would keep them out of trouble.  Our public transportation system is a nightmare--from Rockaway to almost anywhere is a long two hour schlep.  The only bright spot is that the Peninsula Public Library is finally re-opening 3 years after Hurricane Sandy almost demolished the peninsula.  Our local politicians are impotent  useless idiots. Our schools are underfunded because every penny they were to receive was diverted by Control Freak Bloomberg to Eva Moskowsitz.  We've complained and complained but our pleas for any kind of assistance from City Hall fall on deaf ears.  Mayors come and go and no one cares.  Rockaway is cut off from the rest of the city thanks to our quirky geography!!!  All I can say is HELP!!!!!!    But I'm not holding my breath because we won't be getting any help from anyone anytime soon!!!!! The only job to cops have is to make sure us locals behave and keep us in line.,0.6344
59,"This wonderful article gives me an opportunity to voice a pet peeve of mine. Zagreb is significantly enough located in Europe that its temperature deserves a place in the NYT International Weather Table. It does not have the same temp/conditions as Rome or Berlin or Athens or Geneva, obviously. Besides, wouldn't it be nice to have a city whose name begins with the letter ""Z""? ",0.6331
60,"Can anyone actually name a Port Authority project that was built on time or on budget? You can't because there is no such project. The agency is famous for cost overruns, mismanagement and patronage.<br/><br/>Take for example another little project, the new World Trade Center Transit station by architect Santiago Calatrava which doubled in price from $2B to $4B in one fell swoop. How did they deal with the increase? A shrug of the shoulders and a fare increase on bridge and tunnel crossing and PATH fares. <br/><br/>I guarantee that the minute this project begins, the ""secret sauce"" will the gravy train of overtime and patronage that plagues every PA project. ",0.6199
61,"I, too, miss NYC, where I lived in P.S. Brooklyn and worked downtown first on Wall St., then recruited by the Office of the City Comptroller for a ""special office"". Anyway, what was Friday morning without discussions of the previous night's episode of ""Seinfeld"" and our favorite quotes from the show? <br/><br/>I moved back to SoCal (an LA suburb) after 16 fun years in NY, and I do miss it dearly. I especially hate that I can't just walk a few blocks and hop a train anywhere in the City!",0.6122
62,"Code enforcement is a real issue with the Buildings Dept. How is it that the city allows landlords to let their properties rot away with no maintenance issues. DOB fines the buildings and that's it.  City needs to do better enforcement where you get 3 fines and you are out. Building is taken away and either given to a good nonprofit to run like Broadway Housing or city takes it over. This way housing is maintained. Problem is there are shrills of organizations like CHIP who do nothing daily, but call themselves Community Housing Improvement, but they are not improving anyones housing situation. ",0.6062
63,"I am both amused and appalled that the ad that appears on my screen adjacent to Chandran Nair's essay exhorting Asia to consume less for the good of the future is for ""985 5th Avenue. Luxury Apartments With Spectacular Views."" Is the juxtaposition comedy or tragedy?<br/><br/>Maybe it isn't Asia that needs to adjust its model of consumption.",0.6041
64,"Yes, I agree. The US would do well learning from the leading Infrastructure India has that reduces consumption.  I recall consumption was very low, especially in most area's outside of the main city, especially in rural area's.",0.6003
65,"Ever live in Boston? I did, and still miss it. It's a great (though not exactly cheap) town, rather reminiscent of London on a smaller scale (albeit driving on the other side of the street), but no place to try to navigate if you're in a hurry. (And so full of great places for your mind, soul and stomach, why would you WANT to be?) But it IS loaded with very bright, highly educated people, which is why the opposition to the Olympics. Imposing such massive expense and worse traffic on a city that's hardly designed for it (Really one of its best features, when you think about it) frankly ought to be considered a violation of the Eighth Amendment to the U.S. Constitution - as in 'cruel and unusual punishment'.",0.5926
66,"Come on down the Penn Station area.<br/><br/>Never ""Disneyland"", it is now so much worse - a literal open air drug addict playground.  You have to step over countless heroin users on the way to the office.<br/>The thing is , these usually white, usually tattooed, clearly high, often with dogs or cats are NOT FROM NEW YORK - they don't vote.<br/>BDB could score some easy points with the majority of New Yorkers who value an orderly and safe streetscape - as we had gotten used to for 20 years, by informing the existing laws against panhandling, sleeping on streets, deficating, copulating in public, etc. - OR , how about those dogs? they are not licensed. Anyone else would get a ticket.<br/><br/>Nope, they use it to push for yet even more  so called affordable - i.e. subsidized - housing. Even those these folks were never housed in New York.  We as a City cannot fix the country's problems.  We already take care of our own (more then any other place in US - we are court ordered to house everyone who asks). We simply cannot afford this to continue.",0.5888
67,I recently returned from Esalen in Big Sur CA. Amazing place that offers various workshops year-round.,0.5859
68,"Your assumption that all homeless do not work is so wrong and misguided, and those who don't work are in grade school or high school (or maybe children should work as well).  Di Blasio can only create jobs by increasing the city payroll which I don't think is a logical answer.<br/><br/>The big reason for homeless is the lack of affordable housing.  For the past 3 decades we have had mayors and governors who gave huge tax incentives to developers who build luxury housing (maybe a few apartments at 'market' rent).  At the same time you saw huge growth of the private homeless shelters who can skirt state and local laws and put up shelters in residential neighborhoods without community approval.  BRC run by Muzzy Rosenblat has seen its business balloon and all the money comes from city, state and federal coffers.  This money instead should have gone to building and securing cheap rental housing.<br/><br/>The reality is that even at $15/hour let alone minimum wage of $7.50, there are fewer and fewer places in NYC where that wage can support the rent for even a studio let alone a one bedroom.  Jobs are not the critical issue, housing is.",0.5743
69,"But is it a better place to live? I lived there until 2004 and it had no economy other than that focused on tourist-based services, which doesn't pay well. I recall seeing a job advertised there that required a PhD in chemistry, but it only paid $35K.",0.568
70,"So, should we tear down Grand Central and replace it with rabbit warrens too?<br/><br/>There's more to life than miserable overcrowded subterranean spaces. Have you never been to Grand Central and noticed what a pleasure it is to be there? How one no longer feels hemmed in by the crowd?<br/><br/>We have architecture critics for a reason and this is one of them.",0.5632
71,"as a true democrat, I am disgusted with De Blasio,  like<br/>Dinkins he is enabling the entitlement mentality and handing the city back to the Republicans, unless he faces a strong opponent in the Democratic primary, we are going to be stuck with a Republican mayor,  Dinkins handed the city to Guiliani with his support of the drug dealer in Washington Heights and his lack of support for the Korean Grocery Store in Flatbush,  We were stuck with the dictatorial mayors of Guiliani and Bloomberg for twenty years, now this  Democrat is doing the same thing,  He has not supported the police, and is bending over backwards to support the entitlement mentality",0.5481
72,"So, the city of Birmingham and its civic leaders are prepared to come up with $30 million now (and who knows how much later) to save a football tradition that never existed in the first place.  This would suggest that the city has no other needs that might benefit from a $30 million infusion - schools, infrastructure, housing, crime prevention, just to mention a few items that seem to be troubling most American cities.  Congratulations to Birmingham!",0.5197
73,"There's no especially clear definition of town, much less small town, but generally it would be fair to say, ""bigger than a village, smaller than a city."" Except not always.<br/>===============<br/>You could listen to the residents of how they self-define, how the municipality is incorporated.  You could consider governing districts differ, and how they differ, by a comparative look at Illinois, in the MIdwest, and Connecticut, out East.  Consider too, how these areas were developed and incoporated, and why they self identify in different ways.  What those words mean, on the ground governing, so to speak.<br/>I don't think the reader was over-correcting so much as pointing out a nuance:  Yorkville is not a small town.<br/><br/>Also, your final line was uncalled for.  Put your guns away, pardner.",0.51
74,"If you take out the Yankees, the New York Metropolitan area, in terms of team years w/out championships, may place in this catergory",0.4939
75,"I have one even better, in my town, the mayor refers to gangs as "" loosely affiliated neighborhood associations"" ! ",0.4926
76,Apparently developers aren't concerned about cooling towers.  As a result the DeBlasio administration isn't either. <br/><br/>The mayor seems more interested in criscrossing the nation and the world rather than taking care of the humans in New York.  I guess New Yorkers just don't understand how important it is that he maintains an international presecence  while the City turns toxic.   New Yorkers are so demanding. ,0.4784
77,"Really???? I'm a New Yorker for 40 years and I won't go near Times Square. I know many other resident New Yorkers who won't either. Times Square was once a beautiful place. Now it's Disneyland on acid. If you want a Disneyland in NYC, then build one! Don't bring back the hustlers from 8th Ave. and the old Meat-Packing District. This is not a public square-it is one big mess. Never did I think I'd  be with Bratton on anything, but I'm with him  on this one.",0.477
78,"yeah, me too. I keep wondering why I heard all those gunshots when I lived in Chicago.  No respect.",0.4767
79,"who is the ""you""?  The city people or the rural people?  Oh, it must be the city people because they hate freedom, which the rural people embrace as true, red blooded Americans against all odds.  What tired stereotyping. ",0.4696
80,"I don't really understand the plazas in the first place, since it seems that they just create a more confused flow of foot traffic, but it seems like they should be able to maintain them while still regulating performers, pamphleteers and the rest.  ",0.4595
81,"Every single person in this comments section (which is a lot) wouldn't react well if the migrants were crawling through *their* back yard or living in their neighborhood or next door to *their* house. No, most of them live comfortably in majority white, wealthier neighborhoods. Typical. ",0.4563
82,That's funny. In NY we have lots of people WITH jobs who are homeless. ,0.4404
83,"It's not nearly as bad as it used to be. Now there's a Starbuck's on every corner, and they are NYC's public restrooms.",0.431
84,"If I read the article right, she could have lived in the apartment she wanted if she had saved two months rent.  That's the simplest point.",0.4215
85,"If there is home rule, then let it be for all. New York City should not tell the counties north of it how to manage its land. NYC wants the freedom of home rule while denying home rule elsewhere in the state. ",0.4215
86,"you mention malibu.  it is a circus up the coast from where i live.  i mecca of overpriced clothing, jewelry and lifestyle stores whose only customers are the very wealthy locals who live on or near the beach.  the old time-y malibu denizens have to all the way to the valley to shop for reasonably priced items. ",0.4201
87,"House of ""cadres"" more like",0.4201
88,"Where is this booming real estate region where the buyers ""simply want a place to live?"" It doesn't exist in SF. Buyers want to be landlords and rent to leech off of others; want to stash cash in US investments; want to buy an American dream for themselves; want to buy their way into citizenship; etc. <br/><br/>You don't have a reasonable chance when global money (corrupt or otherwise) is buying in your local neighborhood.",0.4137
89,"It's interesting to me that as Los Angeles, in particular, and California, in general, sees its 3rd World residents gain more and more political/economic clout.....the city and the state morph more and more into a 3rd world environment of Rich vs Poor, PoliceState, garbage laden streets and poor environmental quality.<br/>Somehow, the undertone of the commentary always manages to place the blame for this situation at the feet of the white residents that are now abandonning the area..........<br/>Never do we consider that we failled to indoctrinate the flood of ""3rd world"" people into America.....these ""immigrants"" steadfastly cling to old folkways which are largely responsible for making their old homelands the h#ll-holes they supposedly sought to escape.",0.4019
90,"Israel is between a rock and a hard place, and the ONLY answer going forward is federation, not isolationism and war.<br/><br/>Israel might just as well be a well of neighborhood in Baltimore or Newark.   The cops alone aren't going to 'fix' the neighborhood by cracking down on the misled, malcontent, and ideologically polarized majority that inhabits the surrounds.<br/><br/>The lightening bolts from God (or from his chosen surrogates) are just not coming.   Unpalatable as it is, Obama is offering the only rational answer.",0.3826
91,"Outside the University of Oregon, Eugene and Lane County are not thriving.  Much of Oregon is in the same situation.  No rough-and-tumble jobs remain for locals after the lumber industry crash, the Twin Towers crash, the banking crash, and the service jobs that cared for the needs of those employed in the logging industries have dried up, too.  And when folks arrive in Portland looking for opportunity, we've got very little to offer AND we're in the midst of a housing crisis.  But it's beautiful here...and very hip.",0.3506
92,"And that is why I am leaving, my whole extended family actually. How many more mornings do I wake to a yellow haze that smells like ammonia hanging over the swamp that I live in? It was a beautiful place 35 years ago but the roads have deteriorated to the point that they are now basically one lane and my neighbors vote NO for every single tax to fix anything. Well, that is how they want to live, they vote for the crookedest politicians on earth, they can have it. ",0.3401
93,""" It is clearly a political and not a legal decision. ""<br/><br/>City of Arlington v. FCC says that you don't know what you're talking about.",0.3248
94,David - I live in Oregon. Tattoos abound. We don't stereotype out here. Why are you? Or is that just a Chicago thing? ,0.323
95,"Your last sentence sounds like something Yogi would say.  Except there is a difference between back office jobs and a ""center"".  All the emerging world centers of finance are expensive.  Don't confuse the two.  Look at Silicon Valley.  It's just as expensive.  Computer chips are not made there as before but it is still the tech center by far.  Not even close.  Jobs can be anywhere - but not everyone wants to be just anywhere.  Places don't arbitrarily become expensive.",0.3034
96,Okay. I may need to amend my comment.<br/><br/>The story suggests that Ms. Fernandez was told that she would be moved to a new apartment at a given date and that she had a short period of time to pack and prepare.  That date came and went without her being moved.  <br/><br/>The piles of clothing and furniture may well be the family's belongings that were prepared for the moving day that never came.  If that is the case then I owe Ms. Fernandez an apology.<br/><br/>The condition of the kitchen and its obvious contribution to the roach problem is another story altogether.,0.296
97,"Ok, it's official: the progressive movement in America has officially jumped the shark<br/><br/>From Politico<br/><br/>""President Barack Obama’s staff and visitors now have the option of using a gender-neutral restroom, a White House spokesman said Wednesday — the latest in a series of symbolic steps the Obama administration has taken to work the priorities of the LGBT community into its broader themes of inclusiveness and tolerance.<br/><br/>The newly designated restroom is an example of how the administration has been advancing the discussion by raising the profile of transgender issues, an area of debate that is especially hotly contested right now. The restroom will be located in the Eisenhower Executive Office Building, where much of the White House staff works.",0.296
98,"I was extremely fortunate to have my dad build a summer cabin in Les Cheneaux, just east of Lake Michigan on Lake Huron in the UP, the year I was born. I have been there every year since. I have crossed the Mackinac Bridge probably 200 times, and still find each crossing to be an absolute thrill. It's too bad that the author didn't suggest leaving on the ferry to Mackinac Island from St. Ignace instead of Mackinaw City, as the view from the Bridge (going north), overlooking Lake Huron (and Mackinac Island) on the right and Lake Michigan on the left is unparalleled. Then, from a lakefront hotel or restaurant/bar on the island, you can view the Bridge in all her majesty, and hardly believe that it even exists, and you just drove over it.",0.2944
99,"I'm not sure if you were joking or not, but there are indeed at least a few of us who have always found distasteful the statues of stern appearing men on horseback with their weapons, and other grandiose stone behemoths glorifying past wars. in my world these are almost always eyesores, blights on the landscape in otherwise beautiful green spaces.",0.289
100,"It remained ""the colored beach"" well into the middle of the 1960's.  My first job was in the pavillion on the Ocean Grove side and I saw that segregation firsthand.  It wasn't until I went away to college that it began to change as African Americans started to use the First Avenue Beach on the other side of the pavillions.  During those same years, the business owners on the boardwalk only hired white teenagers to work there.  ",0.2732
101,"Agreed. This ""show"" belongs off off Broadway in the east village. Maybe even Queens.",0.2732
102,"Well, at least they know how to build one.",0.2732
103,"The length of the US-Mexico border is roughly equivalent to the distance between NYC and Denver. How will you build, maintain, and effectively patrol such a barrier? Trump is not offering a solution, just hot air. A wall will never solve this problem, no matter how high or deep. It's more complex than that...sorry but it's true. ",0.2525
104,"John you've hit the nail on the head - it's as if you've been there.  And I should know because I have to travel to that area once a month.  Its a place where an conservative orothdox community that is trying to take over the area through super-high birth rates, migration, economic force and every other tool at their disposal lives right up against what is left of a secular community - poor blacks and hispanics - everyone else has moved out.  And one way they are trying to force the remaining non-Hasidics out is to bludgeon the school district. Look up some of the meetings on youtube and watch a great program on PBS - it's a real eye opener.",0.25
105,"I left Staten Island in 2010, vowing not to return to NYC until the police state was gone. The behavior, and body language of the police were enough for me.<br/>These were not the police I grew up with. This was an occupying army.<br/><br/>Many of my friends became policeman, all have retired.<br/>I know NYC was traumatized from 9/11 and I know they have to protect all that money flowing into Manhattan, but come on guys, lighten up.",0.25
106,"In too many of our communities, the problem is that rich communities are zoning to get more mcmansions to get more tax dollars. This needs to be fixed with state-level legislation, not with federal buearacrats using court rulings to force a one-size fits all mentality onto small towns. ",0.2263
107,"Andrew Cuomo instead of Mario Cuomo and now New Schumer instead of True Schumer. I haven't moved, but I feel I am in a different state.",0.2263
108,"Cuomo wants the pledged $100mn to be spent on improving ""playground equipment and on landscaping"" whereas the Housing Authority wants to use the funds to carry out critical roof repairs. <br/><br/>Hey Cuomo, if your roof is crumbling, what use is attractive landscaping, and fancy equipment on playground, huh?<br/><br/>I am not a big fan of De Blasio but Cuomo's office appears to be acting childishly here.",0.2189
109,"For whatever it is worth, in our condo the owner non-occupants of one or two apartments seem even less willing to engage in building management.  (I am a resident owner and condo board member.)  Of course in this neighborhood they probably figure they can always get another tenant.  Another  consideration is whether the non-res owner either wants to be able to raise the rent a lot (rent control and in some cases rent stab) or move into the apartment themselves if it becomes vacant.  The latter of course cuts two ways re services.",0.2111
110,"Hopefully the reporter stopped at red lights.....<br/>Unfortunately it appears that most cyclists in Manhattan, particularly in East Village and Greenwich Village, go through red lights and seem oblivious to pedestrians. ",0.2023
111,"I spent a couple of days in downtown Los Angeles this spring and it was heartbreaking to see how people are living. To me, Mayor Garcetti's assertion that the people living on the streets ""are [his] people ... our fellow brothers and sisters"" is very important. Mainstream America typically adopts an us/them attitude when talking about homeless and other poor people. Recognizing that they ARE US, and that like all of us, their conditions of existence are the result of how our society is organized, makes clear the moral (golden rule) imperative in addressing the issues manifest in Skid Row LA is a deep thinking about just that: how our society is organized.",0.2006
112,"So, because Wall Street corporate titans have billion, let's make the guy who scrimped and saved to buy a small building suffer with zero percent rent increases from his tenants paying 25% of market value. . .  that have beach houses.",0.1779
113,"I visited LA last week on business and had a rental car and some time to spare.  So I drove around in the to see what was up since I lived in LA 25 years ago.  I was shocked at what I saw. Even strong middle class enclaves in and around mid Wilshire, Fairfax, La Brea were now in tatters.  On the edges of downtown I saw the same thing but downtown LA itself was glittering. This is not sustainable in the long run.",0.128
114,My family's apartment in the projects had three bedrooms.  There were four kids. They rooms were tiny and housing authority construction is cheap and mean.,0.0772
115,"The US missed this ""opportunity"" because we are building, and upgrading, our own nuclear stores.  So, at least not being hypocritical on that score, I guess.",0.0721
116,The Chinese and  and their democratic bourgeois counter parts thought communism was their ally. They were sadly mistaken... Welcome to the new world order yuppie filth.,0.0516
117,"You are quite right.  We should also add France for that matter.  The immigrants don't really want to integrate, they'd rather bring in and impose their their own culture and religion and create new ghettoes.  Strangely enough it is not what Europe really wants.  Tourists to France and Paris should venture a bit more than just the Eiffel Tower or the Champs Elysées.  ",0.0416
118,"As a former structural engineer, I think it's important to mention that the added load of the locks is quite significant. Even if it is periodically reduced, having excess weight on the bridge continuously will reduce its lifespan. I'm not OK with tourists contributing to the destruction of a historic structure for fun. ",0.0162
119,None!  It's a de facto city state.  See Monaco or The Vatican.,0.0
120,"Whether subway tunnels or pneumatic trash tubes, the most wondrous worlds in New York City always seem to be underground.",0.0
121,The end of the old.<br/><br/>The beginning of the new.<br/><br/>Katrina,0.0
122,There are tiny conservative towns in Georgia that are NOT backward?,0.0
123,"How many East Indian state governors has the North?  How many black legislators, sheriffs, councilmen/women?<br/>I had rather have 6 weeks in Dixie than immortality in flyover NYC,  ",0.0
124,"""Histerically"". I see what you did there.",0.0
125,"""She works for the mortgage department at Bank of America and needs a voucher to live in a decent neighborhood??""<br/><br/>Probably because she has 4 kids.",0.0
126,"You still have time to go to the US Open. If I lived up there, I would!",0.0
127,How's your suggested policy working in Chicago?,0.0
128,Or have the passenger lie down. That could reduce the frontal area to only a couple square feet.,0.0
129,What do your neighbors need done?  Start there.,0.0
130,"I'm a local and I've been to (and can afford!) all the restaurants mentioned in the article. <br/><br/>That being said, I would not categorize Clancy's as a neighborhood restaurant, even though it's in a residential neighborhood. It's basically Galatoire's but Uptown.",0.0
131,you could buy several houses in Detroit for what a Shinola watch costs....,0.0
132,"I find it incredible with all that is now known about Hoover's misconduct and corruption that his name is still on the FBI building in Washington, DC.",0.0
133,And not signing it will do what? They will proceed to build it anyway,0.0
134,"Korea is not ""a cold country."" Seoul is at the same latitude as San Francisco and Washington DC.",0.0
135,"ABC did a whole segment from the tunnel (I can't remember if it was GMA or 20/20), but the reporter went from the bathroom down the steps, on the motorcycle and up the steps into the house. At least at some point, the government let reporters in, but they may have shut that down.",0.0
136,"So where do blacks with high ncomes live in this area?   If a black family making $300K a year, with $150k for a down payment, went to a real estate agent and asked to see houses in the $600-800K range, what houses would they be shown?",0.0
137,Been a Wisconsin resident and property owners fro 45 years.  You are absolutely correct.,0.0
138,"Allan, Miles owned the brownstone he lived in! ",0.0
139,You and I were visiting two different  Europes.,0.0
140,"Beachfront property, and there's nothing for the kids to do?",0.0
141,The Disneyfication of Times Square has now come full circle.  We are back where we started with porn.,0.0
142,And just where are those places?,0.0
143,another way for the city to make money ... just $40 for a cooling tower permit,0.0
144,Construction has begun!,0.0
145,"Well said, Elizabeth. The article is written in the tone of 1990 as if New Yorkers are hacking their way through the urban jungle to get to these places. They go in cars and they return in cars - point A to point B people. They wouldn't know how to get their on their own. With that kind of ""pioneer"" no place on the island is off-limits or edgy. I'm just waiting for the trolley service with the face of former mayors on the front grill instead of Mickey Mouse and Dumbo.",-0.0258
146,@NM - cars are a trivial expense compared to the costs of living in NYC.,-0.0258
147,"With all due respect, permission piece murals are not ""graffiti."" Graffiti is the criminal act of vandalism. What you're showing here is just public art, some of which happens to be made with spray paint. It only has a superficial connection to what Martha Cooper, for instance, photographed. ",-0.0772
148,Except Houston and Atlanta are both liberal cities. You too just stop. Reach across silos and parties and problem solve instead.,-0.0772
149,"What difference does it make if people can buy cheap junk from Walmart, If housing, energy and healthcare keep going up?  Not to mention food. It's the rent-seeking sector that drives down most people's standard of living. Your ten dollar DVD player isn't much good when the electricity gets turned off in your overpriced apartment.",-0.0788
150,"Love the ""lobby rats"" label. Every Senior Citizen apartment complex has them and can't figure out what to do with them. Sort of the modern town square.  As a annoying an as irritating as they can be at least their out of their apartments.  ",-0.1027
151,"So, when can ""we"" expect that Fed Funds rate rise that the market has been promised for the past year or so?<br/>After all, the U.S. economy is just cooking right along, no?<br/>Not like poor old Greece, outside of Puerto Rico and Detroit and Atlantic City and Chicago and a few thousand other cities.<br/>Do not hold your breath waiting for the Fed to blow up its own balance sheet. There is no exit...",-0.168
152,"I so wish I had any desire to go to Times Square. It is the boring old lady and the penny pincher in me that would rather stroll empty parts of Central Park, live in the Frick, and take tea at Neue Galerie. I can find tacky and dumb and overcrowded right here in the ATL. ",-0.1796
153,"I've been to france 20 times. my 19th visit last fall finally included provence after 10 days in spain which concluded in Barcelona and then on to provence. I think going in the second half of October is possibly the best time. still very warm and the crowds were manageable especially in arles and Carcassonne. avignon was busier but it's a bigger place. another claim to fame for arles is that it was the home of Jeanne calment who was the oldest person that ever lived or least who ever lived and had the documentation to prove it. she died, I believe, in 1997 at the age of 122+. she met van gogh when she was a child and, if I remember correctly, didn't have fond memories....",-0.2412
154,"As a child I wasn't  interested in most toys. I barely played with lifelike dolls. I only remember a few toys well: a few tiny troll dolls, my Miss Cookie's Kitchen Colorforms set (because then as now I liked organizing things), my pegboard ""town"" that had a townscape painted on it and little pegged wooden shapes to plug in to build a town in any configuration that struck my fancy, and my electric train I asked for around age 8. My son was similar. His favorite toys were knight figurines and a large wooden castle, large pieces of fabric (preferably shiny and stretchy), large cardboard blocks and stuffed or plastic animals.  He did not like Legos, cars and trucks, Brio trains, or building toys. These were all provided (as were dolls and a variety of toys) but we all gravitate toward what interests us the most. Buy used toys and if the kid doesn't take an interest, pass them on. ",-0.2544
155,"Jason, considering that the stack and pack apartments on transit lines have a low vacancy rate, isn't that the market at work?  ",-0.2732
156,"The inner city neighborhoods in Chicago need debt relief.  So do the rural communities in the deep South.  Hundreds of thousands of homeless people in Los Angeles and surrounding overcrowded West Coast towns need debt relief.<br/><br/>But Barack Obama will probably help Puerto Rico first because its part of his petty legacy grab, continues to overlook needy Black communities and advances the Obama WH narrative the poor Blacks and Whites do not matter.<br/><br/>Sure Puerto Rico needs debt relief.  But America needs Obama relief.<br/><br/>I cannot wait until 2016 so we can elect a decent, honest leader to fix what Barack Obama has broken.",-0.2846
157,Ron Heifetz and Marty Linski out of Harvard Business School write of the need for leaders to be fluid between being on the dance floor and on the balcony. The former is the place of being within the organization and part of it; the latter is the vantage point from which one gets a view of the whole. It sounds to me as if no one at the Times is making enough trips to the balcony. ,-0.296
158,"Our building, in Manhattan, has no Verizon. They keep saying it's coming. So is the Messiah.<br/><br/>Hey, Verizon, I won't live forever!",-0.3595
159,"Hopefull, Bernie can knock us off our Couches of Despair and into the streets once more!",-0.3802
160,"Julie's right.<br/><br/>As I say in another post here, the difference between the 1970s and today is that the city had many ""welfare hotels"" all over the city, and some in NJ, to place them in.  Not today.  Never mind ""homes;""  just getting a roof over their heads is now a problem.",-0.4019
161,The problem is NYC should be state and not part of NYS,-0.4019
162,"For all of us who want a single payer system, if we don't take to the streets nothing will change.  Taking to the streets will be the only way to bring change, and the inevitable desperation that will grow will eventually push us out there.  ",-0.4019
163,"We need more decent affordable rental housing.  There are plenty of families and people who cannot or do not want to own.  We also do not want to live 2 hours away from where we work.  We want to live near our families and friends.  However, in the metropolitan areas of the country what we see are luxury condos, co-ops, and McMansions being built.  Affordable housing is restricted to those barely making it by local standards which are way too low.  In many metro areas making 6 figures is not enough to rent or buy a decent place to live.  Older people move out, younger people can't move in unless their already financially stretched families help, and renters get squeezed until they are paying more than is healthy.<br/><br/>I would suggest that officials look at what landlords and real estate agents expect when it comes to rentals.  Real estate agents want a cut. Landlords want first and last month's rent.  They want a security deposit equal to a month's rent.  That's quite a bit of money no matter how much a person makes.  With the scarce supply of rental housing more and more middle and low income renters will wind up with no place to live.  However, this is America where making less than a decent salary is the norm so I suppose it doesn't matter as long as we aren't visible on the streets or backyards of the wealthy communities in which we work.",-0.4082
164,One would think that constantly Driving in traffic also enhances stress and the production of cortisol. The lesson: move to a quiet beach and live longer,-0.4215
165,"as a result of this article, the usual bashers of private enterprise will be responding in force.  the city gave out a contract. it failed to supervise. this is not an usual situation for a government entity.<br/><br/>""This case is another example why for profit organizations do not belong in the delivery of health care.""  david of ny<br/>to david:<br/>the federal government through the VHA  has failed in its mission to provide good health care for the armed force veterans of our country.<br/>would you expect a system run by government bureaucrats of the city  to do any better? the ny times has run expose'  of the scandal filled rikers island prison system run by the city.  would you say the city is the poster boy for delivery of services to the residents of new york city?",-0.4329
166,"Few immigrants will understand the styles of homes you are talking about. To understand style you have to understand architecture. To understand architecture you have to study it. For many immigrants these ugly monstrosities are beautiful mansion compared to where they lived in their native countries. I'm sure there was no architect involved but more like the contractor assumed the role and gathered whatever was available at the various building supply outlets. After a few years homes like these will look<br/>even worse. These are downright-hideous - a neighborhoods worst nightmare. There has to be, has to be, laws that prevent this from happening. Where are the politicians when you really need them?",-0.4443
167,"Thank God someone is holding back our leftist pro-crime Mayor.<br/>I'm all for Gov. Cuomo after he stopped Mayor DeBlasio from killing charter schools.  More, Gov., more!",-0.4574
168,"Well, actually, Tom, the poor have been rising up consistently since the LA riots of 1965, and including the LA riots of 1992, Fergussen, Baltimore, etc., etc.<br/><br/>You just didn't notice, because you live in a nice white neighborhood, where the police protect you.<br/><br/>Instead of harrassing you 24/7 and twice on Sunday.",-0.4939
169,"The San Remo gone. . . and with it, part of my heart. . . but not my sweet memories of a NYC that was. . . ",-0.4973
170,Because the 'fabric of the community in these places' is rotten to the core.,-0.5106
171,"The fight between downstate and upstate is bigger than the Governor and Mayor. Every year NYC sends 12 billion more dollars in taxes to Albany than it gets back in spending and services. While NYC can't afford to refurbish ancient schools or build new subway lines, Albany spends NYC's money upstate building brand-new buildings and infrastructure in counties with more deer than people. The NYC Council and the Mayor should seriously consider not sending more money to Albany than it gets back. That will get Upstate's attention.",-0.5106
172,"The zoning laws are obviously flawed and need to be changed.  Just as importantly, it's a very ugly, tacky house, regardless of the fact that it stands out like a sore thumb. The least Ms. Lee could have done is work with a decent architect to build a house that would not be an eyesore. It's almost like they tried to make it ugly on purpose.  ",-0.5245
173,"I did not take too much time ever to look at balconies but the photos of the balcony being taken away and loaded on a truck shows that it was<br/>totally decayed and a danger to our young people who innocently stood on it, conversing, socialising and totally unaware of any danger.<br/><br/>The pictures of the remains of the balcony supports show that they were totally decayed. You do not need to be a design engineer, a structural engineer nor an architect to see this. All you need are eyes.<br/><br/>In the past couple of days I have looked up at balconies on buildings here in Galway in the west of Ireland where the climate can be damp and similar to<br/>San Francisco. All the balconies that I have seen, are supported by steel T-beam girders.<br/><br/>The loss of six young lovely people has hurt us here in Ireland.<br/><br/>If we scale that loss to the USA population it would amount to around 350 young and lovely people too. <br/><br/>We are in mourning for them now. We have tears in our eyes for all the six lovely young people who died so tragically:<br/>Ashley Donohoe, Olivia Burke, Eimear Walsh, Eoghan Culligan, Niccolai Schuster and Lorcan Miller.<br/><br/>Lovely people, friends together who never got to experience all of life on our planet.<br/><br/>I did not know them personally, but now I know them. They were just great. <br/><br/>If you publish this it will lessen the insult (and more) that your article has caused us.",-0.5251
174,"Some people in the pedestrian plaza are causing problems so the answer is to get rid of all the people in the plazas? You might as well say some people in New York, the United States, the world are causing problems; let's get rid of all the people in New York, the U.S., the world.<br/><br/>That would work, in all cases, sure. It might, however, be just a teensy bit extreme. How about just focusing on the offending behavior, i.e. aggressive panhandling?",-0.5362
175,"I cannot understand why anyone on here would complain about freezing rents in the most expensive city in the US? So basically without rent stabilization, teachers, cops, doormen, dry cleaners, blue collar workers, artists, musicians, journalists and a list of hundreds of other professions who dont make six figures a year have no business living in Manhattan because they cant afford it. And then that trickles down to the businesses that cant afford the rents either and then they are pushed out by larger chains with more money, which is pretty much what Ive seen over the past 20 years. Exactly what kind of a city does that leave you with? No wonder Brooklyn has become a much hipper place to live.",-0.5362
176,Absolute blather<br/><br/>Sec 8 does NOT pay what it takes to live in middle class areas.<br/><br/>It only pays enough for minimal housing in a low-priced low income area.<br/><br/>YOu go live there<br/><br/>WHy should a landlord rent to a Sec 8 family - rent a property in a middle class white neighborhood - and take LOSS because of the mortgage (higher price) taxes (higher on more expensive property) and insurance (costs more for nicer homes?<br/><br/>Ssec 8  does N O T   pay enough to take families that are BELOW Federal Poverty Level (The couple with 3 illegitimate kids between them and one having the same 2 parents) and put them in a middle class largely white community,-0.5665
177,"Clinton? You mean DeWitt-Clinton, n'est-ce pas?<br/>It's still called ""Hell's-Kitchen"".  I dun't care how many of you Yuppie-Creeps move in, and destroy, it will always be the neighborhood.<br/>Oh ... nice job, Mr. Carcaterra.",-0.5702
178,In what world is it Cuomo's job to bring down a duly elected mayor? What a poisonous power-hungry governor he is.,-0.5719
179,"In my previous life as a stand up comic, I traveled to every major and secondary city in 49 of the 50 states. After living in the San Fernando Valley for 13 years -and now thankfully back in the suburbs of New York City- it was profoundly obvious that Los Angeles is far and away the most segregated city in America, both economically AND racially. The hypocritical leftists who have run L.A. at the local level as well as the region's congressional delegation have done nothing but further impoverish the poor and minority populations whilst expecting -and receiving- re-election every 2 or 4 years.",-0.5719
180,"Where have we seen this before? Mean, trickster-ish, vindictive, destroy anyone who disagrees....Giuliani, any one?",-0.594
181,"In the 60s the National guard engaged in actions on American soil to control riots and demonstrations in Newark, Detroit, Berkeley and elswhere.  The 82 airborne was used to control riots in Detroit.  Does this policy cover the  actions of the military on American soil? ",-0.5994
182,"I see where you are.  Look where I am.<br/><br/>Yes, there are a lot of hipsters in Michigan, though very much clustered around Detroit and a few other cities.  And even those of us who aren't hipsters, but also aren't insane, have no problem putting Obama stickers on our cars.  Some guilt perhaps, given the job he's done, but no fear of doing it.",-0.6058
183,Perry rounds out the inhabitants of the top floor of Bellevue..the floor for the severely disillusioned and functionally inept.  Please make it stop!!!!,-0.6083
184,"If eight people from the Upper East Side or Battery Park City had lost their lives instead of The Bronx, all these ineffective DoH people would now be looking for new jobs. I've never heard such callousness and lack of urgency.",-0.6249
185,"The optics of two BlackLivesMatter protesters rudely shutting down one of his appearances in Seattle clashes with that of the photo of 15,000 people crowding into a venue to see him in the very same city.<br/><br/>Futures are decided on the ""winner"" of optics such as that. And sometimes, that's dependent on which the corporate media decide to focus on.",-0.6249
186,"You guys are suffering worse than the East Coast or Midwest, simply because of weather. A homeless person CAN live out of doors there, year round.<br/><br/>We have a lesser problem (though still issues) because harsh winter weather makes it literally impossible to survive outdoors for more than few weeks. That pretty much forces even the die-hard homeless into the shelter system.<br/><br/>In warm year-round climates, ""homeless"" can be a lot like ""camping outdoors"" -- meaning it can be sustained almost indefinitely.",-0.6369
187,"And, I'm sorry, they should be within a sound-proof building. We have the soundtracks of war on the evening news; why do we have to hear gunfire when walking  in the cathedrals of nature?",-0.6369
188,"The negative impact of Ms. Lin's house on those adjacent to her lot is undeniable.  Her neighbors no longer have light and air flow.<br/><br/>In lieu of appropriate zoning laws to protect neighboring lots, her neighbors should sue her for their loss due to her predatory encroachment.",-0.6808
189,"This article and its writer are so utterly ridiculous.  The self-serving bankers, developers, and politicians on the city council long ago destroyed the great El Conquistador Hotel to make way for a parking lot; destroyed a mind-blowing barrio downtown that reached back a century displacing thousands of elderly Spanish-speaking residents to make way for a ""convention center;"" trashed miles and miles of pristine desert running     I-10 right through it and cheap subdivisions of chicken wire and 2X4s that crawl up the flank of the smoggish Santa Catalina Mountains; mines scar the landscape; the city tap water contains arsenic and dioxane-4 and toxic pharmaceuticals; and so the depredations of opportunists continue on and on in the city and Pima County. Tucson remains a winter destination only because of the weather; no one of means or aspiration stays, here. Better<br/>try Albuquerque or San Diego. Or just stay put. ",-0.707
190,Galvanized to do what?  Some more ineffective and incompetent activities?  Military action?  Just what.   Perhaps we need to learn to mind our own business and leave such things to either the locals or their neighbors.  Simply we can't and should not be the policeman of the world.,-0.7093
191,"And let's stop the endless boring street fairs, which drive NYers crazy.",-0.7096
192,"Actually, the housing stock should be improved to increase the number of homes available for people who want to buy up out of their starter homes. People have been stuck in starter homes and there is pent up demand for 2500 sq feet and up to move up into. This frees up homes for sale at the bottom and takes the pressure off finding a rental unit. They should not need to build those government ""affordable"" homes, the low income units. The problem is the word ""force"" in your sentence. No one is forced to live there, and if they don't like the neighbors, they don't renew the lease.",-0.7193
193,"I live here in Los Angeles, and have spent substantial time (years) in San Diego, and Northern California. There is a problem with homelessness here in California. Yes, many are American citizens: black and white. I have heard many end-up in this life style because of mental health problems, and drug abuse.  ",-0.7269
194,"Re; ""the hood ornament on the rolling dumpster fire"", PRICELESS.<br/>Oh my, you've made my day, and it's not the first time.<br/>Moments like these temper my fear of another stolen election (Bush II, twice) a lot less painful.<br/>Thank you, please keep them coming!",-0.7619
195,"There is NO state or local government that could deal with the destruction of New Orleans during Katrina.<br/><br/>That is what the Federal Government is for. <br/><br/>And don't count on being Red for too much longer, given the rubes you've recently elected.",-0.7672
196,New York City residents pay the price for Cuomo's vendetta against De Blaso. Cuomo just can't stand rivals. He is willing to turn off large numbers of voters to have his nasty way. He will soon crash and burn.,-0.7717
197,"Osborne is also using this as an exuse for asset-stripping the family silver.  He just announced he is selling off the Royal Bank of Scotland, which was bailed out by the taxpayer, at a loss. He sold off the post office at bargain basement rates to his city chums.  <br/><br/>Osborne is also selling off the remaining council housing.  In London, 70% of new build properties are sold directly to overseas investors as a means of parking their wealth offshore (source: Savills PLC). That means 2-3 new homes must be built for Russian, Chinese, and M.E. investors for any local to even have a chance at home ownership. UK property developers have set up direct sales offices in Hong Kong and the Middle East, so locals never get a look in. For the needy, the rental market in London is desperate, and will only get worse when the remaining council homes are sold off, no doubt to be developed into yet more luxury accomodation for Russian oligarchs.",-0.7783
198,"New Yorker's knew what they were getting when they voted DeBalsio in as mayor, so stop crying about rising crime rates, a socialist agenda, etc...He didn't try to fool anyone when he ran and he isn't now...He always said what he was, and that's what you got. He'll be a one term mayor, so just wait it out. ",-0.8094
199,"Mr. De blasio and his staff may  the comments on this article but since this mayor is so arrogant and tone deaf, nothing will change. He and is wife have their own agenda and it's not this great city.<br/>The sooner he is gone, the better.",-0.8452
200,"Not really buying the argument some have made that the pedestrian plazas shouldn't go because they're so popular. Tourists go there and stay there because they're able to park themselves in one of the world's most famous attractions at no charge. But the reality is that Times Square is a place where a ton of New Yorkers actually have to travel through to get to work, an experience increasingly dangerous, disgusting, and sad. If removing the plazas will make it harder for people to linger -- and therefore attract panhandlers -- in a major transit hub, I'm in.",-0.8685
201,"For years, Josh, I have been wondering if I should leave Brooklyn, the city I was born in. What keeps me living with the devil I know is, in part, the fear that I would end up in a New England town that, in its infinite kindliness, has constructed low-income housing and moving in impoverished families -- and it'll be, alas, right near where I have relocated.<br/><br/>Unfortunately, some of us here in Brooklyn know that ""impoverished"" is too often synonymous with ""dysfunctional if not downright criminal.""    ",-0.872
202,There is no accounting for taste. This is the uglifying of New York. Look at those marble columns and balustrade made worse by the outsized scale. There should be architectural review throughout the city no matter what neighborhood. This ruins a neighborhood for good.,-0.8772
203,"Did you live in the city of Baltimore?  Or Baltimore County?  When I tell people about Baltimore, that is one of the first things I clarify.  The lily-white county is a doughnut that surrounds the black city.  That should be illegal, but describes many Northern cities.  It's a big part of why Houston (and many other towns in the Southwest) are superior places to live and raise kids.   <br/><br/>I loved Baltimore as a grad student.  But I couldn't move to the suburbs to have kids, too blatantly racist.  And I don't like the idea of paying for segregation--i.e. private schools.  Even more blatantly racist.<br/><br/>My kids now are in schools with no majority race, enough blacks, hispanics, asians, and 'two or more' to make traditional Northern racism too confusing to survive.",-0.8891
204,"Exactly what is wrong with de Blasio? Aren't there important things to deal with? And, isn't a good idea to ask for input versus spewing nonsense? If horse carriages to painted women, completely vex Mr. de Blasio, what about crime, housing, and employment issues? <br/><br/>It is sad, but it looks that even the small stuff is too difficult for de Blasio...",-0.9083
205,"That's fine they weigh in on social issues that reflect a majority of Americans (well, consumers), but most of governance is finance and the budget.  And this is where the corporate greed gets really ugly.  If it were up to them alone our skies would be permanently brown, the water undrinkable and all of our wild spaces and parkland littered with noisy, heavy equipment.  Too much of corporate do-gooding is window dressing.",-0.9116
206,"After all is said and done it is your economic status not the tint of your skin<br/>that matters most in America.<br/><br/>If you are poor and you get in a tussle with the police you are far, far more<br/>likely to manhandled when arrested and denied bail than if you are rich<br/>and resist arrest while drunk on Santa Monica Blvd.<br/><br/>From my experience with ""Hipsters"" who are forcing the poor out of<br/>the SF Bay by buying up all the housing - they have no sense that the lives<br/>of other people, especially those of a lower economic strata, matter.<br/>Whatever Social Idealism marked the 60's is now long gone.<br/>We live in the age of ""Meism"".<br/><br/>As for Post-Modern this and Post-Modern that -<br/>isn't Postmodernism getting rather long in the tooth to still be<br/>considered the latest and greatest way to think ?",-0.9129
207,"It's obvious you don't know what you are talking about. Not every good neighborhood is served exclusively by Whole Foods, there are plenty of Shop Rights around. And not every restaurant in good areas is four star or three star. And if the poor don't live in good areas they live in poor areas without adequate access to transportation. <br/><br/>Your response labels you as a very big, ignorant clown.",-0.9378
208," I lived in a brand new apartment complex in Arlington, VA. As per their development deal with the county, the developers  had to set-aside a certain percentage of units for low-income housing (maybe 10%, I'm not sure). I got to pay $1800 a month for my one-bedroom. I found out later the people on the left and right were paying $900 for the exact same unit. Additionally, I had to pay for parking in the building. The low-income residents got it for free. I had to pay to use the pool. The low-income residents got it for free. I can't say they were nosier or created any more problems than the market-rate tenants, because that part of it wasn't a problem. But from my vantage point it felt fundamentally  unfair - I was killing myself working 50-60 hours a week to pay-off enormous law school loan debt, and my tax dollars were being used to subsidize people to live in the exact same place I was (which I could barely afford). It just felt fundamentally unfair on multiple levels, and it left me feeling a bit bitter. What's the incentive to struggle and strive to better yourself in life, if the government is going to take your money to subsidize other people to live in the same manner you are? ",-0.9389
209,"Neighborhoods are made of people. A neighborhood becomes dangerous when  dangerous people choose to live there. A neighborhood becomes unkempt when people who live there do not take care of it. A school becomes out of control when a large number of students who there are out of control. A neighborhood becomes high crime when people in that neighborhood see police as their enemies and demand less policing and attack police. All this is fine, live and let live. Those who value well kept neighborhood and low crime can certainly move to such neighborhoods, just don't come in and try to change the character of the neighborhood by demanding that now everyone else there live according to your value system. Adapt - be roman in Rome.",-0.9429
210,"The Section 8 program was initiated under the Nixon administration as a way to move funds from public housing initiative into the hands of private landlords. While it has largely failed as a mechanism for integration, it has succeeded as a privatization scheme.<br/><br/>Public housing in many cities was a failure. It simply produced vertical ghetto's where poverty was concentrated and local municipal services were either overwhelmed or inadequate. But one size doesn't fir all. Here in NYC public housing is generally closer to more varied municipal services like transportation and there are 260,000 applicants waiting to get into public housing.<br/><br/>This is simply a measure of how distorted the housing market is. Millions of people who work everyday at low wage jobs simply cannot afford market rate rents. Section 8 and similar government subsidies are one answer, but another is to re-think public housing. We've come a long way since the days of the Robert Taylor Homes in Chicago. But Congress has been slowly starving public housing to death by offering inadequate funds for maintenance and expansion, despite the need. <br/><br/>If Congress won't support integration they should at least support real choice under Section 8 and vary the subsidy for landlords willing to provide real improvement for voucher holders. Pay an incentive fee to landlords willing to help integrate neighborhoods. Nothing else seems to work so why not use money? ",-0.9471
211,"Everyone talks about NAFTA but no one seems to know what CUFTA (the predecessor of NAFTA) did to the City of Detroit--In less than six months, it moved 250,000 auto and auto-related jobs out of Detroit south to Windsor, less than 5 miles away (both the Canadian dollar and their UAW were weaker). Now, those same auto manufacturers need a new Detroit/Windsor bridge to bring the Canadian manufactured cars back to the US and Mexico.<br/><br/>As the late artist Glanton Dowdell admonished fellow artists who wouldn't join the labor and civil-rights struggle: ""Where do you want to fight, in the streets or in your living room?"" <br/><br/>Detroit was forced into bankruptcy; will that be the fate of industrial America?",-0.9598
212,"The zoning laws were already in place in the 1930s when the developer put up this block of speculative rowhouses.  It was that developer's choice, for whatever reason, to set them back from the legal build-to line.  If you look at this particular row closely at the link you provided, you can see that this decision meant that the houses had no backyards at all, and backed up right to the alley.  To expand the floorplan, the only way to go is forwards.  In other words, it's a sort of bait-and-switch: the lawn in front gives the illusion of a spacious lot, but that is only because the area in back has been sacrificed.  <br/><br/>It may be that this decision helped sell or rent these houses back in the 1930s to apartment-dwellers pining for a miniaturized suburban aesthetic, but it's having negative long-term repercussions.  If the houses are expanded, it greatly disrupts the manicured appearance of the row and arouses neighbor opposition.  If the houses cannot be expanded to meet the needs of today's buyers, then supply is constrained, investment is curtailed and the neighborhood is doomed to stagnation or decay.  I think the former is still preferable to the latter, but this dilemma was baked into the initial design.",-0.9636
213,"Professor O'Donnell: So what is a solution? You hold up the proverbial all sides of the picture without taking a stand on any, hence showing off your ""understanding"" of the totality. Should or should not ""Broken Windows"" policing continue in the poorest neighborhoods, say of New York City? Should or should not ""lifestyle"" crimes, like urinating in public, defiantly hogging sidewalks and streets, reveling in chaos (that's the easiest thing to do), be punished or not, perhaps with a citation that sticks? Mere citations often don't work if some kind of a pattern of enforcement isn't made visible. You are right in claiming that a majority of the white liberal bleeding hearts who cry foul of every police action in the name of racism, will not drag their Cinderella foot into the poorest and most crime-prone neighborhoods of any city. It's the poor and the innocent and the police that have to work with the environment, not the theoreticians. It was such a tableau vivant of farce to see students of New York University and the Brooklyn hipsters pour out into the streets of Manhattan and Brooklyn to protest in anti-racist sit ins. They were thinking of their own resumes. ",-0.9655
214,"Agreed. Part of the problem is Americans do not read enough solid material and don't travel out of country, except to places like the dreadful Cancún, the Las Vegas of Latinoamérica.<br/>I have been, before the beginning of ""The Forever War"" in the 80s,  to every country mentioned in this or any other article about the ME, unarmed and as a ""tourist"" (like  P.J. O'Rorke's ""Holidays in Hell:--Border Guard: ""There is no tourism in Lebanon"" --in an 1982 encounter after Israel smashed and occupied Lebanon) and vacation (and virtually live) in the country with the ""highest murder rate in the world"" again unarmed, and alone (except when moving around with locals) mingle with the local folks, learn some languages, well, and thereby have a much different perspective.<br/>The public here is fed a constant stream of lies from ""both sides"" (there is really only one-side, the wealthy who own both parties--class war? it's already on), and lack the basic tools for discerning, if not the truth then at least the dissembling.<br/>The damage is done and there is no reason to worry about which of a number of groups is more threatening. The US needs to completely divest itself of the ME and if the corporate interests need protection, they can pay like everyone else.",-0.979
215,"The ""city on the hill""--give me a break. The world is shaking its head and laughing at America. All this nonsense over the killing of a lion. But people of a color that a lot of Americans hate can be killed and they don't shed a tear. America isn't a city on a hill; its a country that will never make it to that hill until it eliminates racism and its fostering of gun violence. ",-0.9858
216,"The problems with the Housing Choice Voucher Program (Section 8) are complex and extend far beyond racism.  I have lived in a struggling, predominantly African American neighborhood in Philadelphia for 35 years. Our block of 45 row homes has been decimated by an over concentration of Section 8 houses mainly owned by unscrupulous landlords who buy houses cheap, do quick fixes, then sit back to collect their guaranteed, grossly inflated rent checks. Screening of tenants is minimal and monitoring nonexistent.  When neighbors have complaints – ranging from serious, violent crime to drugs, overcrowding, congestion, fraud or quality of life matters – the PHA (Philadelphia Housing Authority which itself has a horrendous record of mismanagement and corruption) blames the landlord and vice versa.  No one is ever accountable.  There are a few responsible landlords, but they are rare. There have been good Section 8 neighbors, but sadly they have also been the minority.  The last two families who lived next door to me for a combined total of six years were both evicted and terminated from the program for criminal activity and fraud. Needless to say, my quality of life during those years was greatly impacted. I am an advocate for fair housing and low-income housing, but this program is an absolute failure.  Its goal is to lift people up; instead it drags down and destroys neighborhoods, which are more often than not struggling communities of color themselves. Who wins?  ",-0.9864
217,"My experiences have been similar. I recently lost an aunt, who developed dementia 2 years ago and had to go into Assisted Living. I thought AL would be OK -- not restrictive like a nursing home. She was in a wheelchair, but very mobile in it. Her dementia was in still in the early stages. She could toilet and dress herself.<br/><br/>But oh my -- I found it to be just awful. I would NEVER willingly consent to living in such a place myself. I'd rather die in my own home, no matter how isolated. Not only is it insanely expensive (about 8-10 times the cost of staying in a paid-up home), but the food is ghastly awful -- like the worst high school cafeteria -- the rooms are tiny (meaning you must jettison most of your beloved furnishings and possessions) -- you cannot come or go as you please (they restrict you even from leaving the facility, or demand you tell them when and where you go!) -- and worst of all, staff talk ""down"" to residents as if they were imbeciles. And not just dementia patients -- even those who are entirely in their senses. It's that awful kind of loud, cheerful talk. 20 year old attendants call 90 year seniors by their first names, and treat them like a bunch of wrinkly kindergartners. The overall effect is extremely degrading and demoralizing.<br/><br/>I can only imagine the anguish of knowing this is your final stop in life -- no hope of ever getting out, no hope of ever going home. ",-0.9922
