,comments,scores
0,"Today's exact drop may not directly have to do with the regressive tax rates--I'm assuming the problem that is being raised with reference to DT's taxes.  But let's face it, overall the lowering of tax rates has diminished the growth of the economy--making the market perhaps more of a centrally controlled basket-case with boom/bust cycles like we are seeing. <br/><br/>Sanz and Piketty say a few things on the topic of taxes and growth:<br/> ""Naturally, the incentives for such ""rent-seeking"" are much stronger when top tax rates are low. In this scenario, cuts in top tax rates can still increase top income shares, but the increases in top 1% incomes now come at the expense of the remaining 99%. In other words, top rate cuts stimulate rent-seeking at the top but not overall economic growth – the key difference with the first, supply-side, scenario.""<br/><br/>""Again, data show that there is no correlation between cuts in top tax rates and average annual real GDP-per-capita growth since the 1970s. ""<br/><br/>""Now, however, we have seen decades of increasing income concentration that have brought about mediocre growth since the 1970s. And with the Great Recession that was triggered by financial sector excesses, a rethink of the Reagan and Thatcher revolutions is underway.""",0.9816
1,"""The answer is not to restrict trade but to increase union participation,"".......While what you suggest would be a virtue, the reality is that the strength of unions or lack there of is determined by outside factors. Unions will be strong when the number of jobs exceeds the number of available workers; and unions will be weak when the number of workers exceeds the number of available jobs. It is that simple, and nothing else really matters. If you want to have stronger unions, the only solution is to generate more jobs - rebuild our infrastructure, improve public education, invest in basic research.",0.9783
2,Thank you for posting these. I think they help illustrate just how far we have come in terms of attitudes in the last few decades. One of the great positives of my life is the growing acceptance of homosexuality and the increasing acceptance of transgender people. Compared to even ten years ago America is a much more tolerant place and compared to fifty years ago there have been massive societal shifts for the better.,0.9741
3,"Mmmmm, 10/4/14 Jobless Rate in U.S. Falls Below 6% as Hiring Picks Up,  9/20/14 Adjusted for the change in the Consumer Price Index, household wealth is at a record high, 4 percent above the 2007 level?  9/16/14 The poverty rate declined last year for the first time since 2006?  The Census Bureau reported on Tuesday.9/9/14 Boom in Energy Spurs Industry in the Rust Belt?  Hiring Is Strong and Jobless Rate Declines to 6.1%?  U.S. Troops to Leave Afghanistan by End of 2016?  The mortality rate in Massachusetts dropped sharply after the state overhauled health care in 2006, a study has found, offering evidence that universal coverage has saved lives, health economists say, really?  Jump in payrolls is seen as a sign of new optimism?  Enrollments exceed in bozo's (barack hussein obama) health care act?  Court deportations drop 43% in the past 5 yrs?  Recent decline in crime??  Economy doing well??  We're doing good in foreign and domestic policies?? 2/15/15 In New York City, Jobs Come Back Without Wall Street?  4/12/15 States Tighten Conditions for Receiving Food Stamps as the Economy Improves? This wouldn't be more slices of bologna or Broadway show put on by NYT to assure the democrats get re-elected in 2016?  ",0.9697
4,"As you say, an observed negative correlation, however weak, is, at the very least, evidence against a strong positive correlation. And rhetorically, it's better to say ""Evidence suggests that reducing inequality might help growth, or at least not hurt it"" than just ""Evidence suggests that reducing inequality would not hurt growth."" Since both are true, I'll stick with the stronger statement.",0.9549
5,"Overpopulation is a threat but the threat now comes entirely from the developing world - population growth in most developed countries, including the US, is now negative. This give rise to its own economic problems (too few workers supporting to many retirees), but we'll survive.<br/>Its now clear that the solution to population growth does not require coercion, it merely requires economic growth. Once a country reaches a certain level of economic wealth, growth flattens. To avoid the population bomb, we need to nurture economic growth in the developing world.",0.9455
6,"It's funny, Steve, I overestimated the intelligence of my fellow participants and came in below the correct answer. I knew everyone wouldn't figure out the Nash equilibrium, but I figured quite a few would, so I guessed in the high single digits. As a result, I was somewhat disappointed by fellow NYT readers.<br/><br/>I totally agree that it would be interesting to see results of the test across media outlets.  As it stands currently, it looks like FT readers are a bit smarter (at least with regard to numbers) that those at the NYT.",0.9297
7,"Krugman states,<br/><br/>""In the early 1980s the Federal Reserve sharply tightened monetary policy; it did so openly, with much public discussion, and anyone who opened a newspaper should have been aware of what was happening. The clear implication of Lucas-type models was that such an announced, well-understood monetary change should have had no real effect, being reflected only in the price level.""<br/><br/>Yet I suspect that Lucas would not have viewed Volcker's attempt to bring down inflation by high interest rates with a recession as the unpleasant side-effect as disproving his theories.<br/><br/>There is surprisingly little theory involved in showing that sufficiently high interest rates lead to recession.<br/><br/>More troubling is the following question:  Why is US economic growth since the Great Recession so weak?  If one subtracts .7% per annum for population growth, GDP growth per capita is a little above 1%.  In the eurozone GDP growth over the last 5 years has been close to zero.<br/><br/>This is an interesting question, never fully addressed by Krugman.  However, Robert Gordon's essay, Is US economic growth over, may provide some insight.  And there is an outlier---China's GDP growth has been in the 7% range for several years.<br/><br/>Instead of confronting questions like this, Krugman tries the easier task of showing Republican politicians are stupid.  But of course they are politicians, tasked with convincing Joe Six-Pack to vote Republican.  Is it any surprise that they make little economic sense?",0.9172
8,"You forgot these:<br/>C) Increase sales due to more loyal, motivated, professional workers<br/>D) Increase sales due to higher quality workers<br/>E) Increase sales due to higher standards placed on workers who earn a higher wage",0.9113
9,"As a long time loyal WF customer, even before they came to CT which for me, was Wild Oats and the buyout of this chain, clearly, they are ""forcing"" consumers to abide to their biased views...they should use a certified 3rd PARTY ASSESSMENT...not internally!  Naturally, without the pun, they want higher then waning gross profit margins of 36% ...and they can't get that without MORE volume...the organic foods market is obviously growing fast...WF must grow market share in step with higher margins...and the scam of ""Responsibly Grown"" from a biz angle...<br/><br/>Food is one of the few major categories that exponentially, increases annually...so of course, they want to leverage this as well...its not like they're in the gas market with waning to flat margins. <br/><br/>Lastly, with this last statement from Rogers - ""None of that reduces the value of organic certification — it’s just there are more things now on the table that we as buyers have to understand and address.”   <br/><br/>Rog, clearly, you have a mandate from Sr. Mgmt to ""help"" grow sustainable gross profit margins that commesurate with WF's overall customer base, growth projections, and increasing (per customer/visit) expenditures.....e..g health/beauty/nutrition supplements...WF is aiming to ""control"" the customer buying process with an internal rating system...needs to be 3rd validated...and pay the farmers more! ",0.9063
10,"I'm thinking his point about a female pilot was to indicate that her size/weight may be lower than a male pilot, thus the imbalance of weight distribution in the plane. His wording wasn't specific, and I suppose he could have been alluding to skill level, but it would do us all good to assume the best of everyone's intentions.",0.8765
11,Public health systems help stabilize population by giving people confidence that their children won't be struck down by disease.,0.8458
12,"But Republicans are perfectly willing to deny data on the basis of ideology. Here are some facts conservative don't seem to know.<br/><br/>They deny that the rest of the industrialized world gets better health care results at 40% of the cost per person by minimizing the use of private insurance and running their program through the government.<br/><br/>They deny the failure of low tax rates on the Rich in the 1920's and the 2000's which led to great economic inequality which in turn led to vast amount of financial speculation and then to disaster.<br/><br/>They deny the success of high tax rates on the Rich in the 1946-1973 period and try to say that devastation in Europe was responsible. How did that cause CEO's to decide to pay their workers better and to take much less for themselves?<br/><br/>They don't admit that every period of more than 3 years of balanced budgets was followed by a depression and every depression was preceded by such a period.<br/><br/>They claim our corporations pay higher taxes than the rest of the world in spite of figures that show our ratio of corporate taxes actually paid to GDP is the lowest among developed nations.<br/><br/>They claim that the US is the land of equality and opportunity when our equality (no matter how you measure it) and mobility is at the bottom.<br/><br/>They say the more guns we have the safer we are when the number of gun deaths per 100,000 in the US is way above that of other wealthy developed countries. ",0.8407
13,"The Gaussian normal ""grading curve"" or ""bell curve"" explains a lot of things in life.  The people you will run into in any walk of life will roughly be, 7% excellent; 14% above average; 58% average, 14% below average, 7% failures.<br/><br/>That means that the odds of finding someone excellent or above average in any field are about 21%, or 1 in 5, roughly.  The odds of finding some average, below average or a failure in any field are about 79%, or roughly 4 to 1 against  your finding an excellent or above average person.",0.8316
14,I think there is a very easy solution is to remove the trash off the sidewalks. In all civilized cities this problem was solved in XX century. The increase in personnel for the collection of garbage can solve two problems at once: reduce the number of rats and increase the number of jobs.,0.7933
15,"Interesting article.  It would have been nice if the author had mentioned the GPI alternative to GDP.  Vermont and Maryland both are in the process of implementing General Progress Indicator metrics (GPIs).  GPIs are an alternative to Gross Domestic Product that take into account positive values left out of GDP such as the contributions of volunteer activities and ecological services (e.g. water purification function of a forest or wetland) and negative impacts such as environmental degradation and the distribution of income (as a measure of how well the economy is serving all its people, not just some).  Vermont's GPI-enabling legislation calls for using the metric in budget and policy decision making for the state.  As yet, it really has no teeth, especially as evidenced by this year's legislative session which was dominated by the drum beat for ever more austerity measures in the face of a manufactured ""spending crisis"" that was really a revenue crisis in the context of a growing economy.  Nevertheless, I hope the GPI will begin to gain more traction nationwide as a better way to assess how the economy is truly meeting the needs of the people.",0.7665
16,"Like most, if not all, leaders of the GCC ""movement"" The Pope steadfastly refuses to divulge his own CO2 Footprint and the work being done, if any, to reduce it.  Lead by example, yes?  Extrapolate this to the CO2 Footprint of the whole Catholic Church and all of the related activities and we would see the potential for a huge CO2 reduction.  ",0.7579
17,"Thank you! What the large frames say to me is that you have a weak prescription. My lenses are -8.50 SPH, -2.25 CYL, +1.25 ADD. When I picked my most recent lenses, the optician looked at them and said, ""I can make these for you, but you're going to hate them."" (She proceeded to explain why--I would need to go up a size in order to have adequate height for my progressives, and she proceeded to calculate how thick that would make my lenses. Even with 1.74 high index, the edge thickness increases at a rapid rate.) I'm not a baby boomer--late 30s--and I was never so happy as when we went from the larger early 90s style glasses to the small rimless frames. ",0.7511
18,I understand that all of our tyrant's dreams coming true would only lower the average temperature by one percent of one degree Celsius. Throwing away thousands more jobs on top of the million or three already destroyed by regulations is only going to carry out Barack's true goal: a massive share of Americans dependent on the Central State - and subject to its every whim. ,0.7322
19,"""If we think that normal times involve 2 percent growth and 2 percent inflation, a deficit of 4 percent of GDP would be consistent with a stable debt/GDP ratio""<br/><br/>I can not believe what I am reading here.<br/><br/>Two percent nominal growth with 2 percent inflation is zero real growth. A Four percent deficit would cause a 4% increase in debt/GDP ratio.<br/><br/>Even if (unlikely) Dr. Krugman meant 2% real grown and 2% inflation, a 4% deficit would cause a 2% increase in debt/GDP.<br/><br/>Hardly stable.<br/><br/>Dr. Krugman is simply trying to hard to stick to his narrative that Greece is blameless. ",0.7003
20,"i agree with you, re the inequality issue/example. What's really surprising to me is that Krugman the economist hasn't seized upon the relatively obvious point that the 1%ers also ignore, that more money directed and/or earned by the bottom will significantly expand the top's net worth, by dint of the current distribution of capital ownership and the related multiplier effects. This should be the most effective selling point to cause the wealthy to be at least more ""re-distributive"" - their own greed. If i'm wrong or missing something about this, would someone please let me know, so i'm not maintaining too much derp? ",0.699
21,"Might I suggest that this would be a good time for employees at the Times to announce that they are now women, or non-white, or both, and thus help even out those numbers.",0.6808
22,"Well, by my calculations based on annual GDP (18 trillion in the EU), that 250 billion is only .013% of the ANNUAL EU's GDP. Which by the way is a mere pittance. Your division by population is an old right-wing canard, because it does not take into account that wealth is not owned evenly per person.  ",0.6486
23,"If you take the technical definition of bias into consideration such equal population districts clearly bias the representational strength of various groups of voters and to a very significant degree in parts of Texas, California, Arizona.  In districted bodies in municipalities, these differences can be ridiculously high.  Draw districts to satisfy both population and citizenry criteria and the argument is over.",0.6478
24,"I'll never vote for Mr. Rubio, but I consider his financial struggles to be something that makes him more normal compared to average Americans.<br/>It is more unusual for an American to be so wealthy that they never have to worry about their finances.  How can they relate to the other 99%.",0.6394
25,"That's because there's no tax collection. ""BEST record of increasing collections"", from 0 to 1% is 100%. Germany doesn't have ""increasing collections"" because the tax evasion is very low to start with.<br/>Though I agree with you that increasing taxes is not the way to go. I would rather introduce the drachma back, and this will provide the internal and external measure of everything. ",0.5913
26,High praise.,0.5574
27,"It's on the web so it must be true! <br/><br/>The Latvian economy has grown consistently in recent years, however measured - e.g. in terms of real GDP; 5.0% in 2011, 4.8% in 2012, 4.2% in 2013, and 2.4% in 2014. The growth has slowed in the last couple of years but this is not quite the same things as, ""...it has shown no net economic growth for several years now.""",0.5562
28,"big john, if the Fed attempts to raise interest rates, as it did in the mid 2000s under Greenspan, what would prevent, as happended then, significant captial inflows into the US that would sterilize that attempt? Today there are many more dollars (as % US GDP) being held outside US than back then. If anything, it will be hard for fed to raise rates . ",0.5423
29,"With all due respect, Mr. President,<br/><br/>Get ahead of the curve, get out from behind it. Lead!",0.5255
30,"Ok then, show me the  numbers, so I can believe you when you say that ""it is too early for any type of rate increase"". And please, just the isolated case of ""your brother"" won't cut.",0.4614
31,"To relate increased premiums to ACA is to ignore both the fact that increases are smaller than they have been historically (on average) and that the opposition to a ""public option"" ended any hope of the competition you say you seek.  <br/><br/>The ""denials"" are based in fact.  On the other hand, your claim that ACA is hurting the middle class is pure conjecture and plenty of factual material to suggest the exact opposite.",0.4588
32,"This article does not answer the key question:  according to the government actuaries, how much would national spending on health care increase over the next ten years, if at all, if the economy stayed the same, the population did not age, and the population did not increase--as it does every ten years.  Also not answered is the amount of non medical costs resulting from the medical problems of those who don't have insurance. ",0.4215
33,"Could have gone through Congress if that was the concern. But the quick, temporary gesture is more significant for the evening news.",0.3898
34,Though clearly their now-publicized practices are disgusting many formerly delighted customers. Do you suppose that will ever factor into the tyrannical metric system?,0.3818
35,"In his rush to promote Obama, Paul Krugman forgets that the data foil his overall thesis that bigger government creates more jobs. Here is a chart of total government spending versus median family income. Notice that Obama's superior job growth comes in an era of lower relative government spending.<br/><br/><a href=""https://research.stlouisfed.org/fred2/graph/?g=1AxU"" title=""https://research.stlouisfed.org/fred2/graph/?g=1AxU"" target=""_blank"">https://research.stlouisfed.org/fred2/graph/?g=1AxU</a><br/><br/>It's also worth noting that GW Bush was trying to add jobs on top of a 4.2% unemployment rate and 64.4% employment while Obama started with 7.8% unemployment and 60.6% employment. Of course it's harder to add jobs when nearer to full employment. Double fail derp for Krugman today.",0.3695
36,"Just too weak to accept reality, it's Better living through chemistry.<br/>Keep lowering the standards and allow everyone to be a hero.<br/>""Hurt Feelings Reports"" to follow",0.3612
37,"Perhaps the largest disappointment in the entire situation is the complete ineffectiveness of NATO without American leadership and disproportionate contribution.  It is estimated that the US contributes 75% of the expenditures for the institution.  The European Union, roughly the same geographic footprint as European NATO, has a combined GDP equivalent to our nation.  A population base that is even larger.  Yet, it can not take action to protect its own interests.  NATO, created in 1949, was intended to stabilize Western Europe and, purportedly, as one element, allow that region to one day maintain its own defense.   ",0.34
38,"Nothing, other than negative impact on all of the people who would lose their jobs when the economy tanks because the interests are too high.",0.3178
39,"With the worlds population now well over 7.3 Billion, it is more correct to say that the worlds population is 7.5 Billion than the commonly used figure of 7 Billion.",0.2732
40,"Why yes, dear, I would simply ADORE spending a half an hour going through your phonied numbers so that you can turn around and swear that those weren't the droids you were looking for.<br/><br/>This also just in: I have no plans today to follow elephants (or even marmots, given the intellectual size involved here) around with a scoop shovel, tweezers and a magnifyinf glass.<br/><br/>i realize you're trying to look all sciency and stuff. but ohony numbers don't admit of useful analysis.",0.2662
41,"In the choice between Republicans and Democrats, begin with the ratio of criminals at the highest levels--Watergate produced 40 convictions, Iran-Contra about 15, Enron, Cunningham in California, Abramoff, Gingrich, Scooter Libby, Hastert, all together close to 100. There's a smattering of Democrats. The ratio is more than 10 to 1. Bill and Hillary are not squeaky clean, but she's not out to destroy the country.  ",0.2013
42,"The gap between the upper and lower classes has increased significantly under obama.<br/>jobs have increased under obama, but what kind of jobs?<br/>burger flipper jobs",0.128
43,Who are you kidding? The US government responds only to the oligarchs running the US corporations. The common people count for little compared to the ambitions of the Fortune 500. ,0.1027
44,"""Even schoolchildren now know that rats carrying infected fleas were the culprits.""  I wouldn't be so sure about that.  Out here in red state flyover land, there are a considerable number of folks who dismiss scientific explanations about any number of events or issues.   ",0.1005
45,"The actual statistic is that there are 8.5 million unemployed adults. Additionally, there are approximately 8-10 million people whom one could consider underutilized, as they are in part time work though want full time, or have been discouraged from looking any further, or are otherwise marginalized. As opposed to the approx 149 million whom are employed.<br/><br/>The 90 million you refer to might be the population not counted as in the work force. That includes youngsters, students, retired people, stay at home parents, active service military, and people who are incarcerated. The employment status of that group is not related to economic conditions. ",0.0772
46,"I'm certainly no expert, but the Case-Shiller Charts for some individual cities do not suggest to me that the current rate of housing price increases are sustainable in those cities.  ",0.0258
47,"Not exactly news, as this has been the standard for more than 20 years.",0.0
48,"Average household income, a decade ago, 2005:  $46,242.<br/><a href=""https://www.census.gov/prod/2006pubs/acs-02.pdf"" title=""https://www.census.gov/prod/2006pubs/acs-02.pdf"" target=""_blank"">https://www.census.gov/prod/2006pubs/acs-02.pdf</a><br/><br/>Your point was?",0.0
49,Compared to Baltimore where this year it's one out of 5600 that is to be noted. ,0.0
50,"But wouldn't 0 be the only Nash equilibrium? If enough people pick 0, the average will become &lt;0.5, rounded to 0, times 2/3 = 0",0.0
51,Add population control to the list.,0.0
52,"""...no exact numbers....almost certainly....""",0.0
53,"It depends on who you ask, doesn't it. ",0.0
54,"I don't understand you, maybe I'm slow",0.0
55,90%?   Riiight.,0.0
56,"""There numbers were few""?  Maybe ""Their numbers...""",0.0
57,Did it not also establish standard weights and measures?,0.0
58,"Compare with the results (especially regarding response time) reported in a 2007 article: <a href=""http://arielrubinstein.tau.ac.il/papers/78.pdf"" title=""http://arielrubinstein.tau.ac.il/papers/78.pdf"" target=""_blank"">http://arielrubinstein.tau.ac.il/papers/78.pdf</a>   (example 4).",0.0
59,"Biden is in third place because he's *not yet in the race.* If he declares, his numbers will rise.",0.0
60,"I suspect that proclivity was self-selected (those into that went there) and easy to fall into because it was part of the subculture. In naturist environments that are designed to be nonsexual, people don't fall into increased sexual behavior.",-0.0294
61,"Where you get 4%, I don't know - the lowest bracket is 7% and runs up to 33%. The rest of your points seem similarly misinformed.",-0.1068
62,"While you're all busy looking for the missing inflation, you might want to look for the missing growth, too. Just saying...",-0.128
63,"Size matters, First the FCC rules in the US  are in place for the entire nation that is far larger than Seoul. Physics matter too in this case. South Korea is the 26th most densely populated country on earth. The U.S. is number 186 on that list even with a population that is seven times the size of South Korea. More to the point, AT&amp;T alone spends $1.5 billion a month on Capital Expenditures or its a heck of lot cheaper to connect a densely packed urban population if radio spectrum is available. Apples and Oranges, your comparison is more akin the Apples and Watermelons.  ",-0.128
64,"While the ACA has increased insurance coverage, the graph gives the impression it has done so much more completely than it has.  The problem is that 10% uninsured is the bottom of the graph, not 0%.  This means that the visual drop from 18% to 11%  looks like a drop from 8 to 1.<br/><br/>The ""Lie Factor"" of the graph is thus almost x5 (<a href=""http://www.infovis-wiki.net/index.php?title=Lie_Factor)"" title=""http://www.infovis-wiki.net/index.php?title=Lie_Factor)"" target=""_blank"">http://www.infovis-wiki.net/index.php?title=Lie_Factor)</a>.",-0.2359
65,"Using CB Insights data, we broke down all the companies that raised their first early-stage financing round by year (vintage) and calculated what percent of those companies ended up reaching billion dollar valuations in private markets or via an exit. Only a bit more than 1% each year became unicorns*:<br/><br/><a href=""https://www.cbinsights.com/blog/unicorn-conversion-rate/"" title=""https://www.cbinsights.com/blog/unicorn-conversion-rate/"" target=""_blank"">https://www.cbinsights.com/blog/unicorn-conversion-rate/</a><br/><br/>*credit: Cowboy Ventures",-0.25
66,"One reason the workforce participation rate has been falling is because the population is aging as Boomers reach retirement age (retirement ""age"" is a squishy term these days). The population would be falling if it wasn't being backfilled with immigrants.",-0.2732
67,"When Obama took office in January 2009, the SP500 was at about 820.  Today, after the drop, it is  still at 1990, having grown  by 142% from the start of Obama's term.     Let's adjust it down to 120% to account for inflation. ",-0.2732
68,"In what world is an $80,000 boat a ""low level splurge""? ",-0.2732
69,"Just looking at the raw numbers here, it's blacks that do the vast majority of threatening and degrading. Heaven help us if we start weighting those numbers by percentage of the population.",-0.296
70,"No -- kitten heels maybe an inch, inch and a quarter high.",-0.296
71,"I think the population bomb was long defused.  Total global births annually have been flat at about 130 million per year since 1990.  Population growth is due strictly to the fact that larger younger cohorts are replacing smaller elderly cohorts that are dying off, it will take another 40 years or so to reach equilibrium.  The real question is whether modern society can sustain its populations.  There is no advanced industrial economy with a TFR over 2 among its native born population, and even in poor societies such as Iran TFR is below replacement.  Almost every country outside of Sub Saharan African is under 3, other than Iraq and Afghanistan.  The long term issue is do we all look Japan or Italy, huge elderly populations and small cohorts of children as many adults choose to remain childless or have just one.",-0.3008
72,Sorry I meant to say why hasn't median income growth caught up with the US then?,-0.3578
73,"Well, we already know that dynamic scoring is a fraudulent technique forced upon the CBO by the Republicans so that reports would look more favorable.  <br/><br/>And even with that, the CBO found that repealing the ACA would have an overall negative effect.  <br/><br/>And thus we know that an honest analysis would have shown the result to be even worse. ",-0.3832
74,"Just saying, there are people working on solutions to our energy crisis building the equivalent of the sun on a European hilltop. That seems worth making yourself crazy over. This is new tech, but... from Wikipedia: ""Sayre's law states, in a formulation quoted by Charles Philip Issawi: 'In any dispute the intensity of feeling is inversely proportional to the value of the issues at stake.'"" C'mon folks, spend that extra 30 cents for toilet tissue!",-0.4389
75,"The LFPR has been falling since around 2000. It's largely the result of boomer retirements, accelerated by loss of jobs among older Americans, who opted to take SS early.<br/><br/><a href=""https://research.stlouisfed.org/fred2/series/CIVPART"" title=""https://research.stlouisfed.org/fred2/series/CIVPART"" target=""_blank"">https://research.stlouisfed.org/fred2/series/CIVPART</a> ",-0.4404
76,Trump is the elite one tenth of 1%.  The entire 99 and nine tenths are mesmerized.  We deserve him.  Cross your fingers he wont say anything too offensive to the Chinese. ,-0.4588
77,The number of police officers killed in the line of duty has also increased dramatically.  Why is the Times not reporting on that?,-0.4767
78,"It's odd.  I've looked at the chart, and home prices don't look low at all to me. While the ratio to wages (and average wages don't tell the real story in a nation with inequitable income increases) is smaller, what's the takeaway, really?  I mean, aside from the horrible bubble that rose and burst under Bush, there's nothing on the chart for comparison, say to healthier times than those.  It's like comparing when I nearly died of West Nile with the better time I have now with merely atrial fibrillation and tachycardia.  ",-0.4915
79,It's precisely because it's so common that a recidivism rate of 25% is actually quite low - it has to be compared to the rate (probably greatly underestimated) at which the non-convicted commit these awful crimes. ,-0.4927
80,"""He died on the anniversary of the departure of a train in 1939<br/>carrying the largest number of children - 241."" ",-0.5106
81,What a shame that a moral issue as clear-cut as this is reduced to a political calculation. There is only one right side to this: the flag must be taken down!,-0.5255
82,"The study comes to the somewhat obvious conclusion that children are influenced by their peer group, and that exposing poor children to a higher achieving peer group will raise their achievement levels.<br/><br/>A far more interesting question is whether exposing rich children to a lower achieving peer group will lower their achievement levels. I suspect that high income people think they know the answer to this question and that, not racial prejudice, accounts for much of the resistance to low income housing. ",-0.5726
83,"""There is no evidence that children who have had sex education have lower numbers of pregnancies.""<br/><br/>This is not true.  Several studies have shown that comprehensive sex education significantly reduces the rate of teenage pregnancies.<br/><br/><a href=""http://www.advocatesforyouth.org/publications/1487"" title=""http://www.advocatesforyouth.org/publications/1487"" target=""_blank"">http://www.advocatesforyouth.org/publications/1487</a>",-0.5764
84,"The biggest beneficiary of ultra low rates is US Treasury funding the deficit at little or no cost to tax payers. The biggest losers are conservative investors / savers that receive zero on their hard earned money.<br/>Rates could have been raised a few years ago in 1/4 point increments to 2% and impact on employment and overall economy would be minimal.<br/>We have had almost a decade of a market without a rate increase , too many money managers and CFO have never seen one.<br/>Close your eyes , this won't hurt a bit.",-0.5869
85,Half the children are below average .....what IQ?<br/><br/>The chance of birth in a low income community does not determine a child's intellectual capacity or potential. <br/><br/>Low expectations for student who come from these challenging backgrounds are the problem.,-0.5996
86,There are numbers telling the lowering of crime had more to do with abortion becoming legal than mass incarceration. ,-0.6124
87,He has also called the Obama Administration a total disaster.  He is also righ on that one.,-0.6249
88,There's no population explosion when the population of the world has doubled since John XXIII was pope? Perhaps it's slowed down but there's still a major problem.,-0.631
89,"A large part of the problem is the rise of Fox News, and their fostering of a large and grievously misinformed viewership.  A civil discussion of the issues becomes impossible when one party to the conversation is not even aware of the actual facts.",-0.6486
90,"There has been a considerable increase in how many people we hear about who have been killed by being shot by the police. The argument is that this is a lamentable side effect of the better training given many police officers that allow them to respond even before the appearance of a gun, thereby saving their own life. There are various claims pro and con, some making appeal to science, either formal (peer-reviewed) or informal (self-published).<br/><br/>It seems to me that one informative question can be answered rather easily based on public records. If the increased emphasis on preemptive shooting has indeed protected police officers from being shot, then this would show up as a decrease in the rate of officer shootings relative to the overall number of times people are stopped by police. If there has been no such decrease, or if here has been an increase, then this would fail to support the efficacy of the preemptive shooting approach; if there has been a decrease, then it would tend to support it. It seems to me that at a minimum, this would be an easier way to test the empirical base of this training methodology, in comparison to trying to analysis what people were seeing and thinking during violent confrontations.<br/><br/>If indeed the training has reduced officers being shot or shot at, then this would be an interesting part of the argument, as would evidence that there has been no effect or a negative effect on the number of officers shot or shot at.",-0.6705
91,The demographic time bomb of a declining work force at the same time that more people are collecting from SS and Medicare is worrisome to say the least.,-0.7096
92,"The employment rate or labor-force participation rate peaked around 2000, fell in the 2001 recession, then really plunged in 2008-9, mostly before Obama even took office.  It has only risen since 2009-10, so there is no way in the world that Obama can be blamed for the current rate, although one can ask whether Clinton's policies contributed.",-0.8107
93,Frighten the population to keep them in line. Inflation is the Derp scam to frightening folks. ,-0.8519
94,"Disagree here.  The biggest threat is internal by limiting rights and opportunities for poor blacks and Hispanics.  In limiting their education and employment, they are also doing the same for poor whites.  There is also the added expense--taking away from education and infrastructure improvements--of incarceration and a kind of debtors prison in the collection of excessive fines for minor offenses through the criminal justice system, that, by design, affects these people more. GDP might be seen as masking this.  We are doing a little bit better than the Europeans, where we should be doing a lot better.  The health of our overall economy determines the extent of how best to protect our democracy.  Mandatory national service, as in Israel and S. Korea, would also help here.  Not just military, but  service in parks and having medics and doctors sent to hospitals where needed, i.e. as the need arises--this year teachers<br/><br/>Long term the biggest threat is global warming/climate change.  We must first acknowledge we are one with all the peoples of the world.  Absolute reduction in fossil fuel emissions is called for, not shifting it around through halfway measures.  Current diplomacy in limiting armed conflicts should be seen as also a prelude to diplomacy on shared global responsibility and action to achieve zero emissions to the extent possible. There is already a lot of carbon in the atmosphere, and militaries are major polluters.  GDP here should show good and bad by pollution.",-0.8996
95,"zugzwang: interesting argument, except for these facts: the amount of CO2 that the US emits is quite large; second only behind China, but at three times the rate per capita. Second, as California and many places are demonstrating, the threat is not 100 years in the future, the threat is here and now. Indeed, the only sign of madness I see is the continued denial you express.",-0.9319
96,"Of course, the vast majority of illegal immigrants don't take to a life of crime after work. That's silly. However, they did account for 38% (7,085 out of 18,643) of all murder convictions in California, Texas, Arizona, Florida &amp; New York from 2008 &amp; 2014 while constituting a mere 5.6% of these state's total populations. Hard to argue with numbers.",-0.9382
97,"Any natural or man-made disaster that hits a major U.S. city will likely impact mostly impact minorities because minorities are now the majority in most major American cities. African-Americans made up 67.25 percent of New Orleans’ pre-Katrina population. Of the city’s 818 fatalities for which race is listed, 55 percent were African-American, compared to 40 percent white, 2 percent Hispanic and 1 percent Asian-Pacific. There were 35 victims whose race was not identified. The data actually shows that whites made up a disproportionately high number of New Orleans’ Katrina fatalities. <br/><br/>Of course, the havoc inflicted by Katrina was not limited to New Orleans. In a study titled “Hurricane Katrina Evacuees: Who They Are, Where They Are, and How They Are Faring,” the Census Bureau noted that “Contrary to some reports and media images, Hurricane Katrina caused individuals of all economic and social groups to evacuate. For example, prior to the storm, 65 percent of the residents of counties affected by Katrina were white and 33 percent were black. Among those who evacuated, 63 percent were white and 33 percent were black.”",-0.9454
98,"Martha Washington has been on U.S. currency so this is not yet another ""great"" first.  Others have been models for concepts, themes, etc.  BTW, shouldn't male models be used about half the time?  Anyway, maybe NO ONE should be on bills, or lots of people should be.  The latter is the case for stamps, and there already have been hundreds of women.<br/><br/>BTW, this could be another case of people regretting what they wished for.  Some examples are:<br/><br/>1. Some countries already are planning to get rid of or greatly reduce the use of coins and currency.  When will it may happen in the U.S.?<br/><br/>2. There are various cases, in which the people or themes on many countries’ currency, coins, stamps, etc. did not go well, to say the least, for many reasons.<br/><br/>E.g., the saying “Banned in Boston” supposedly started when Boston bankers and others refused to accept U.S. $5 bills with partially naked women on the reverse! (People in other parts of the U.S. did too.) See <a href=""http://en.wikipedia.org/wiki/Educational_Series"" title=""http://en.wikipedia.org/wiki/Educational_Series"" target=""_blank"">http://en.wikipedia.org/wiki/Educational_Series</a><br/><br/>3. Another monetary example was the Susan B. Anthony $1, introduced in 1979.  Many types of problems soon resulted in it being called the Susan B. Agony $1!  The worst one may have been that huge percentages of the population confused it with a quarter.  It was widely REJECTED! The U.S stopped making the coins for circulation after only 3 years!  They had huge numbers of bags of them that it too a long time to get rid of.  As far as I know, they didn’t offer discounts. :)  ",-0.9572
99,"""Will anyone on the right take heed? Probably not. ""<br/><br/>As I've written before, we have a vacuum in leadership that will capitalize on the formation and relative success of civil rights and protest movements. Occupy rose in answer to the start of the Great Recession. It was squashed. Moral Monday rose in opposition to the laboratory work in North Carolina and it has spread, but without support from national organizations to grow it into a proper national movement, the voice of the people will remain muted by what is now our dual police and surveillance state.<br/><br/>Wherever unemployment is no longer extremely high, underemployment is. Pay, wherever one looks, is low and the misery is spread evenly. So, while I agree that the Texas miracle was smoke and mirrors, the success of other states, including my own, has been limited by the inaction of Congress.<br/><br/>Los Angeles is seeing a huge uptick in homelessness, at 12%, and while a high minimum wage has been passed, it won't take effect for quite some time. Housing costs have soared and there are only so many part-time jobs people can take on. Just last week the NLIHC put out its annual report, with an interactive map of the lowest wage needed in order to afford 1 and 2 bedroom homes. There isn't a state in which one can afford housing on a minimum wage salary.<br/><br/>Unemployment may have come down, but the misery level many of us have suffered since the start of the recession just hasn't. Austerity hasn't worked in red states or anywhere else.",-0.9576
100,"And notice how carefully Ross worded that statement- the average time served for drug crimes may have risen very little over that period, but what about the numbers of people imprisoned for those supposedly unchanging sentences?  Our prison population has expanded- if you want to say that this isn't because of drug ""crimes"", how about some figures?  What was the ratio of low level druggies to actual violent criminals in the recent past, and what is it today?  Do you have those numbers?  Otherwise, you can't credibly make the claim that the increase was due to murderers.",-0.9808
101,"How long ago was that incident?  How many people are in the USA.  300 million?  These acts are extremely rare.  Everyday crime claims far, far, far more lives but all of these same people scoff at get tough measures regarding it.  They wail agains stop and frisk, which a comparison of stats is starting to show many lives lost due to ending the practice.  So, in summary, the liberals and many people in the black community who suffer the most with plain ordinary crime and gangsterism that claims lives big time don't want to do things PROVEN to lower the death toll but they want to take extraordinary measures that won't work anyway to stop incredibly rare instances of mayhem via madman.  Utterly unbelievable.",-0.9836
102,"Here is another view of the same unemployment rate data over the whole period from 1980s to the present.<br/><br/><a href=""https://research.stlouisfed.org/fred2/graph/fredgraph.png?g=1ATo"" title=""https://research.stlouisfed.org/fred2/graph/fredgraph.png?g=1ATo"" target=""_blank"">https://research.stlouisfed.org/fred2/graph/fredgraph.png?g=1ATo</a><br/><br/>What's evident here is that the current unemployment rate of 5.3% is still above the lows reached in March 2007 at 4.4%, October 2000 at 3.9% and March 1989 at 5.0%.  In fact, that last 5% figure was the lowest unemployment rate ever achieved during the 1980s.  But note how much higher inflation was back then and that it was steadily rising well before the low in the unemployment rate.<br/><br/>During the Clinton presidency unemployment fell to 3.9% in October 2000 and yet again this low was also preceded by a period of rising core inflation, albeit from a much lower level than in the 1980s.  During the W. Bush years in March 2007 the unemployment rate fell to 4.4% but this time inflation had already gone above 2% in September of 2004 and stayed there for the next 3 years in a row.  Now look how the current situation contrasts with those previous periods.  Today, inflation has been falling, not rising, and still remains well below 2% even as the unemployment rate is nearing 5%.<br/><br/>George H.W. Bush was fond of blaming the Fed for not winning a second term but clearly inflation was much higher during his time at around 4% for the core PCE deflator.  Today, the Fed really has no reason whatsoever to even consider hiking rates but may do so anyway and precipitate a completely avoidable breakdown in the current recovery.",-0.9838
103,"Transgender individuals pose an exceptionally high suicide risk, with 41 percent of respondents to a survey by National Center for Transgender Equality and the National Gay and Lesbian Task Force admitting to having attempted suicide. This compares to less than 2 percent of non-transgender individuals. One can argue that the high suicide rate of this population stems from discrimination. But that is by no means established. It is just as possible that the high suicide rate is associated with the same mental health issues that drive an individual to fail to identify with the gender encoded in his or her genes. <br/><br/>Regardless of the cause, it makes little sense to include people with strong suicidal tendencies in the military. We need men and women in the armed forces who will fight for their own survival and that of their fellow troops, not people who may opt to fly their fellow soldiers into a mountain, for instance. ",-0.9855
104,"Earlier I posted a comment asking what the number of transgendered black individuals was in the US.  A reply was posted that the estimated population was 125k.  <br/><br/>So using that figure let's do some math.  <br/><br/>1)  Most of those murdered were black<br/><br/>2)  the overall murder rate in the US is about 5 per 100k<br/><br/>3)  But the Black murder rate per 100k is roughly 15 per 100k -- most committed by other Blacks.<br/><br/>4)  Murder is the leading cause of death for blacks between 15 and 24 -- accounting for roughly 50% of all deaths vs 5.1% for the total black population.<br/><br/>5)  These victims were likely in the age range for Blacks where the risk of being murdered is particularly high.  And if these individuals were engaged in risky behaviors, the risk would go higher. <br/><br/>6)  If the # of murders of Black transgendered totals 25 for 2015, the rate would be 20 per 100k -- higher than the overall Black rate (15 per 100ik) but given the age range and likely behaviors -- it doesn't seem out of line.  <br/><br/>7)  It is also ia small sample.  I'm willing to bet that the standard deviation in the annual number of  Black transgendered murders is around 4 or 5 -- and I'm willing to be big $$$ that the rate is not statistically different than for Blacks in the age range most of the victims were in. <br/><br/>In sum -- before you get all weepy and white privileged -- check the data -- the murder rate is not out of line with what you would expect knowing the demographics of these individuals.   There is no story here.   ",-0.996
