,comments,scores
0,"I'm in my late 20s and have been reading Modern Love since I was a teenager. I have the most supportive family and friends. I have a challenging and rewarding job I enjoy. I love living in New York and traveling even more and work hard to see as much of the world as I can. I didn't feel heartbroken when my engagement to my boyfriend of many years ended this past Spring because it always felt wrong and I finally felt free. But now, finally single, I find myself an addict just as the author has described. Loved ones describe me as rationale, pragmatic to a fault, and successful in whatever I put my mind to, but in love I am the opposite. I put so much stock into an intense initial connection or early excitement of a new encounter only to find myself heartbroken when it doesn't work out. I wish I could find the balance that the author achieved. I wish I didn't feel this massive hole in both my head and my heart every moment of every day wondering how and when I will find that person who I'm meant for. I wish I was convinced of my self-worth in the way my family and friends say I should be. Instead, I just feel like a desperate little girl with no control over her life seeking something you can't force yourself to find. I truly hope one day I have a happy ending to share like the author of this column does. ",0.9951
1,"Best case is you are married to a strong person who shares your openness. You are both strong and have lots of friends and sturdy personalities, and nobody's going to freak out when you experiment.  <br/><br/>Most people do not inhabit anything like this ideal situation.  The strength on both sides is missing.<br/><br/>So, what to do.  You have rights and responsibilities.  Your responsibility is to help, and not harm the person who foolishly entered into this silly contract called 'marriage' as you did yourself.  You owe kindness and compassion toward that person.  <br/><br/>But what about your rights.  You have them.  Your right is to grow.  You specifically have the right to have friends. People act like marriage is a switch on the wall that causes all your friends and personal life to disappear as soon as you flip the switch.<br/><br/>How crazy is that?!?<br/><br/>A wise man told me that the marriage is 20% of your life.  That means 80% belongs to you to do as you wish!!!  This is worth three exclamation points because anything goes in that 80%, with the proviso that you try to love and value the person you married.<br/><br/>So here's the bottom line:  go ahead and 'cheat', as it is laughably and stupidly called. Live! Have fond feelings for many.  Do not feel guilty for embracing others.   Be discrete to protect the feelings of your partner.  But enjoy friends, in any form that takes. <br/><br/>Finally, people grow, and they may grow apart.  Accept this.  Love, but understand that a 'soul mate' is just a popular fantasy.",0.9939
2,"The essence of being a person (female or male) is to be true to one's self. The question of whether she is too old to do what she is doing is better asked as if this is her ""true self"", it's her artist's self but let's remove the ""age"" factor and see if its' good art. The I can do whatever I want looks like a Miley Cyrus rip off of it's our party we can do what we want, that's what immediately came to mind when I watched the video. If this is her choice in her late 50's great, I don't see it as great music or great art, I just see it as giving the public the finger and laughing all the way to the bank.",0.9921
3,"Dear Hillary:<br/><br/>I was not surprised when you said you did not believe in changing hearts. Hearts do  not need changing. They just need to have someone breath on them a bit, fan them into a flame; they encouragement and not just hope but a knowing and a determination to make things right for all. I think that your commentary to the young man was exactly that.<br/>You have a great heart, Hillary. Use it. Intelligence is is sooo much more powerful when guided by Love rather than just intellectualism.<br/><br/>If there is anything that you have going for you it is your heart and your love of humanity. It is what drove you into politics as a young woman. You were early and did not have enough other hearts around you to generate the single payer system. But You scared the bejeebers out of the opposition.<br/>Since you accepted the call to service this time lots of hearts have been ignited. this time when you offer a health program that actually helps us all, there will be enough other hearts you see the wisdom and it will become Law/ Count on it.",0.9913
4,"The Peanut Farmer from Georgia showed us how to be gentle, gracious, respectful, and leave the White House gracefully.  He has done more for humankind than anyone of his generation, and then some.<br/><br/>Dear Mr. President -- I wish you the best possible journey, and wish you much love and laughter, and to be surrounded by those friends and family whom you love and adore and who feel the same about you.<br/><br/>I voted for you in 1976 and in 1980, and would do so all over again.<br/>You are a class act all the way.<br/><br/>EEFSalomon",0.991
5,"""The Very Best of Kanye West""<br/>	What interested me the most in the New York Times this week was an article focusing on Kanye's music from throughout the years. The article highlighted 8 different tracks which they believe is his very best works. While I can agree with most of their choices, some still do not resonate with me as much. Being that Kanye West is my favorite artist of all time, it is only appropriate that he created my favorite song of all time. With heavy bass and a catchy hook, ""All of the Lights"", which took over 14 artists and over two years to produce, is the hallmark of the entire music industry. Kanye took sounds from almost every genre and composed them into one great masterpiece. ""Gold Digger"" and ""New Workout Plan"" on the other hand, was one track that I believe should not have made the list. Yes, the tracks were catchy and humorous, but they lacked deeper meaning like another Kanye song would have. I would instead replace them with ""Hey Mama"", a tune dedicated to his late mother, and ""Diamonds From Sierra Leone"", which discusses the amoral problem of blood diamonds. West's masterful use of sampling and his relentless drive to perfect everything he touches should set the precedent in the industry. I believe as long as Kanye is breaking down barriers and revolutionizing music, which he has been known to do, the industry will grow and expand into new territories, ultimately creating a more diverse and pleasurable listening experience for everyone.",0.989
6,"This is a great article, thank you. I love ""keep being awesome and you'll attract the right person."" You are a handsome, talented, strong person that is open to love. In short, a catch. I know the right connection will emerge. Thanks again. ",0.9875
7,"Beautifully written and a story well told about a brave woman who endured so much without developing bitterness. Very special persons, Phyllis and her wife, and very, very brave.<br/>But I was surprised to see no mention in this article of Jazz, the lovely girl featured in a TLC program. Jazz is ebullient and charming and funny, creative, smart, very self aware and she is just hard to resist.  She knows she is in for a tough ride (she is about to enter High School) but her parents, siblings and grandparents are in full support of her early transition guided by their doctor, who seems to be pretty special too.<br/>She is fortunate to have such a loving family - really - their love for her and for each other is palpable. No worries, Jazz, no worries.",0.9849
8,"Agree that 2nd act still needs work - but the ""Sincerely, Me"" number sung by (the now dead) Conner is the catchiest, most fun song of the show - even the song's reprise that was added for the Opening was so much fun. Think the father's ""Right Way"" song could be cut, and instead a love song added between Zoe &amp; Evan in the orchard (at the end) would be perfection. Hope it scores big on Broadway. It deserves to be seen - and awarded!",0.9847
9,"You make some good points but not the one about Chuck Berry and Keith Richards.  Music from the dawn of time has borrowed and enlarged from what previous artists did. All musical cultures exhibit similar questions and ambiguities (read up on the history, say, of Bert Kaempfert's Strangers In The Night).  Berry himself to his credit always acknowledged influences on his own music and guitar style.  Many black artists were appreciative that white artists gave their music a larger audience and helped revive careers.  In the end, people must be judged on their own merits and what they do sometimes is not the result of any grand cultural forces but just their own make-up.  I do feel Berry loves Richards (and Jagger) at bottom and I don't think he'd have performed in Richards' Hail Hail Rock And Roll film if he didn't.",0.9815
10,"To paraphrase Jon Stewart, do I have to marry a gay person?<br/><br/>Why does anyone care? How is who another adult loves any of my business? <br/><br/>And what kind of human being can look at a photo of two people hugging each, crying tears of joy because they can finally, finally marry and feel anything but happiness for them?<br/><br/>To the rest of the civilized world: The vast majority of Americans are not racist, sexist, stupid, or insane, but ever since the Republican party decided to pander to religious conservatives, a small, but often rich, minority (mostly due to their tax exempt status), our wonderful country has gotten much worse. (Not that the Democrats have not contributed, but it is a matter of degrees.)",0.9811
11,"You, Sir, have the right to keep any health conditions to yourself.  And President Carter certainly has the right - and the concern and interest of his fellow Americans - to share with those who have long admired him the current stage of his health. He has given Americans<br/>a wonderful model for courage, openness, and the faith that has sustained him.  Thank you, President Carter and God bless you and Roselyn. ",0.9806
12,"I will be 89 this June 11th. I am a retired social psychologist and live in a large redwood house in Pomona , NY. I’m married. My wfe is 83. Both of us are moderately active .She has an extensive garden that she works in. Both of us drive. I do the shopping, and cooking. My balance is a little shaky, and ability to walk has diminished as well as my strength. In my younger days, I was very handy in  the house, repairing and building, but that ability seems to have disappeared, because of a lack of physical flexibility and motivation.  But my mind remains clear and I still remain curious about the world. My health is good . WE have a  subscription to the Philharmonic, and although it is an afternoon one, we have stayed in the city and have had no trouble driving home at night. I enjoy reading, mostly mysteries, and oddly enough American and British History. I also enjoy classical music and have an extensive cd collectio and listen to WQXR as well as my cd collection.  We have two adult daughters and 3 grandchildren. We visit them regularly, one near Allentown, PA, and one in Riverdale. An ordinary life, but still a pleasurable one.                                      ",0.9794
13,"Dear Amy, I have been waiting for this update for weeks! I am glad your dream has come true and that you are finally enjoying motherhood... All my best to you and Salomon, and of course, all the best to precious Lily Charlotte!",0.9787
14,"Today of all days coming on the same day as the funeral for Rev. Pinckney, we all must remember that this victory for freedom and love is only remotely possible due to the years of struggle - that the martyrs of Charleston reminds us continue - by those of the civil rights movement who persevered against the odds with brilliant and persistent legal strategy and fearless individual and community activism - we all stand on their shoulders, benefit from the groundwork they laid for us, and owe a debt of gratitude.  We also learn from their example that a legal win while key is just the start of making freedom a reality.   ",0.9779
15,"With a Tap of Taylor Swift's Fingers, Apple Retreated - Ben Sisario<br/><br/>This article interested me because I am a big fan of Taylor Swift.  The fact that she can go on any social media and influence companies as big as Apple is just incredible.  It makes sense that she wants them to pay her for playing her music, she deserves it.  Although it is not clearly said that Apple made their decision because of what she said, ""its hurried announcement late Sunday suggested that it was Ms. Swift's shaming that led Apple to change its tune.""  Some say that she has so much control in the music industry because of her popularity or her independent record label.  Her label, Big Machine, made a deal with iHeartMedia, the country's largest broadcaster.  She is not the only artist to have done things like this against major companies, but she is one of the few to have her comments be heard and addressed to.  Her fanbase is also what makes her so big and gives her so much power in the music industry.  Her command over social media makes it very easy for her opinions to be heard.  I think the Apple situation shows just how much social media has an affect on pretty much everything.  It is very much a part of people's lives and Taylor Swift simply uses it to her advantage.  I don't see a problem with that.  She is an inspiration to me, and her dominant personality is one of the many reasons why she is so big and has made it so far in the music industry.",0.9777
16,"A beautifully written remembrance of a man and his friend, who dared to push the edges of the envelope for something they loved and felt challenged by.  I can only imagine being this brave, this committed, this talented, this willing to sacrifice it all for the joy of soaring through the sky.  Godspeed.",0.9762
17,"Holy cow, who funded this study? Pure malarkey! Hubby and I just celebrated 25 wedding anniversary with a two week road trip, had a superb time. Yet I couldn't balance on one leg for all the tea in China and then one leg while writing? Never mind the nonsense I'd compose — would say anything to end the circus act. <br/><br/>Do not recall having the adeptness to balance on one leg even when younger. Couldn't catch a ball either. Physical coordination is hardly a happy love life indicator. <br/><br/>Klutziness has its own humor — wit with humor most assuredly essential relationship ingredients. A different kind of balancing art.",0.9754
18,"Thank you for writing such a beautiful article. It's rare that anyone writes about so many places close to my heart. Billings, Red Lodge, Yellowstone, Jackson and Idaho Falls are all wonderful places. I think you saw some of the most inspiring vistas we have in the USA. Please send more people out west to enjoy our great country. ",0.9712
19,"Lisa,<br/><br/>I was completely miserable, so I quit a union job with great benefits and a retirement plan, sold my house, gave away most of my possessions, and lit out for a job overseas.  I have never regretted it.  You may not be in a position, or even want to make such radical changes, but you are probably in a position to achieve a happier life.  Cut back on some things, make a good financial plan, and start your pieces moving.  Allow for new experiences and new friends to impinge a little on the Nordstrom experience (who says you have to give that up, anyway?) and see where you go.  As far as we know, we only get one shot.  You deserve to be happy!",0.9701
20,"A great series of articles with great impact.  Shine a light on the ""back room boys"" about their jerking the puppet strings to take advantage of the loops in the law and make a bit more profit and you find them slinking away when they see the profit threatened from a different direction.  Real American lives are being affected by the mis-application of what might otherwise have been a well intentioned law. There is absolutely nothing wrong with profit but when it is sought in such a dirty underhanded way one wishes for the resurection of ""old Walt"" to sweep them away and clean house.  It is great that there is a potential to clean some of the ""dirt"" out of another house up on a hill in DC and shine some light in the corners there.  The law makers won't fix it unless they feel the heat to do so.",0.9677
21,"I saw the show on a screen at a local theater and thought it was great. The boys got into those great psychedelic high energy jams, that had me and rest of the crowd dancing our butts off. Don't believe the naysayers - this is a great celebration of a great American band, that helped change our cultural landscape.  You have two more chances to be a part of history.",0.9665
22,"Genuine applause for Miss Copeland on her promotion within the company, well deserved and inspiring. I am reminded of a certain evening in 1977 in Houston, Texas, and first saw Judith Jamison perform ""Cry"" with the Alvin Ailey Dance Company from NYC. Although caucasian, 17 years-old, and a senior in High School, I cried in my seat. After the show, I danced on the sidewalk. In college I studied Ballet, Modern, and Jazz. I went on to dance with the Austin Ballet Theatre for two seasons because of one woman's - an African American woman- amazing light, love, and talent. Brava and may you shine lighter than the Statue of Liberty!",0.9642
23,"Oh. Photographing cats is the most miserable, frustrating experience EVER.  I have had better luck photographing bees in flight (ie, precious little!)<br/><br/>I have three gorgeous cats.  We have tried to get them to be their wonderful selves on a video.  They do nothing.  I mean NOTHING.  A non cat person would be amazed at how long a cat can do nothing (answer:  indefinitely or until you put the camera away.)<br/><br/>They have lovely eyes, shimmering with color.  When the camera is pointed at them the eyes shut, or the cat looks the other direction, or he runs away altogether, which at least is SOMETHING (why didn't he do that on the video?)<br/><br/>I do think they've taken possession of my soul as well as all our other stuff:)",0.9639
24,"You may want to read up on Grace Kelly and her behavior when she was very young and in the business.  But then you had an army of publicists to protect you.  That, along with her father, kept her dalliances out of the public eye.<br/><br/>Can't really make up my mind about Ms. Cyrus as I'm too old to know her music and career.  But there's a part of me that thinks she has a good sense of humor, has known how to manipulate the media since she was little more than a child and is simply having fun.  There's nothing wrong with that.",0.9624
25,"With respect to the doctrine of affirmative consent, I do believe we are losing our minds.  What ever happened to the concept of ""Qui tacet consentit?""<br/><br/>Perhaps the affirmative consent doctrine becomes national law, then who will define the meaning of sex.  Does the definition of sex include a pat on the back, accidental touching as might happen in a crowded subway or elevator, a hug to convey greeting or farewell, et cetera?  Also, could certain physical behavior (e.g., petting, hugging, kissing, etc.) mean yes?",0.9614
26,"Leslie Jamison leaves out Ezra Pound's famous imprecation that ""poetry ought to be at least as well written as prose."" Pound's obserservation was made at a time when what was generally considered poetry was indeed in bad shape, when he , aside his own collection PERSONAE  and in backing a handful of unknown poets  re-created the genre so that prose might again aspire to be as enticing as poetry. Meanwhile, we have something called ""word poetry"" that, for my money, has nothing to do with poetry - lyric, dramatic, narrative - unless you regard each single word in the language  - including  ""and,"" ""the,"" ""of ""&amp; the like - inherintly poetic, which in certain fundamental respects they of course still are, say, to an infant hearing them the first time.<br/>       Dan Stevens delightful attemptt to dissolve genres of every kind generates in me the recollection of living amongst the aristocrats of the American working class that had retired to their Palapers along the Rio Mulege &amp; all the men went fishing while the wives read ""romance novels.""  As someone who is qjuite proud of having acquired apprentice papers as a marble &amp; tile man while attending Breadloaf these many years ago it is my guess that it will be a long time before the puveyors and consumers of ""romance novels"" will abandon that category.",0.9595
27,"Such an evocative narrative, so lovingly written. I did not know that Danny Pearl's wife, the writer of this piece, is part Cuban. I am so glad that she is doing well and that she draws happiness and strength from her Cuban family who have endured so much and continue to do so. My heart goes out to her and to them. ",0.9592
28,"""It has always saddened me that American Ballet has seen fit to import their great artists from abroad, than to do the word necessary to educate and train our own artists"" <br/><br/>Aleluya!  Someone aside from, yours truly, who is also saddened and dismayed by such an appalling practice! This astonishing farce also extends to the Metropolitan Opera as well. Its roster is mostly or foreign white singers, despite the two or three exceptional blacks, but they are hardly of the caliber of those of the era in which Leontyne Price, Shirley Verrett, Martina Arroyo, Leona Mitchell, Grace Bumbry, Simon Estees, etc, frequently performed. I feel that The Metropolitan Opera is in need of a Civil Rights movement; and by the same token, (no pun intended) the American Ballet needs more black soloists that look like, First Lady, Michelle Obama or Academy Award Winner, Ms. Lupita Nyong'o.  ",0.9558
29,"It is with a still heavy heart over the loss of my husband three years ago last month that I write. Jill Smolowe captures the the very unformulated feelings I subconsciously have about my own future relationship with another man. Your own comments regarding the death of your beloved wife renew my faith that men can and do think and feel much like women do. It is comforting to think that another man with complex and deep emotion is around. Trying to navigate the ""dating scene"" after a very rich, happy thirty four year marriage is challenging and frought with emotion. Having loved deeply, I don't wish to imagine not feeling that again. So my next husband, should I remarry, will also have to be OK with a bigamist.",0.9552
30,"Matthew, I really do have to say how much I appreciate your acknowledgement of those of us who precede you.  I sometimes get the impression that younger guys would prefer to distance themselves from the generations that came before (or maybe it’s just me) -- you, on the other hand, give me hope that the striving and surviving I’ve seen in my lifetime will not be forgotten.<br/><br/>Feeling all kinds of validated today.<br/><br/>For so long this day has seemed like just a dream.  Had no way of knowing it would feel this good.",0.955
31,"I read ""All That Is"" after a New Yorker recommendation, not being familiar with Salter. My feeling throughout that beautifully written book was how Salter is a master of writing like Sargent was a master of painting. Big, elegant, masterful brushstrokes executed by a naturally talented artist with a big, elegant vision.",0.9531
32,"Imagine -- it was only in November 2008 that California passed Prop 8, which was heavily supported and financed by the Mormon Church!<br/>How far society has come in less than 7 years.  As others noted, progress seems to happen slowly and then all at once!<br/>As a former Mormon, I cried with joy when I heard the news.<br/>God bless the Supreme Court majority and God bless America.",0.953
33,"Perhaps the author should have spent less time in the bars and more time in the Baltimore that I know and love.  We have lovely green areas, many historical sites, museums with great permanent collections, professional sports teams, and most of all, wonderful people.",0.9521
34,"Love Kevyn Aucoin, and I loved his pieces in ""Allure"" magazine, too. His eyelash curler is the best, and I get to fondly remember him each time I use it. He also made a cameo on ""Strangers with Candy""! What didn't he do?!",0.95
35,"I am a clinical psychologist and professor who has departed from the field frequently to pursue other interests and other disciplines.  Each time I come back to the field after one of these interdisciplinary excursions I encounter a similar conclusion:  there is a lot of mediocrity both outside the practice of psychotherapy and within it.  Regardless of the domain, finding exceptional talent is difficult.  With the arts or humanities, mediocrity may be more easily spotted, and there may be a dependable process of Darwinism that fosters more access to the most talented: a half-hearted ballerina isn't likely to last.   But in the area of psychotherapy, there can be a lot of under-talented practitioners who are particularly accessible.  This is unfortunate, because a genuinely talented psychotherapist can provide a remarkable experience in one's life.  The key, however, is to commit to a process of finding the right one, and recognize that really well-guided reflection upon life is invaluable if one gets the opportunity to do it. ",0.95
36,"""Roman Totenberg's Stolen Stradivarius Is Found After 35 Years""<br/>As a violin player myself, even the mere thought of a Stradivarius is enticing, so this article definitely caught my eye.  Almost 35 years ago, a Stradivarius violin, known as the Ames Stradivarius, was stolen from Roman Totenberg's office, where he worked at the Longy School of Music, in Cambridge Massachusetts.  The violin was crafted in 1734 and at the time, in 1980, was worth around $250,000.  Today though, a Stradivarius would sell for millions.  The violin turned up when a woman from California went to get the instrument appraised in New York.  The appraiser instantly recognized the violin, and contacted the art theft team.  Roman's whole family was ecstatic when they heard the news.  Sadly, in 2012, Roman Totenberg passed away, and was not able to witness nor hold his instrument again.  Roman had owned the violin for around 38 years, and for almost 2 decades, he had given it the love it needed to reach its full potential. the Totenberg family has promised to make sure that this masterpiece of an instrument will end up in the hands of another great player, who will play in concert halls all over the world.  It is only so long that an instrument can go without being played, and the voice of the Ames Stradivarius has been stilled for too long.",0.9488
37,"Dear Doctor Sacks, may you live to be one hundred and twenty years,<br/><br/>Thank you for your most moving and affective essay. As our Rabbis might say, you have earned the z'chut, merit, and the the opportunity to pause and reflect on your singular life on your own erev Shabbos, Sabbath eve, within the home and hearth of your illustrious family, patients, students, friends, readers, fellow humans, and co-religionists. I feel privileged to have lived on the same planet and at the same time as you have. You are an inspiration to all those who have crossed your manifold paths. Our religion teaches that each day of the week is to be seen as an integral part of the Sabbath and that the spiritual preparation for the music of the Sabbath should occupy the work-a-day prosaic days of the week. By your extraordinarily life you have demonstrated how this is be achieved.<br/>On your continued path through life, may you travel in peace.<br/>With Love,<br/>a fellow Jew and Human Being ",0.9485
38,"Mr President,<br/>Thanks for writing to us... Your strength, courage and growing wisdom is a pleasure to watch. God speed in the years ahead... keep your head down, do well, and never never doubt.",0.9484
39,"Yet another beautiful aspect of hospice care is that it is there for all, whether there is adoring family present, or not.  Even the most isolated person is surrounded with love and care as they find the exit.",0.9478
40,"Good for you Nicholas!  The two of you are building a wonderful memory based on such a rare experience.  To be able to hike the Pacific Crest Trail with your daughter is to build an incredible  bond.  Thank you for sharing, and I hope to read more of your back country adventures soon.",0.9476
41,"Now don't argue with me. I'm 62 and learned to hold the spoon and feed myself listening to Ella Fitzgerald, Dinah Washington, Billie, Etta and Sarah Vaughn and Little Jimmy Scott on the HiFi as my mother cleaned and sang along around me. <br/><br/> Amy Winehouse was one of the truly great voices -  ever.<br/><br/>She had it all- except time on her side to mature and people who knew how to be stronger than her when she most needed them to be and valued her more than anything that they needed from her.<br/><br/>What a loss.....",0.9463
42,I'm very happy to hear the great progress in heart care. It is wonderful.<br/><br/>I am extremely disappointed to discover that any engineer or efficiency expert could have solved these problems years ago. <br/><br/>Medicine will only improve when opened up to other disciplines that can easily see glaring inefficiencies and failures in the system. <br/><br/>A fresh set of eyes can really bring new insights.,0.9451
43,"As an homage to the Pharoahization of Pharaoh, I first wrote in SEATTLE SLUE. I know!<br/><br/>Too many great and beautiful horses for me to settle on a single favourite, but since early days I've had a special fondness for Hambletonian.  Not to be sulky about it.",0.938
44,Thank you Mr. Schultz for such an eloquent article.<br/>Maybe this article should be made required reading for all Democratic and Republican candidates.<br/>This is exactly the type of leader we need for our great country in her hour of need.<br/>May God bless you and May God Bless America. ,0.9371
45,"I know of no cover band that has three of the five (or 4 out of the 6 if you include Mickey Hart) founding members playing of the original band, do you? Sorry you can't see these shows in their entirety.  Yep, money was made (it is their job after all) and music was enjoyed (some of the best on the planet) and people came together again in positive, common purpose-so what?  ",0.9356
46,"She is so truly beautiful, she brings a great energy to her performances. I can imagine kids in my neighborhood seeing her and wanting to do ballet.",0.9339
47,"1 year ago, I went to a Catholic church and pretest started a speech about Child Prodigy. That was so sad to listen to that story because of the way those kids live, normally the have companion like friends, love etc. their condition of the live is stressful and miserable to be honest I would choose or want to be a Child Prodigy. Creatively they usually smart in life most of them become the memorial people in the world. Like I said in the beginning, the story was horrible but the result the people they become are wonderful, it’s not easy for them to develop their talents sometimes there’s so many barriers. Most people do not treat them well. By the fact all I want it’s a reliable and good live for them. I need the society to let them execute their skills and quality and one day life will be normal and sociable for them. ",0.933
48,"Trump's greatest talent (and greatest vulnerability) may be that he walks away from every encounter, even from beat downs like the one he received from President Obama at the correspondents dinner, thinking, ""Sucker!"".",0.9324
49,"Trump's greatest talent (and greatest vulnerability) may be that he walks away from every encounter, even from beat downs like the one he received from President Obama at the correspondents dinner, thinking, ""Sucker!"".",0.9324
50,"This is really outstanding, Mr. Horn.  American Literature outstanding.  Thank you for sharing it.",0.9311
51,"""“Love &amp; Mercy” doesn’t claim to solve the mystery of Brian Wilson, but it succeeds beyond all expectation in making you hear where he was coming from.""<br/><br/>Mr. Pohlad seems to understand, as too few do, that mysteries present themselves to us not as problems to be solved, but as encounters to be experienced, deepened and savored.   And this is what he invites us so well to do. ",0.9306
52,"Thank you so much for a fantastic look at a fascinating, noble man. The fact that he never advertised his deeds and seldom spoke of them says nearly as much as his initiatives themselves. You will not be forgotten Sir.",0.9264
53,Pass the tulip bulbs.  A story that takes different forms but one that will be told again and again long after our great great grandchildren are gone.,0.9231
54,"How marvelous -- concept, execution, and perfect animation! Many thanks to both Mr. Talman and Ms. Carre. (I wish I had had the chance to experience the entire work in situ but left New York a decade ago. This creativity and thoughtful evaluation are what I miss about the City; while in theory I now have greater access to *the real thing* in small-town rural New England, this work heightens my awareness of loss as developments take over the meadow and forest habitats and we lose connections with the sounds, as well as the sights, of birds and butterflies, in particular.)",0.923
55,"Thank you, Frank, for putting this into personal (and touching) words that illustrate the growing change in our society. I have such hope for my toddler son that he will grow up fully believing in himself no matter what his ""wiring"" is or for whom his heart beats. Rulings like today's give me even more hope and optimism.",0.9211
56,"This makes me think of the ""Arts and Crafts"" movement in England, where craftsmanship was valued.  This was a rebellion against industrialization and mass production of cheap products.  It may not have provided jobs for many people, but the wonderful designs resonate still.  Think William Morris...expensive, beautiful, hand-made furnishings.",0.9201
57,"Great speech! Never heard of Tim Minchin before, but I will check out his work, after really loving his thought process. Thank you.",0.9166
58,"Like the other commenters, these posts always bring tears to my eyes. You write beautifully about the sacrifices that your family is making, and I wish you continued strength. I always breathe a little easier about whatever my own problems may be after reading about how you are handling such a complicated time with such grace. ",0.9154
59,"Thank you for this piece. The people in our community who are not breathing a sigh of relief that they can now legally marry - because they are busy trying not to get murdered, arrested, deported, fired, refused housing, refused medical care, disenfranchised, and so on - are watching to see if they are forgotten yet again.  I don't see a conflict between celebrating this victory and using the excitement and visibility to center the life-and-death needs of the people who have traditionally sacrificed the most for the movement. They are heroes.",0.9153
60,"Sweet ... thanks for the sensitive reflection on the strange new world of intimacy that we inhabit these days ... well written. Keep the pen moving, Emma. Love to see more of what you create! ",0.9151
61,"Putting locks on bridges is egotistical littering. How many couples took them off once the romance ended? Glad they are coming down. The Pont des Arts is glorious, and better without this silly gesture.",0.914
62,"Putting locks on bridges is egotistical littering. How many couples took them off once the romance ended? Glad they are coming down. The Pont des Arts is glorious, and better without this silly gesture.",0.914
63,"Thank you so much for sharing your thoughts as you go through this. Your writing is an incredible gift to the world. Thank you for dedicating your life to helping us understand each other, putting these kinds of things into words!",0.9092
64,Congratulations Amy and Solomon. Your daughter Lily is beautiful. May she have every happiness in life.,0.9081
65,"i have an 8.1, too, and my understanding is it will seamlessly transition to this 10. We shall see! Love love love my Windows phone, but don't love that it has such minimal market penetration -- it's only inferiority is apps, due precisely to that factor.",0.9051
66,"When I was an adolescent, I was totally in love with Omar Sharif. He made me swoon in Funny Girl. Wow, that brings back memories. RIP",0.9038
67,"“Every Tom, Dick and Harry could, without trouble, learn how to get something or other on a sensitive plate, and this is what the public wanted — no work and lots of fun.”<br/><br/>Not before a hundred years to be honest. Great, great documents though. The green Flatiron-Evening picture is haunting and outstanding. ",0.9034
68,If you have the talent the cost of going to Music School won't matter.<br/><br/>If you don't have the talent then I hope you have rich parents.,0.9022
69,"This. Thank you. Like it's edgy to compliment behavior that typifies all the worst in pop culture today. Porn inspired cheap thrills, morbid curiosity head-snap photobomb rubberneck attention grabs, and obnoxiousness of a sort that makes even Madonna and Gaga look good.  It's bad enough that American culture has devolved to reward only the most egregious narcissism and wanton sexploitation, must we applaud and call it 'exuberant' also?",0.8934
70,"I second the comments of all those lauding your writing, beautifully done and full of longing. I hope you keep writing. For no obvious reason, other than perhaps that intense longing, David Foster Wallace's work comes to mind. One moment of sincerity is worth more than all the cool irony there is. It takes a lot of courage though. ",0.8934
71,"Brava to Ms. Copeland!  May she have a long and rewarding career.  This is clearly a well-justified promotion, a good decision by and for the American Ballet Theater, and a good thing for ballet and the arts.<br/><br/>Ballet and classical music have, for too long, lagged behind the rest of the arts world in recognizing and accepting the abilities of individual performers without regard to race.  Barriers have largely fallen in modern dance, jazz, popular music, theater, movies and television.  Ballet and classical music may have originated in a European context, but America today is not Europe in the 18th or 19th century.  Spurious claims of artistic values can never justify racial bigotry, and it's long past time for such barriers to fall.<br/><br/>For those who claim that discrimination is in the past, it is worth pointing out that there are many African American artists alive today who, despite graduating from top-ranked conservatories and demonstrating the ability to perform at world-class levels, were denied the opportunity to pursue careers in ballet or classical music, ended up having to build careers in other arts from scratch, and despite their success and in some cases worldwide fame in those careers, still live with sorrow and bitterness over how they were denied the opportunity to pursue their original choices.   It would be wrong to reopen old wounds by naming artists who lived through this, but examples come far too readily to mind.  Let us hope such things are ending.",0.8884
72,"I am just not sure that the majority of the homeless are people who majored in the wrong esoteric subject! And Acting/Dance, Art Majors actually do very well because they are flexible (creative) and and many have learned good communication skills - whether they end up ""being famous"" and  ""successful"" or simply in a field that brings them satisfaction and a decent living. Dancers and other artists don't do what they do only because it is ""fun"" - they do what they do because it is who they are, so following that dream can lead to an understanding that helps in life - even if the dream changes.",0.8873
73,"Let us hope that from this day forward we will read dance reviews in which Misty Copeland is seen for the dancer she has become and is reviewed for the dancer she is in the performance being reviewed.<br/><br/>As concerns the focus here, I am happy to report that I am seeing more and more comments in which readers are asking the Times and the American public to free itself from its fixation on assigning a large part of the population to two races, a black and a white each seen as if it were a Hitlerian ""pure race"". <br/><br/>Move on.<br/><br/><a href=""http://Only-NeverInSweden.blogspot.com"" title=""Only-NeverInSweden.blogspot.com"" target=""_blank"">Only-NeverInSweden.blogspot.com</a>",0.872
74,"I lost my mother to cancer yesterday, in the middle of the night, as I boarded a plane to cross an ocean to see her. I didn't make it in time, but I feel it's because she wanted to spare me the lasting agony of holding her in my arms as she passed. That was always Mom's way of showing love — tough, private and selfless.<br/><br/>And yes, Sara, all your feelings ring true and honest. The raging pain of your impending loss, of watching your beloved sister wither away, does indeed erase all semblance of hope, real or clichéd. I was right there, too, for nearly three years. It scalded.<br/><br/>But let me share something while I am still raw with sorrow and before it slips away: your vulnerability is the gateway to your strength. When your sister passes, you might find a space in which, at times, the pain and loneliness can co-exist with a most profound and indescribable knowing of peace.<br/><br/>I keep expecting to “feel” my mom or see her spirit, but the truth is she’s part of me now. All that's left is love.",0.8689
75,"Here's some more non-commercial bands people may want to check out: The Insomniacs, Spinning Wheel Hotel, The Deadstring Brothers, Ex-Cult, The Dwarves, The Swinging Neckbreakers (from NJ!), The Postmarks, The Vicars, Beaches, The Mooney Suzuki, Dog Party, King Tuff, The Rakes, Turbo Fruits, Thee Oh Sees and The Dirtbombs (Ode to a Black Man Thin Lizzy cover is a timely and GREAT song).<br/><br/><a href=""https://www.youtube.com/watch?v=GB_vt2XC6kQ"" title=""https://www.youtube.com/watch?v=GB_vt2XC6kQ"" target=""_blank"">https://www.youtube.com/watch?v=GB_vt2XC6kQ</a>",0.8646
76,"[Times journalism] is art, and art is important and rare. Important, rare things are valuable. Valuable things should be paid for.<br/><br/>— Taylor Swift",0.8625
77,congratulations to a wonderful dancer!!!,0.8582
78,"Really Mr Little?  When was it that Mr Snowden advocated for the Russian govt?  (He even makes a poke at Russia in this piece)  You have clearly missed the continuing result of his actions.  The US gov would like nothing better than bring him home, lock him up, and silence his voice....which is exactly what will happen the minute he steps on US soil.  Wake up!  He's done and continues to do you a great service in protecting your freedom and privacy, no matter where he resides.  ",0.8572
79,"It seems true that we find scapegoats of many kinds in life--some of them are positive. A pet, like children, can bring the comfort of touch when it seems impossible to receive it from someone so much more capable of hurting us, also. ",0.8479
80,"I have long loved the works of Conrad from my student's desk to catatamarin racing and wary traveller. It is the deep connection with nature, and the ultimate knowledge that we humans cannot help but change the natural world around us, defining our humanness. We can only glimpse this through the eyes of another, like Marlow, because it is too difficult to look at straight on. <br/><br/>For me the natives in Heart of Darkness know the steamship is heralding in change; it is the type of change we must be cognizant of. Only experience in nature, like the ocean, can help guide us to be worthy in our endeavours.",0.8456
81,"She's perfect, which more pop artists could write good lyrics like she does",0.8442
82,"Great piece, and I wish they'd chosen a more accurate headline.<br/><br/>I graduated last year and can relate completely to your story and sentiment. People around my age tend (and this is by no means overgeneralizing) to avoid conflict and pain and instead ignore or abandon people they don't like anymore. It is very much a game of who cares less. I wish there were a simple way out, but expressing genuine emotion can make one a laughingstock. This goes very much with the trend of ""ghosting,"" or cutting off connections with a person by pretending they don't exist. It's dehumanizing and humiliating.<br/><br/>This all gives me the feeling that my generation is hopeless, incapable of true love. While it's certain that some proportion still have genuine feelings, and many will open up if the other does, and we are all likely to mature a bit as we age, I still have this feeling that my generation is disconnected from one another, and when the artifice of social media is torn down, very alone.",0.841
83,So nobody remembers the 90s and White Water.  This is all new.  The Democrats started all this terrible business of digging things up and putting in the press.  <br/><br/>It's so good we have Fox News we can go watch because they only use information that's real and they don't yell or  call anyone names.<br/><br/>Thank goodness for Bill O'Really.  He's nothing but polite and without him we might have lost Christmas years ago.  Thank goodness he's been a veteran and his books are well researched.,0.8405
84,Lovely. A real love story.,0.8402
85,"The current college grads are reacting to what they see ahead and the pessimistic attitudes of most of the leaders in this country about addressing the challenges ahead. It does not make for optimism and enthusiasm about the future. It happens by the time most people reach 30 years of age, they understand what they can do to take care of their responsibilities on their own, and what they probably cannot, that nothing in life persists forever, so they have some appreciation for what is important and is not. Until that time, they are constantly using their youthful energy and enthusiasm to worry and hope and try without any confidence they are making the better choices and directing their efforts most effectively. Load an experienced person with heavy debts and no ability to repay them because a weakly growing economy, the promise of insecurity from everything from globalization to global warming, and the wasting of time and resources by elders who do not want to take the risks of devoting time and money to adapting to the looming challenges ahead, and one could be expected to feel pessimistic and discouraged. ",0.8401
86,"I was there, will be there tonight and think this is a beautifully well-written review. You really nailed it. The Garcia-Hunter songbook is one of the greatest in the American canon.",0.836
87,"The Germans are just jealous of our Mediterranean climate, great food, beautiful beaches and overall better looks. ",0.836
88,"I believe we experience many, many lives and what he accomplished in THIS one was awesome!!!",0.8349
89,I loved it because you can make it ahead of time and put it together right before serving and because it is a beautiful presentation.,0.8316
90,"Congratulations on number 50, ACM!!  With apologies to our favorite blogger, I wonder if 48 followed by 46 backwards is intentional.",0.8309
91,"Robin,thank you for your article. As a therapist, I share many of the same experiences.   I think our love for our patients is precisely what helps them heal, and allows us to be in the dyad together in the most profound way.  I also dont think we need to grieve alone - we have each other to lean on...to share our grief and be witness to the beauty (and the tragedy) of this mysterious relationship.  That we in a sense have grief at the door all the time...we live with that every day.  I might suggest that you look into the AEDP community - a philosophy and way of looking at our work which in my experience has been a wonderful enriching experience..both in learning more deeply but also being together with like-minded souls.   I hope you write your book.  ",0.8271
92,The heart of a real champion.  Amazing young woman.,0.8271
93,"Thought I had gotten my act together, no longer crying, after hearing the news earlier. Then I read this, and the flood gates opened. This is a profoundly beautiful piece of writing, describing the monumental transition that has happened in my 64 years of life. You capture perfectly the positive implications of this decision.<br/><br/>Thank you so much!",0.8268
94,"I adored the original production which I managed to see 3 or 4 times at Lincoln Center.  Other than missing the showstopping ""Eating Myself Up Alive,""  the Encores production was exquisite.  I'm so happy I was able to see it.",0.8244
95,"""a remarkable recovery for James Murdoch""?<br/>What was remarkable about it? He was competing with two other people. He wasn't your average manager.",0.8205
96,"Those dating websites are not the best way to do this--- just get out, take an art class or another subject, (ballet@), go tour with a group, go on an Audubon Society birdwatching hike (I mention them because they stop to notice birds-- unfortunately, Sierra Club hikes felt like races to the top of the hill), etc.  Make friends in groups and eventually some deeper friendships can grow-- or you'll meet a friend of a friend.  ",0.8142
97,"How sad...so much to admire from the outside, so little from the inside.  I'm going to have to rethink my positive views of Amazon.  I won't be signing up for that Prime account I was thinking about.  ",0.8126
98,It would be fantastic if this would really happen. I hope all this discussion doesn't fade without decisive and appropriate action. ,0.8059
99,"Ms. Collins, guess what?  I failed miserably again at this July Quiz, and while I shall live, this poser of yours is being sent to everyone who recently became an American citizen on a Government Status deemed 'Extraordinary'.  The rest of us are getting ice-cream, if they know that James Buchanan was kind to his pet eagles.  So far this has been met with silence.<br/><br/>Back to the Presidential Primary Quiz.  With few exceptions, there is really nothing that one can do with these politicians.  Ted Cruz, to list one example, must have found an old copy of Cosmopolitan, where Burt Reynolds is stretched out on a tiger rug.  This is back in the mid-70s and when the Head of Public Relations in a humanitarian agency wanted my opinion, I didn't have one to his chagrin.<br/><br/>To tell you the truth, I quit the test mid-way because I lost heart, but others will not take themselves so seriously.  Thank you for this latest and wishing you and yours a happy long Summer weekend. ",0.8023
100,"""They died following their passion"" ? That's great if it has no effect upon others, but it does. Their families and friends are grieving, visitors to the Valley were disturbed by the awareness of nearby gruesome deaths, rangers had to search for and retrieve the corpses, millions of people have read and reacted to this story, after learning of it through the media. When you cause your own deaths in defiance of common wisdom and judgement, the resulting spectacle is nothing to complain about. These men proudly felt they were throwing down a gauntlet before the rest of us, their admirers should not be surprised or offended if that provokes widespread skepticism. ",0.7915
101,"Love it, and totally agree.  ",0.7902
102,All in how you perceive things. Sounds good to me in general terms. Beauty is in the eye of the beholder!,0.7901
103,"These rings are boring. The design concept is ""how many stones can you cram on to a representative flower?"" The actual flowers and the wallpaper print are pretty and lush. For the jewelry, it is hard to see beauty in what is nothing but a gauche display of wealth. ",0.7876
104,Otherwise known as conditional love and support.,0.7845
105,"Ms. Spechler should enjoy her happiness while it lasts, because it may not last long.",0.7783
106,"Actually you were around.  ""Building the Perfect Beast"", the album from which it comes was released in 1984.  Terrific choice.",0.7783
107,"""In the city of Diyarbakir, in the Kurdish heartland in the southeast, celebrations broke out as people flooded the streets, dancing and setting off fireworks.""<br/><br/>There was another moment in the history of Turkey where such celebrations were held: 1908. That did not turn out so well in the end. Let's hope this one ends on a more positive result.",0.774
108,"I love this. Thank you so much for this column, Nick. ",0.7717
109,Karen: I just love your writing. Thank you...Evan Koch,0.7717
110,"This has got to be the funniest thing I've read all day. I hear you! I don't care what naysayers say: I, lover of all things intellectual, am waiting with subtle desperation. Bring them on!",0.7688
111,"David,<br/>I must stand in agreement.History tells us the Buckley oil fortune originated in Texas. The Buckleys gave us American ""conservatism""  Joseph McCarthy and Citizens United.<br/>I am reminded of Reagan's economic guru Milton Friedman. He was a member of Ayn Rand's merry band of pranksters and hedonists whose intellectual superiority was used to confuse and stultify those of us who could not understand the joke. William F Buckley even identified the Libertarians as a greater threat than Communism.<br/>Thirty-five years after Reaganomics I cannot help but think that Friedman's greatest legacy may be the lyrics to the old Beegees' song ""I started a joke that started the whole world crying.""  ",0.768
112,I love this story  - how the effects of childhood loss can form you.<br/>The bar  - the Bee Gees  - The Apple Martini - the sudden distance<br/>of someone who you are sure you made a connection with - but the<br/>best was when I read the very end - the writer being from my last<br/>and favorite residence in NJ before moving to Florida - Ridgewood<br/>conjuring up aside from the story my memories there....,0.765
113,"Re ""You couldn't help but feel"" vs. ""You couldn't help feeling"": I'm never sure what to do about this construction in my editing work. Is it just a style decision,  or is there a ""correct"" form? I've researched this online and found a lot of different answers. Apparently, ""can't help but"" is considered a legitimate idiom. I've seen it in the New Yorker, which I consider the ultimate in picky precision. Yet, to my ear, the participial form seems more graceful (and more logical in its construction). I'm curious to know how the style gurus at the Times made their decision. And I'd love to hear some opinions from others.",0.7464
114,"God, I sure hope you're right. ",0.743
115,"Sigh. Siamese do rock. I had two of them at one time, and dearly loved them both. How I miss them after all these years.",0.7351
116,I'm certain I'm late and piling on but congrats Art.,0.7311
117,"Thank you, Dr. Sacks. Peace be with you.",0.7184
118,"This article is somewhat misleading because the stories it tells are from people who were lucky and/or turned out to have exceptional talents. Not everyone is in the right place at the right time.  Not everyone turns out to have unusual and exceptional skills.   Students would be better served by looking at people who are around them, in an assortment of fields, who are happy with their occupations and who can pay their bills.  Also look at the opposite, people who end up holed up in their parents' basements, or working retail and unhappy with it.<br/><br/>When I was in high school my music teachers wanted me to go into music, my English teacher wanted me to become a writer, a number of people thought I should be an artist. I liked all of those areas, and was decent at them. I always had an interest in science as well.  My mother said that writing is a skill needed by everyone, and you can do art and music as a hobby.  Art, music, and writing, are hard to get good jobs in. On the other hand, you cannot do science as a hobby, but it makes a great job.<br/><br/>I took her advice to heart and pushed through a very difficult and demanding bio major at the University of Chicago.  Now I am a professor who specializes in molecular genetics.  I write, I am involved in art and occasionally sell it, and have been involved in music on and off.  Science classes can be difficult, but you can be anything with a science major. It is hard to go back to science once you opt out though.",0.6977
119,"Who is ""we""? I, for one, feel sad about this and have no problems with it being in the news - I only hope one of these days that the EU leaders will propose an imaginative solution (some suggested by commenters here) but it doesn't appear to be forthcoming. I don't think the union is worth anything if this how the more powerful treat the weak (and I don't mean the governments). ",0.6915
120,"Great column that is much needed in this day and age, especially now that ""inspiration"" has been rendered meaningless. Quotes on facebook and Beyonce are inspirational. Get real, get to work. ",0.6705
121,Robin was lucky to have such brave friends. A whole bunch of people at their end-of-life stage need to have a group death on the steps of city hall to really make an impact.,0.6597
122,"Hunger games has some very low key relationship stuff (I think someone kisses), and some violence. But it also has a whole lot of really big thoughts ABOUT those things that I think fall into the category of ""if you are old enough to be interested in it, you're old enough to read it.""<br/>Yes, it's dystopian and there is a lot of violence and suffering, but they are deeply moral books. How to best keep your soul in a soul-sucking situation. An eight or nine year old is (or at least may be) old enough to know what should sucking situations feel like, and benefit greatly from such a spoon-full-of-sugar thought experiment. I know 4th grade was a soul vacuum cleaner for me! ",0.6592
123,"Hunger games has some very low key relationship stuff (I think someone kisses), and some violence. But it also has a whole lot of really big thoughts ABOUT those things that I think fall into the category of ""if you are old enough to be interested in it, you're old enough to read it.""<br/>Yes, it's dystopian and there is a lot of violence and suffering, but they are deeply moral books. How to best keep your soul in a soul-sucking situation. An eight or nine year old is (or at least may be) old enough to know what should sucking situations feel like, and benefit greatly from such a spoon-full-of-sugar thought experiment. I know 4th grade was a soul vacuum cleaner for me! ",0.6592
124,"Don't do it Joe!  You're a nice guy, a smart guy, you've got tons of experience, but there are just too many cringe-worthy moments.  Stay home.  Grieve for your son.  Find peace in the quiet moments.",0.6588
125,Great!,0.6588
126,"carol, I'd generally agree, but it's interesting that these  nuances come up when the perpetrator's name isn't Muslim.",0.6486
127,"Civility, creativity, and humor.  What more could you want in a partner?",0.6444
128,"Would You Want to be a Child Prodigy?<br/>By Michael Gonchar<br/><br/>As we see on television shows like Are You Smarter Than A Fifth Grader and Child Genius society has ideas of requirements for a child genius that should be met. Being an intuitive and abstract thinker, I see doors open. Doors that lead me to my dreams, dreams  that make me feel like I have lived another life as another human being, with a different psyche. My mind constructing these metaphoric plays in my head whispers to me these mornings that the human mind was meant to think abstractly, and that perhaps the fantasies that live in our realm as children are there for a reason. But, how could one be rewarded for their dreams? One more question: could we create more child geniuses if only the educational curriculum was monumentally revised? Big questions? Not really. Think of embracing what we are born with: childlike wonder, our fantasy worlds. Think of the lowest forms of human thought such as memory and fact recall are placed above creativity and critical thinking skills in school. This is for a reason. We are stunted, and only few rise above.<br/><br/>A shame is it that in this world, a person who can fix a car is regarded more highly than the person sketching the car, innovating the car, building the car. We never do meet the man who builds our car. Only the man who spiffies it up. A shame, isn't it, that we are prompted to write about the Revolutionary War, but not our own dreams?",0.644
129,"Thanks for the comments. I am hugely delighted to find the M W is sometimes there. I am inevitably 'out of touch' (or never was in touch really) as we dont do Great Books as such in the UK. But what was easily available on the web didnt suggest she was a presence (many universities only make such lists known via an internal websites).<br/>Still, as Callimachus said, ""a big book is a big bad"".. and he should be there too? M",0.6369
130,"Rest in peace now, Ms. Molchanova. What a beautiful place to rest, as well.<br/><br/>You are home ... and the suffering is over.<br/><br/>Peace and comfort to all of her loved ones as the pain of this grief heals. ",0.6369
131,I love your poems.,0.6369
132,"Yes, she was on pace to live a stunning 1.00 lifetime(s), give or take. Had she always played it safe, she could have lived to the ripe old age of ""whenever she died doing something she *didn't* love"", which is naturally what we should all aspire to. I've personally taken up elective agoraphobia as an avocation (hoping to turn pro in November) in order to minimize the risk of hurting people with my absence. You're all welcome.",0.6369
133,"Uhhh, because we love our children and would do everything and anything for them.",0.6369
134,"I don't have a source but I read sometime ago of parents with musical backgrounds who took a ""c"" pitch tuning fork and placed it on the belly of pregnant mom during the phase of fetal sensory hearing evolves. The pitch fork was struck and the session was repeated as the pregnancy continued until birth - presumably to enhance the child's perception of harmony centered about the C root major scale. There are also stories of parents who play classical music - ie.) Brahm's Lullaby, during the stage of fetal sensory anatomy development. ",0.631
135,I saw it at the Public and LOVED it! Plan on seeing it again on Bway. And I normally don't like musicals. See it!,0.6258
136,"I don't see the point in having a non-Deadhead do this story. It takes too long explaining his non-credentials and then he really does not bring anything to the story. It was a great weekend and nothing more. The ""reporter"" didn't make it more monumental",0.6249
137,"Reverend Houser, an American Patriot.  Put himself on the firing line of civil rights and survived, a blessing, a mitzvah for others...",0.6249
138,"The first three sentences are lines from the famous song ""When a Man Loves a Woman"" by Percy Sledge.",0.5994
139,"God Bless You Margaret, your humanity shines.",0.5994
140,"Why not be open-minded and believe that it is an understanding between therapist and patient that this essay would be presented to the public for their opinion?<br/><br/>'Greta' may be fiction, but the subject of why women who are looking for a mate are content to remain somewhat 'invisible' behind their facade is a timeless one.  Not all of us are fortunate to be Katherine Hepburn and Humphrey Bogart on a boat named the African Queen. ",0.5927
141,I grew up reading Ellen Goodman's columns. What a wonderful and deep person she is.,0.5719
142,The loss of Dean and Graham is both tragic and an inspiration. These free spirits died because they had the courage to fly their dreams.,0.5719
143,"mrs ford had people around her who loved her enough to tell her the truth. unlike whitney, judy and countless others. mrs ford went to a solid AA centered recovery center. no froufrou. no pampering. no telling her what she wanted to hear and she , gratefully and thankfully, surrendered. from her own words, the shame she felt at the end was intense. no cutesy songs joking about rehab. no sycophants. no cronies using.",0.5719
144,Thank you!  Just a reminder of how much I've enjoyed ethicists past more than these guys. :/,0.5707
145,"I'm looking forward to Vinyl as well. Can't be much worse, can it?",0.5653
146,Greats like Frank Gifford don't fade away. They just go long and deep into the end zone. They are not forgotten and the scoring never stops. ,0.5588
147,"I was never much of a GD fan( I preferred their SF brethren Jefferson Airplane,<br/>Moby Grape,) however I did purchase upon their release ""Workingmans Dead""  and ""American Beauty"" which I believe belong in the halls of Mt Olympus.<br/>For me, a person who occasionally plays live music, who is in his sixties( I'm<br/>not quitting my day job) It's an inspiration see these AARP guys still carrying the<br/>message.",0.5584
148,Sense8 is amazing....the music is good...that last scene in the last episode with Sigur Rós...killed me! I really hope they bring it back for another season...S8S2,0.54
149,"This is long overdue for el Rey Louganis, withheld out of spite and fear. Of course, a champion of his caliber needs no such thing. He already took to the air and owned it. His consummate power and implacable will and fortitude became the highest form of grace. As well, he has lived his life since in this manner. Kudos, Sir, you are are one of our finest and most pure exponents of the art of humanity. Wolf Campbell.",0.5106
150,Brought a tear to my eye. . .What an inspirational man.,0.5106
151,Sounds like a pretty horrible dream to me.  To each his or her own.  ,0.4939
152,Beautiful story but ends to abruptly.  I want more!,0.4926
153,As always Frank Bruni has nailed it with heart and soul. My wife and I are proud of our new marital status and are happy for all those who will soon share with us the joy of being married.<br/>In a year when so much distance has been gained for LGBTs it saddens me that Black Americans still hunger for civil rights. Let's turn our eyes to their pain and do whatever we can to outlaw racism in this country.,0.4767
154,"Why is it that we demand that our sports heroes are perfect human beings... no drugs, no crimes, and yet musicians, artists, writers, not at all?  ",0.4767
155,"Got on board at Duke U. in 1978. The last words Jerry said to Bob when<br/>leaving backstage Chicago in 1995 were, ""Always a hoot"". That certainly<br/>was true in Chicago.<br/>Thanks for 37 years of memories and bring on Ratdog!",0.4753
156,"The Donald sounds more like Woody Allen in ""Annie Hall"", bringing up women and their periods.  Way to go, Alvy Singer!",0.474
157,"The Donald sounds more like Woody Allen in ""Annie Hall"", bringing up women and their periods.  Way to go, Alvy Singer!",0.474
158,Thanks for shining a light on our collective delusions.,0.4404
159,"Thanks you, Dr. Sachs for your writing and your humanity.",0.4404
160,"I agree. It seems to me that if you've made it through even just the first couple of episodes, you know what to expect. The rest is just the internet echo chamber loving something to be outraged about.",0.4404
161,"Lovely essay, and it rings true to what I'd like to say to my children. Actually just one of them, the other two already get it.  Just do the job. Pay your way first and follow your dream when the dishes are done. People don't care how creative your excuses are, they want the job done. <br/><br/>Mow the lawn, for crying out loud.<br/><br/>Thanks.",0.434
162,"""The GOP is the party of racism...""<br/><br/>Suggest you bone up on American history. You'll soon be singing a different tune.",0.4019
163,"The only movie I have seen in the last fifteen years or so that affected me strongly was the recent Kenneth Branagh version of Cinderella. It was a perfect film, lovely, with an enduring and beautiful message that touched my heart and those of many others. Many have criticized it because ""it's a Disney film"" but to me it was simply a breathtaking, tear jerking, wonderful, old fashioned epic. <br/><br/>Others: Titanic, The Usual Suspects, Casablanca, Dead Again<br/><br/>Slim pickings for romantics and crime story lovers. Too much violence, too much sex, not enough imagination and narrative. ",0.384
164,"Regardless of what others have commented, Dean, you enriched my life by living yours.  Thank you.",0.3612
165,"Judy from Fairfax:<br/><br/>I am going to die in a short time, so please, keep up the truth telling .<br/><br/>Hospice can and should be wonderful.  <br/><br/>Perhaps if we scream and yell long and loud enough, it will be.",0.3381
166,"In the 1970s - 1990s, my favorite Rock group Queen regularly incorporate popular songs sang in the localities they perform as a part of the concert. They also regularly include the Flags of the Countries they perform in in the Finale.   That approach helped build and maintain the connection between the audience and the Band.   Ms. Gomez's appropriation of Indian garment, on the other hand, is really another way to sell  her sex appeal and hopefully add some mystical content to her music, which some one from that culture may or may not view positively. In Ms. Gomez's case, the thought that came to mind is why she did not explore in her music  cultural symbols that is part of her own heritage but instead chose one that is more exotic or foreign.<br/><br/>That said, imitation can be the sincerest form of flattery, and there are numerous movies that are remakes of famous movies from abroad,  and film styles originally seen in Hong Kong or Taiwan style Kung Fu movies  have now gone mainstream in Hollywood!  It is even fashionable nowadays to tattoo one's body in styles  similar to the Yakuzas of Japan.",0.3191
167,"Beautiful, Nightwood.  Your post touches my heart.  So different from the negative energy in some Comments. ",0.3182
168,Did Dr. Sacks get a chance to work on programming of the brain regarding total life span of a specific person!,0.3164
169,I had a similar experience in 1969 when I heard Yellow Submarine by the Beatles. What a joke. Never listened to another Beatles song after hearing that. Did I miss anything??,0.2406
170,"Self-anointed superiority is such a schizoid blessing. On the one hand, you revel in the knowledge that you are greater in every imaginable dimension than the ""crude, ignorant, bigoted folks"". On the other hand, you tremble in fear that the overwhelming majority of ""backwardness"" will pervert and destroy your specialness. It is comforting to the unwashed that your fear eats at your God given ego.",0.2263
171,Stunning and thought provoking and wise...,0.2023
172,"This made me think of the Rudyard Kipling poem ""The Sons of Martha,"" about how non-glorious jobs are what make the world work, and how the people who benefit from those things don't properly appreciate the labor involved.<br/>For those less up on their biblical allusions than the average Victorian, see Luke 10:38-42. ",0.1882
173,"I had to turn the TV station after listening to Kanye West for even 5 minutes.  He isn't much different than Donald Trump, gifted in a certain areas, but so bloated and so taken with himself. He should just stick to music and keep the rest to himself. ",0.1406
174,"How many more bodies does it take, before the rifts that dwell between our societies are filled?",0.128
175,If Republicans had their way these remarkable headlines would still reflect public sentiment.  Sad but so predictable.,0.0644
176,"I do not have a opinion on the manner in which he exposed the tapping by Government agencies. I also do not have a opinion on what he did was ""fully"" correct. Different folks have different ideas on how he should have done it and how he should continue doing it and return back home and face law.<br/><br/>But one thing I am sure of is that he displayed Courage.<br/><br/>""Courage is the most important of all the virtues, because without courage you can't practice any other virtue consistently. You can practice any virtue erratically, but nothing consistently without courage.""<br/><br/>- Maya Angelou <br/><br/>Some folks may as well say that by not returning now he is not showing he is courageous.<br/><br/>I do not agree with that version. Is not that he is not courageous; but that people at helm are cowards and will run for his head if he were to return now.<br/><br/>I think eventually he will return back to US.",0.0267
177,"ID cards...literacy tests...the question isn't the measure. It's the absolute right of the people in power to impose it arbitrarily, for their own ends, to undermine the possibility of representative government. <br/><br/>There's also the added pleasure they get from knowing they can do it. How people get such obvious joy in wringing their dignity from the tears of people they wound and discourage may seem strange. Let us judge them as they deserve to be judged, and stop this. ",0.0258
178,"""ren"" pronounced as ""zhen"" is about regional dialect. Many Chinese say ""ren"" as ""ren"".",0.0
179,"Godspeed, sir.",0.0
180,"Janis sang it, but Kris Kristofferson wrote it and sang it.",0.0
181,"So deep, man, so deep.",0.0
182,"""I Am Republican, Hear Me Roar""...<br/><br/>...contrasted with:<br/><br/>""I Am Democrat, Hear Me Beg"".<br/><br/>Can't we get something somewhere in the middle?",0.0
183,"It was the first poem, and one of only a few, that showed poetry to me at first reading. I never personalized the poem but have met several J. Alfreds in my life.",0.0
184,America's postmodern scarlet A.,0.0
185,"Even if one goes through the same experience at the same time with another, it takes little imagination or knowledge to know that in all likelihood one is going to react differently depending on one's own nature and disposition.",0.0
186,"I hear Bob Dylan. Or is that wishful thinkingi, Hattie Carrol?",0.0
187,"Gentian violet, Dr. W. - I think.",0.0
188,"In the '60s, HRC was a Goldwater girl, and they were all for states' rights, not civil rights. Her greatest passion &amp; energy seems to be devoted not to helping the poor, but to enriching the Clintons, her persuasive arguments here notwithstanding.",-0.0114
189,"I have a hard time taking this piece seriously...<br/><br/>Something I came accross of recently, is the way we have considered veterans in WW1 up to now. It turns out that the term ""shell shock"" (the equivalent of PTSD in WW1) was censured in the British army during the war, because it sounded like something anybody could experience, not just cowards. Society has taken a completely different view on what hurts people.<br/><br/>Take a look at patriarchy. It has been recognized that the ""biblical father figure"" is actually harmulf for the flowering of women, thus feminism.<br/><br/>It's hard to see were this progress dynamic comes from, it is probably a combination of improved knowledge and of material confort. But to say that nothing changes seems simply so ignorant of the course of history... (but of course if one tries to understanding human evolution in the work of Poe...or any other gifted poet).<br/><br/>Of course being ""good"" has happened in all of human history, you find gentle souls in all cultures, in all places and all times. The real change is people are (very gradually) feeling more connected. If nazis could unleash unconceivable evil on Jews it is because Germans had learned to view Jews as the ""other"". Well you can also learn to recognize the human in the ""other"". Its not easy (people are naturally tribal), but it can happen (and it is happening, even if ever so slowly). Of course sometimes one doesn't feel like it. At the moment I don't feel like recognizing the human in ISIS jihadists... ",-0.0118
190,"Sorry, Carl Sagan stepped outside his competence there.  Even his ""Demon-Haunted World"" is a misinterpretation of a Sanskrit verse.  An examplle of Hindu imagination can be found here: <a href=""http://arunsmusings.blogspot.com/2010/03/visions-of-infinity.html"" title=""http://arunsmusings.blogspot.com/2010/03/visions-of-infinity.html"" target=""_blank"">http://arunsmusings.blogspot.com/2010/03/visions-of-infinity.html</a>  It is translation of a story from the Brahmavaivarta Purana by Heinrich Zimmer.<br/><br/>The ancient Hindus imagined an infinity of cyclic universes with a lifecycle of billions of years. ",-0.0772
191,"Thank you, Rima Regas, from the voice of an anchovy watching a whale of a Country on the road to doom and gloom.  What might be of comfort and solace to 'America divided' would be to listen to Mr. Bernie Sanders, on a regular Sunday afternoon radio-show,  place some hard realities, into our fat heads.  Possibly a big draw during these times of great adversity.",-0.1027
192,"<a href=""http://www.nytimes.com/2015/08/05/arts/music/review-a-softy-drake-at-ovo-fest-comes-out-swinging-at-meek-mill.html"" title=""http://www.nytimes.com/2015/08/05/arts/music/review-a-softy-drake-at-ovo-fest-comes-out-swinging-at-meek-mill.html"" target=""_blank"">http://www.nytimes.com/2015/08/05/arts/music/review-a-softy-drake-at-ovo...</a><br/>by: Brion Barber<br/><br/>The article that i believed was the most interesting was the Drake and Meek Mills one. It baffled me how these to rappers, that have a lot of money, are fighting over something so petty. The fact that two rappers are having a verbal war, doesn't surprise me though. i believe that it comes with the job. Rappers always make jabs at each other but i would have never thought that it would be taken so literal. Drake and Meek Mills is just another case of two people with really big egos clashing together. I find it hilarious that they are spending a majority of there time trying to find another way to one-up each other, rather than doing something rather productive. But if i had to pick a side, then i would have chosen Drake because he wasn't looking for a fight with Meek Mills, it was Meek Mills that started this war. It is only human nature that Drake defends himself. Nonetheless, it is a rather pointless fight.",-0.1385
193,"What an extraordinary and courageous young woman. With a beautiful disposition that shows no trace of anger or bitterness, though we would understand if she felt these, given the damage and health effects her father suffered during and after his NFL career. I hope that time brings many joys to Sydney. ",-0.1531
194,His inspiration came from racism. ,-0.1779
195,"This is a monumental error.   It was inevitable considering she was all but a regular; but it is as Margaret notes, just a sign that The View is plumbing the depths.  ",-0.2144
196,"Why the negative attitude. Have you heard the album? Why ""question"" anything? Just enjoy the music.",-0.2168
197,"I will second that.  My teen years coincided with the revival of dixieland brought to the Bay Area by Lu Watters and his Yerba Buena Jazz Band.  I still have a bunch of their original 78's, but with nothing to play them on.",-0.2273
198,Wow--that's cold. I'm so sorry your mother is that cruel. Please take joy in your calling and ignore her passive-aggressiveness.,-0.2362
199,"What was that comment about being stuck in a bar with the same cruddy cover band that never, ever learns a new song?",-0.25
200,Healthcare in America is a disgrace and the ACA is nothing but a poorly implemented Band Aid on a deep and deadly wound.,-0.2732
201,The Jerry and Hunter would tell you that the spirit of the Dead was greater than all of them and I heard it on a clip of last night's show.,-0.2732
202,"On ""More Than Once,"" poem by Alberto Rios, Times Sunday Magazine, Aug. 14, 2015. Can a fence separating Mexico from the U. S. be a guitar or a mandolin? Latino poet Alberto Rios says yes. He also shows how.<br/>Alberto Rios is probably a Mexican immigrant  who crossed the border--""going under the fence""--more than once. The fact that he writes in English is proof that he is now mainstream. However, ""More Than Once"" is by no means a celebration of his crossing the border and settling successfully in America. The poem is about the meaning of Mr. Rios's coming to America. He recalls sitting  on the cement base of the tear he crawled through as a place to sit and to use the wires of the fence as a guitar or mandolin to strum and to sing. The strings produce no music; they only make ""the dull rasp of a fence,"" besides hurting the singer's fingers. But there's more happening. The crawling through a"" tear"" in the fence has also produced a ""dry"" tear in the eye. The pun on ""tear""  captures the truth the poet wants to communicate to us. Crossing over happens all the time, but there's no joy in it to sing about nor anything to lament. However, the experience is fearful, as the last line ""A little dangerous"" indicates.<br/>What lends strength to ""More than Once"" is  Mr. Alberto Rios's eschewing of excess of emotions of any kind--joy, anger, or bitterness--in dealing with a life-changing experience of his life, and those of millions of<br/>other fellow-immigrants.",-0.2825
203,Hard to follow what is in his heart if his heart is empty.,-0.296
204,"Bill - sorry you can't figure that out.  It's a pastime.  A hobby.  The more ways we have to worry about the world we live in, the more we all need an outlet to take our minds off it some of the time.",-0.4939
205,I can't recall a single song of theirs which is not a glorious classic.,-0.5216
206,There is no Grateful Dead without Garcia. What is going on here?,-0.5423
207,"No orchestra. No chorus. No dance ensemble. No Oklahoma! If directors want to make a name for themselves, they should write a new musical. Not ruin a classic.",-0.5747
208,"To all of you with your petty, negative comments: It really can't be summed up any better than by the the final stanza of Song of the Valkyries, written by an anonymous Marine Corps fighter pilot in WW II. ""What could you know<br/>Who have never heard<br/>The soaring song of the Valkyries,<br/>Felt thunder-gods jousting with livid peaks:<br/>You who have never dared to walk the razor<br/>Across the zenith of your peevish soul?""",-0.6705
209,Blow will regret what he has said here. My mother always warned me to be careful of what  I said-to beware because you might see it in the pages of the next day's NY Times. Mr Blow never seems to taken such a warning to heart.,-0.6908
210,"And that, lrichins, being isolated and distrusted, is what the gifted and the geniuses have in common - the geniuses more so.",-0.6908
211,"Some people have bad hair days. Donald Trump is having a bad hair life. Have you ever noticed that?<br/><br/>What I love the most about The Donald - and why I cherish his presence in the national train wreck so completely - is the man's genius at being clueless. In fact, if lacking in self awareness were considered a human virtue, Trump would have received the Nobel Prize decades ago. It's bad enough that this nitwit takes himself so seriously, he's delusional enough to think that intelligent people take him with anything other than a grain of moldy salt. It really is rather touching and pathetic when you think about it. <br/><br/><a href=""http://www.tomdegan.blogspot.com"" title=""http://www.tomdegan.blogspot.com"" target=""_blank"">http://www.tomdegan.blogspot.com</a> <br/><br/>Tom Degan",-0.7133
212,"It does seem somehow so American to love the thrill, ignore the risk, and yet be dismayed at the outcome.  Is it so unexpected to find death at the end of a death-defying leap?<br/><br/>The shame is that it's left up to others to clean up the mess.",-0.7458
213,"Review: Drake, at OVO Fest, Comes Out Swinging at Meek Mill<br/><br/>This particular article caught my attention because of how an artist can reinvent himself but instead of going from a softer artist to and a hardcore one he floats in-between. Also, I find it striking and somewhat amusing how Meek Mill attacked Drake for using a ghostwriter because he assumed that Drake was an easy target. That obviously showed untrue as Drake released ""Charged Up"" and "" Back to Back"" both dissing Meek Mill while opening at the OVO Fest with those two songs . Drake was a softer artist but when he released his new album ""If You're Reading This It's Too Late"" that was less singing and more rap that expressed a new more aggressive side to his career. I agree he is a softer artist when compared to other rappers, but he isn't soft he's a much more in-between artist. Meek Mill did not really stand a chance against Drake after the drop of Drake's two songs attacking him. ",-0.7613
214,"Thank you, Mr. Macaulay, but let me respectfully suggest   you stick to dance reviews. Listen to Joyce DiDonato (more poignancy)…Anna Caterina Antonacci’s (more coglioni)…Vesselina Kasarova’s (more passion)…Joan Sutherland’s (more technical command)…Dorothea Roschmann’s (more brilliance)…Let me upfront confess I was never a fan of Dame Janet. I heard her once in recital in Boston, at a time when Fischer-Dieskau, Souzay, Hughes Cuenod and company appeared season after season at Symphony Hall and Jordan Hall and in Harvard’s carcass of a theater (the one with the banging radiators and funny smells whose name I forget) and all I can remember is that it was a wretched winter evening and we would have much preferred to stay home when we went to hear Dame Janet. I still find her singing matronly and all too terribly English (as in bad dentists and boring cooking). Her Italian is a case study of gargled vowels, blown-off double consonants and not knowing the difference between the flipped single R and the rolled double R.",-0.7841
215,"<br/>@Mr. Battle in Plano: AFAIK, the Billboard Top Album is determined by a mix of CD sales, number of times it was streamed digitally, plus the number of times it was played on commercial radio stations. It is an aggregate number. <br/><br/>Of course, it is possible that Mr. Taylor's latest album made it to this position based entirely on normal music marketing methods. I'm simply going by a gut reaction of mine that his album had help getting to this position so its No. 1 status would drive further sales. He put out an album with Carole King, another Boomer favorite, in 2010, which made it to No. 4. If that album didn't make it to No. 1, how come this one did? Did I miss a James Taylor zeitgeist in 2015? Perhaps, but I think my suspicions are warranted here. I wouldn't mind being proven wrong at all.<br/><br/><a href=""https://www.billboard.com/biz/billboard-charts-legend"" title=""https://www.billboard.com/biz/billboard-charts-legend"" target=""_blank"">https://www.billboard.com/biz/billboard-charts-legend</a>",-0.7892
216,"Wish the writer had differentiated the effects between headphone music and speaker music.  My own theory is that the headphones blocked out the surgical  team's chat going on during the prep for, then the actual operation.  (Note that music was less effective after surgery, when there would be no team to chat.)  Such chat/observations re the patient can be pessimistic, degrading, snarky or snide--all of these can affect the patient's anxiety; sense of hope vs hopelessness; his/her self-esteem and therefore sense of a ""right"" to recovery.  Imagine just one comment on an ""unconscious"" patient's obesity and what that could do to healing.",-0.7902
217,Anna Gunn as Skylar on Breaking Bad was very good at this facial expression. This is probably why her character was reviled by many.<br/><br/>I had a friend at work who told me that she had this problem. I hadn't noticed because I tend not to read faces much but instead I pay attention to how people behave and what they say. This is because I have difficulty with eye-contact. I always thought she was an optimistic person without being overly cheerful. She lost her job several months after I quit for another job.,-0.822
218,"Thank you Mr. Berger for making this painful yet  luminous journey with your sister, and for writing about it.   No doubt contemporary interpretations of a harrowing past generate an often dissonant chorus of arguments, but nothing can alter the power of ruins, of forgotten names remembered, of small stories rescued from oblivion.  An argument can sway us this way and that, but these things have the power to move us and perhaps change us.",-0.8551
219,"Thank you Mr. Berger for making this painful yet  luminous journey with your sister, and for writing about it.   No doubt contemporary interpretations of a harrowing past generate an often dissonant chorus of arguments, but nothing can alter the power of ruins, of forgotten names remembered, of small stories rescued from oblivion.  An argument can sway us this way and that, but these things have the power to move us and perhaps change us.",-0.8551
220,"<br/>Short memory, srfotog, but long on contempt.  Your loss, but ultimately our gain, after your contempt has faded.",-0.8674
221,"The problem of character in Congress is not that Senators and Representatives had ""sheltered upbringings,"" but rather the burden of presenting oneself as a pious, spotless and sanctified candidate for national office. The American people are too easily swayed against a candidate who presents him or herself for office but who carries the baggage of youthful indiscretion or bad choices along with him. Unless such a candidate has the money to pay people to keep quiet, or the power to outright shut people up, the candidacy of a flawed person who has overcome past deeds is dead before the gate opens ... due to the media's love of scandal and the citizen's illicit desire for it. When, indeed, people who've lived messy lives, learned from it and moved forward with new wisdom, are exactly the sorts of 'real' people we need to stand for office. They bring real-life experience and compassion to the cynical cesspool of artificiality and the competitive game of lying that is Washington DC. We are all the poorer for it.",-0.8834
222,"But how do you really feel, Gary?  <br/><br/>I totally get what you mean, except for the part about the theremin.  In case readers are not familiar with it, think Star Trek theme song melody -- the odd, shrill, almost-voice-like sound that floats above the rest of the music.  <br/><br/>In a practiced hand it can sound like a cat squealing in agony -- and a theremin can be played VERY loud.  It's also used in spooky movies -- the kind of music you might hear in a haunted graveyard.  <br/><br/>Don't set the theremin as your standard of noise acceptability!  It's loud, scary, and in some instances, has been known to wake the dead. ",-0.916
223,"I can't help but ask: If a symbol can cause such anguish and do so as only a distant reminder that slavery once existed in this country, how long ago? 150 years? How can those sensitive souls who still remain in such a tormenting bereavement over that injustice and those that imposed it, allow even the utterance of the ""S"" word while still being able to somehow manage their daily lives. My hat's off to them! What courage! Talk about a stiff upper lip. ",-0.9475
224,"Wow, Heather. You think this piece is about despair and guilt and only ""incidentally""about the unfairness of the system?  Where is the despair, the guilt?  You are imagining something that isn't there, like telling someone they aren't REALLY angry--they are sad, or frightened or whatever. Now that is arrogant--or is it? Perhaps you are imposing what you might feel in her place. And this article is not ""incidentally"" about a corrupt system built to exploit those who use it--it's completely about that system that effectively silences dissent from people who have learned to feel guilt and despair rather than stand up to the immoral financial despots who control this country.",-0.9507
