,comments,scores
0,"I tend to agree with Thoreau (1854):<br/>“There are nowadays professors of philosophy, but not philosophers. Yet it is admirable to profess because it was once admirable to live. To be a philosopher is not merely to have subtle thoughts, nor even to found a school, but so to love wisdom as to live according to its dictates, a life of simplicity, independence, magnanimity, and trust. It is to solve some of the problems of life, not only theoretically, but practically. The success of great scholars and thinkers is commonly a courtier-like success, not kingly, not manly.”<br/>However, I love Tim Minchin's nine life lessons:<br/><a href=""https://www.youtube.com/watch?v=q5RBG1PadWI"" title=""https://www.youtube.com/watch?v=q5RBG1PadWI"" target=""_blank"">https://www.youtube.com/watch?v=q5RBG1PadWI</a>",0.9949
1,"I have never before seen a Pope like Francis. From his diplomatic efforts between the U.S. and Cuba, and his righteous stand in the Middle East to his declaration about climate change; this is a man of God who is also a man of this world in every way.<br/><br/>As a lapsed Catholic, I always knew that the Papacy had enormous potential power to do great things for the world but until Francis came along I never really saw it. I am so encouraged to see this man put theory into practice beginning with the virtue of humility. It is remarkable the way that he brings together faith and science. It is a reminder that actions have consequences and that those consequences must be considered with advances in science. Science and morality should not be held to be mutually exclusive. I’ve been cynical for way too long but Pope Francis is changing that. He is making me feel hopeful again. <br/><br/>Every leader is going to be attacked. It comes with being a leader. The Pope’s work is arduous and difficult and many obstacles remain but he is using his office to lead the charge for justice and if he can inspire other people the way he has inspired me, than we might have a better and more humane future for ourselves and our children.",0.9866
2,"I have no real opinion on whether gay couples should marry.  I think people should generally be left alone to decide right from wrong and that the role of government is to allow everything it can and restrict only what it must.   If people use that policy to do things I don't agree with, I am content to avoid doing those things myself and hope I get it right before the end.<br/><br/>I will be very interested to see how the religious right reacts in public to this. <br/><br/>I hope they take it as a sign not that their religious rights are infringed but that they are not allowed to force those religious beliefs on everyone else.   I hope that they see this as an opportunity to immerse themselves in their beliefs and revel in their eternal joy in those beliefs while allowing that not everyone shares them.   <br/><br/>I really hope that they find contentment and peace but leave others to find contentment and peace in their own way.<br/><br/>I hope these things; I expect something very different.   Too many leaders of the religious have usurped the religion to suit their own ends.   I fear that the leadership of the religious right will use this to whip up their followers and try to make things worse for everyone until they get their way.   <br/><br/>I fear that the religious right are led by hypocritical, power hungry, self-aggrandizing, vicious people who will use the deep faith of followers to their own ends.<br/><br/>With some luck, hope will win out over fear.",0.9809
3,"PERSONAL FREEDOMS  The Founding Fathers left open-ended the wording in the Constitution of what constitutes the pursuit of life, liberty and happiness.  Recently, those of the transgendered community have been proclaiming, publicly, that they are enjoying their constitutionally guaranteed freedom of self-expression.  That's what life, liberty and the pursuit of happiness means for their community, individually and as a whole.  The point at issue is, Who are we to say otherwise?  I say, live and let live.  Let's study the question that won the day for same-sex marriage:  its opponents failed to demonstrate any plausible harm to the public interest by allowing it.  So let's apply the same standards in protecting the rights of transgendered citizens.",0.9762
4,"Okay. I've had enough of watching all these videos that make me cry. Innocent people don't deserve to die for any reason this is a world of equal humans before a god no matter what you call the god.<br/><br/>We live for society that must bound together to be stronger not grow further apart. ISIS or ""Islamic State"" you fight what cause by sanctioning the deaths of innocent women, children and men? What Justice is served by killing other than to be nothing more than the common murder? <br/><br/>I do think people need to realize now that this isn't a problem that's going to end. It's not a problem that is confined by walls or country territory. It's not a problem that respects basic human dignity. It's a problem we all face and we can no longer cower from. We must fight everyone of us against this evil abomination of human existence. We must stand for honour, dignity, equality, love, fairness, kindness, humility, justice and peace. Those ideas don't have bodies of their own they are ideas that don't have hands or minds to protect us. They are ideals that we must protect for them to exist. ",0.9739
5,"A focus on teaching ""respect, responsibility, self-determination, self-discipline, empathy, compassion, perseverance and integrity"" in our churches would seem to be a natural. Right in line with the original Christian message of love. And there are so many churches! What a revolution we could have.<br/><br/>Too much of the churches' time seems to be taken up with resisting abortion and homosexuality and contraception and too little on how to live a life of love. If only churches would take up the challenge and teach our kids (and adults) the Way to a better life.<br/><br/>Bless these people who have built their own structure for making such a difference in kids' lives.",0.9694
6,"both sides have set up straw men (and women).  Self Psychology acknowledges the importance of ideals (and idealizations) but emphasizes the importance of not having one's total sense of self attached to fully achieving those ideals.  Striving but accepting one's limitations, and forgiving oneself.  Less articulated is the importance of the striving than the acceptance of one's limitations.  But it is implicit.",0.9686
7,"I have listened to social conservatives claim they are being denied freedom of religion. In this great country of ours, they are free to practice our faith and speak out on any public issue. Their  constitutional rights are still intact.<br/>Isn't it about time that they practice tolerance for those who benefited from last week's Supreme Court ruling? Instead of being against something, follow Mother Theresa example and be for an issue that gets this country from where it is to where we would we want it to be?",0.9625
8,"Still, the idea of a postfaith German “Leitkultur,” or common culture, is not dead.<br/><br/>Does the author believe such an idea should die and be replaced by competing religious beliefs?  Would that make Germany a better place than it is now?<br/>It is not just about wrapping one's head in a scarf, of course, a common way of obfuscating the issue: this is not a fashion statement, but a militant religious statement; it is about exhibting one's faith in a conspicuous way, regardless of the norms of the society and regardless of the law.  Maybe the person in this story could also ponder the merits of neutrality and of practicing her faith in a more discreet way, without forcing everybody's attention to her private beliefs. That would be a nice gesture, would it not?  A nice way to use one's head, also. ",0.9606
9,"Corruption stemming from crony capitalism is manifestation of institutional failure.The  example of insitution like judiciary failure is manifested with the political power concentrated in a single person in Tamil Nadu.<br/>Jayalalitha has emerged from judicial wranglings spanning 18 long years over disproponate assets.In this process she has assumed larger than life status- that of a Hindu  God. Jayalalitha is worshipped, milions flock to touch her feet as they will bow before a deity.<br/>Is this success or failure of electoral democracy in Tamil Nadu and Indian body polity?The answer is bog 'Yes'.<br/>The Karnataka High Court set Jayalalitha free from charges of DA case further enhancing her aura, her figure as a all powerful,uncrupulous clean politician.Though it is in dispute.<br/>As alleged by the Public Prosecutor that this conclusion is arrived by a single bench court on error in calculating figure.<br/>But the common men and women in Tamil Nadu are least concerned  with  her amassed wealth, exploiting the high political office.It is the poor,the middle class who adore and worship Jayalalitha irrespective of widespread inequality in the State.<br/>In the words of Franklin Roosevelt ""The first truth is that the liberty of a democracy is not safe if people tolerate the growth of private power where to a point it becomes stronger than their democratic state itself. That in essence is fascism, ownership of government by an individual"".<br/>Isn't an instance of failed democracy,bordering fascism ? ",0.9579
10,"Frank, a winner: You've, lifted the rock to expose what is just one, of so many inconsistencies dominating the various factions of the GOP.<br/><br/>This quote says it all: "" The holy rollers are smiling upon the high roller. And they’re proving, yet again, how selective and incoherent the religiosity of many in the party’s God squad is.""<br/><br/>Frankly, I'm not sure what the religious right really wants, if it won't hold to the fire the feet of those who would dare to more then bend their rules, but openly flout them.  There was that interesting exchange early on in the Trump campaign where he was faced with nonstop questioning from VIRPS (Very Important Religious People).  Essentially, Trump admitted he rarely sought forgiveness through Jesus Christ, and very certainly wasn't ""born again."" <br/><br/>It didn't seem to matter, since he bashed the right targets.  And it doesn't matter, what does?   We've seen the hypocrisy of the religious right when it comes to intrusive government and women's health issues. The zealots claim to despise big government. But they insist hovering over the marital bed to ensure God's laws are followed in sexual matters--yet God forbid they preserve social programs to help pay for the pregnant and the child's health issues.<br/><br/>But back to Trump and spiritual charity, as I watch the crowds in Iowa, bastion of hard-core religiosity, cheer on Trump's mean-spiritedness.   Christian soldiers?   They're redefining the very meaning of the first word.",0.9574
11,"The only true thing Mr. Cohen wrote in explanation of young, educated Europeans enlisting in ISIS is ""we don't know.""  All that follows is pure speculation, and, like all such political speculation, says much more about the author than his subjects.  The burden of freedom: indeed.  What is more true is that modern Western societies provide nothing other than purported freedom: no core of love, compassion, and community that nourished humans until the modern era.  We send our young out into a neoliberal wasteland that honors greed, manipulation, and power, and we are surprised that some turn away in disgust?  Shocked, just shocked. If we are going to speculate about motives, let's look at ones that we all share, because each of us, each of us has within us a secret desire to trash the entire modern experiment, the ""burden of freedom"" and all.",0.9559
12,"Best read so far this summer. I grew up in an agnostic family and Buddhist/Taoist society which were not as obsessed with sex as the Christians do. My father, a lawyer, was a closet atheist with the door halfway open. Mother, a physician, would pray to anyone/anything, esp., my father's ancestors (being married, she had very little chance to pray to her own ancestors) in lunar April, during the Tomb Sweeping Ceremony and lunar July when all the ghosts were released from hell to roam the earth, looking for their former homes. Though I had a wonderful childhood, not spiritually oppressed, I still had periods of self-loathing and self-doubt (I was picked up on a road side, or was given to her, my mother told me when I asked where did I come from in different occasions), not unlikely what Ms. Elliott describes in her article. Great job! Can't wait to read her books. ",0.9464
13,"Best read so far this summer. I grew up in an agnostic family and Buddhist/Taoist society which were not as obsessed with sex as the Christians do. My father, a lawyer, was a closet atheist with the door halfway open. Mother, a physician, would pray to anyone/anything, esp., my father's ancestors (being married, she had very little chance to pray to her own ancestors) in lunar April, during the Tomb Sweeping Ceremony and lunar July when all the ghosts were released from hell to roam the earth, looking for their former homes. Though I had a wonderful childhood, not spiritually oppressed, I still had periods of self-loathing and self-doubt (I was picked up on a road side, or was given to her, my mother told me when I asked where did I come from in different occasions), not unlikely what Ms. Elliott describes in her article. Great job! Can't wait to read her books. ",0.9464
14,"The ideal would be for a male to be a human being as an integral person capable of intensity, affection, and spontaneity; to be grounded in prudence, temperance, justice as fairness, and fortitude. But any ideal is unobtainable, but it is a noble end to strive for.",0.9432
15,"Since you imply some kind of direct knowledge, DRS, please share with us the exact $ amount or percentage basis of the ""huge tax surcharges"" you profess to now be ""stuck paying"" for other people's healthcare. I'd like to know the depth of this crushing blow you've been dealt.<br/><br/>It is sad indeed that in the 21st century in one of the most affluent nations in the world there are those who view helping all Americans get access to at least a basic level of health care as being ""stuck"" and ""punished.""<br/><br/>One is left to wonder exactly who is best described by the words ""less fortunate."" It might best be used for those who have no compassion, or at the least a super-twisted concept of ""American exceptionalism.""",0.9425
16,"""The problem is that the campus activists have moral fervor, but don’t always have settled philosophies to restrain the fervor of their emotions.""<br/><br/>Presumably they are in college to learn about these philosophies. The best way to learn is to be involved and, if you find a better philosophy along the way or gain more understanding of an issue, then say so.",0.9371
17,"People throw these names around - Aeneas, Hector, Achilles - without, it seems to me, delving any deeper. What about Virgil, for instance? Virgil was commissioned by Augustus to write this epic poem which was part of a propaganda campaign to legitimize his rule. Augustus, who finally swept away the last vestiges the Republic, crucified hundreds, causing untold misery in his bid for sole power. Now, I guess Augustus was idealistic, his ideal was to be supreme leader. Did any idealistic poets who wrote scathing critiques of the new Empire survive? The Aeneid is a great poem, and Virgil is an ideal poet, but the circumstances of its conception strike me as pure cynical politics. <br/><br/>So maybe that's the great marriage of the idealistic and the practical. ",0.9356
18,"The Republican, and it is exclusively Republican, effort to limit voting rights is not only racist at its core, it is also an attempt to move this nation closer to a theocracy.  Let's name some countries that are theocracies: Iran, Pakistan, Saudi Arabia, everything that has and will come under the control of ISIS.  Oh there are ""progressive"" theocracies under the spell of Islam.  Indonesia is the premier example.  Try smoking a joint in Jakarta, or drinking a cold beer on the beach.  Lashing, even death may ensue for the former crime, 5 years in jail for the latter.<br/><br/>While a Christian theocracy would probably not condone stonings for adultery or pre-marital sex, hanging or crucifixion for homosexuality, beheadings for apostasy or heresy, it would not be a life of freedoms (most of, as in white) the citizens of U.S. currently take for granted.  Like smoking a joint in Colorado, Oregon, Washington state, Alaska, or a shot of Jack Daniels anywhere in this country.<br/><br/>Impossible?  Never happen here, you say?  Too many Republicans toke and imbibe?  Vote Republican in the next election, and the next, and the one after that.  I will likely be gritty grains in an urn or sand in a riverbed before it happens.  But I will be free.<br/><br/>The freedom of minority citizens to vote is essential to your freedoms in every aspect of life in the United States of America.",0.9337
19,"Roger<br/>I sit here after reading ""California Dreaming,"" encouraged that at least one mind reaches toward that pantheon where dwell Voltaire, Montaigne, Gibran, Socrates, Wittgenstein, ET. AL.  Wow. The clarity of air, as refreshing as water, as sonorous as night, and as wise as birth--you have written an essay that will reverberate through the ages. Thank you so much--I have often read your column, but now I am a Facebook follower, and will study it.  Congratulations on an extraordinary achievement.",0.926
20,August 24 2015<br/>These guys - all four demonstrate the great god given wonders for creative grace   by way of the vast media and age of knowing how to protect and defend what is right for a modern world. <br/><br/>jja ,0.926
21,"""Take, for example, the incidence of domestic violence reported in the National Survey of Families and Households by the University of Wisconsin. Among those actively engaged with conservative Protestant churches, the percentage of husbands who commit domestic violence is the lowest of all denominations. In contrast, the rate is highest among those who had been in conservative churches, but either left altogether or maintain only nominal ties.""<br/><br/>As often happens, we run the risk of confusing cause and effect.<br/><br/>Do those who cease to regularly participate with certain church groups later develop socio-pathologies, or simple inabilities to maintain bonds? Or do those who have already exhibited socio-pathologies, or who are simply unable to maintain bonds, the people who cease to regularly participate in certain church groups?<br/><br/>Further, do church groups with encourage and celebrate a certain level of socio-economic success and/or stability in fact ending up shaming erstwhile community members into ""excommunicating"" themselves out of embarrassment?",0.9245
22,"Always amazing that the tyranny of the majority seems to remain so invisible to so many liberals:<br/>""If all mankind minus one, were of one opinion, and only one person were of the contrary opinion, mankind would be no more justified in silencing that one person, than he, if he had the power, would be justified in silencing mankind.""<br/>   ~ J.S. Mill On Liberty: Ch. II: Of the Liberty of Thought and Discussion",0.9163
23,"Yes, it's different because Judaism has very clearly defined and recognized legal parameters for conversion that make it possible for those who choose to become a member of the Jewish People, with an impact for subsequent generations. Don't sell yourself and your fellow righteous converts short. Becoming a convert to Judaism is not easy, as I am sure you are aware. You have to have an unshakeable drive to serve G-d. And, as I'm sure you are also aware, living as a Jew even after conversion is no picnic either, not only because of the rigor (and deprivations) of Torah life, but because even many, many years later you still have a special status defined in Halacha and still have to deal with unknowledgeable people who put down converts because their only remaining link to Judaism is through their own birth. But this is the price you pay for becoming a member of the ""oldest of living peoples"" (Einstein) and serving G-d with great intimacy. It is a price stemming from a stark recognition of the facts in the material world G-d has made, not a denial of those facts, which is the case we are dealing with here.",0.9135
24,"All men (and women) are created equal. No man can be deprived of life, liberty or property without due process of law, nor be denied the equal protection of the law.  These concepts of the American Republic were upheld today.<br/>   But the fact that the bible plainly opposes homosexuality appears to say to the world the God is a bigot, a God who does not love all his children, a God who sends the people that we say are allowed to marry will definitely go to hell. I know it is wrong to question God but may we question the men who wrote in Gods name and question whether a loving and caring God would condemn people for loving a member of the same sex. The question is, are the churches the bigots or is it God, or maybe both. Religion may well strangle itself and prove Nietzsche correct, ""God is dead"", He died of pity for mankind. ",0.9062
25," From the comments here it would seem that the press always sides with the Gazans as opposed to Israel. If it happens it is very seldom. That said, the press too have to learn to take it on their chin. Charlie Hebdo's cartoon depiction of the Prophet Mohammed ( sacrilege to Muslims )was lauded because it was the Press Freedom and Right to make a spoof of Everything Islam although that was'nt fair to all the other peace-loving Muslims and caused them great distress. Now that Israel has done the same to the Western journalists, they don't seem to find it funny, instead calling it misleading, inappropriate and unfairly maligning. But what's meat for the goose is meat for the gander. Israel is laughing but strangely not alone - their sworn enemies are laughing too. Now I maybe the one not making the cut or going to be lampooned.",0.8941
26,"What we call religion has always been two-headed, springing out of its original purposes in the tribe.  On the one hand, it is about calling people to being altruistic in furthering the tribal good; in civilized times, this has led to the prophetic tradition, as individuals called others back to the goal of working for the social good (usually after the prophet has been murdered).  But tribal religion also served as a built-in alarm system to detect and isolate those who were not working for the public good; and this has been easily subverted in civilized time to being an instrument for isolating those deemed dangerous to the social order (often by murdering prophets).  Those who are deemed religious leaders can do a great deal to enhance their own prospects by being good servants to those on top.  This is modern fundamentalism (in Christianity, Islam, Judaism and other organized religions).",0.8934
27,"J.S.<br/>I think you are way off base. I think Trump's motivation goes back long before Hillary was born and even before America was born. I think Satan said it best in Paradise Lost "" T'is better to rule in Hell than serve in Heaven."" This has been the Conservative mantra since Cromwell and it is just that Trump is so much better at explaining it than anyone since John Milton created the epitome of Conservative leadership back in 1667.",0.8934
28,"Or ... all the Pope's declaration was really about was maintaining his church's institutional power and privelege by pretending to care about the suffering of the world's poverty stricken billions!  The big clue indication of this is that he refused to acknowledge that today's population is already many times higher than earth can sustainably support at a dignified, monk-like green austere standard of living if all resources were by some draconian redistribution means, equally shared globally.  This indicates that this Pope as all those before him is primarily interested in maintaining the power of his elite identity group by not really threatening, and going along with the global 1%s plans to profit by increasing the human population until it along with the biosphere experiences a ""market adjustment"", 2008 like collapse.  Then he will get all high and mighty about that, and how we need him and his priests as a communication link with 'his' God who will supposedly save us if we just bow down low enough to him and the rest of his gang.   ",0.8856
29,"What science and politics couldn't do by way of turning the development discourse more inclusive and helping it reach the  actual policy making frontier, with sheer force of his commitment and faith Pope Francis might perhaps do more effectively with his  intervention through the Encyclical.",0.8795
30,"Good comment.  Magna Charta was a monumental event in ""English"" history.  That extends to the USA, which predates ""Great Britain"", and owes its Constitution and legal culture to the notion that ""separation of powers"" and accountability of the leadership to the subjects were ancient, ancient verities long before  anyone was strolling on the beaches of Cape Cod ... or wandering out west under the delusion that they were pre-civilization homonids packing guns to assert their dominance over the rest of nature.",0.8689
31,Better they worship the glass God on the IRT 7<br/>than pray to the glass God while jaywalking<br/>and make the news at 11. ,0.8625
32,"What ever happened to ""smart"" government?  Big or little arguments are just political fodder for the likes of Grover and Reaganites.  What is the role of government?  I think of myself as a Keynesian because it makes sense.  Fiscal assistance at the Federal level in a downturn is a proven solution for the economy.  Reading Keynes makes me realize just how intelligent the man was.  The spill over from faith based religions like Christianity into politics and economics makes for strange, illogical pronouncements and policy from our VSP's pandering their way through life.  <br/><br/>From Deepak ""God gave us Spirituality, the devil gave us religion"".  I love that one.  When asked if I am a Christian I reply ""No, I am a Southern Baptist"".  Christ would be ashamed at the way his teachings have been perverted and misused.<br/><br/>In Doonesbury on Sunday McConnell states, when asked if Obama's pronouncement that ""the Sky is blue"", replies ""I am not a meteorologist"" sums it up for me with respect to Republicans in general.<br/><br/>Prof Krugman is a wise, good man who occasionally feels the need to defend himself.  That, to me, is a crime in itself perpetrated by Republicans and small minded economists.  For us Krugs it is unnecessary.",0.8574
33,"As Seneca said when asked about organized religion,""The poor believe it to be true, the rich think it false and the leaders find it useful"". The religious right seems more based on bigoted fear than heavenly aspirations. Please someone stand up and remind our dimwitted public that, Separation of church and state was the first law of the land with good reason as those that arrived fled religious persecution.",0.8519
34,""" Social conservatives are well equipped to repair this fabric, and to serve as messengers of love, dignity, commitment, communion and grace.""<br/>How?<br/>Social conservatives from the south have spent the last 150 years doing their best to insure second class citizenship on an entire race of people.<br/>Social conservatives elsewhere have spent the last 75 years trying to undo the social justice of the New Deal.  A commitment by Americans to take care of less fortunate Americans.<br/>Social conservatives in the Catholic Church have spent the last 50-60 years raping little boys.  While the social conservative bishops have turned a blind eye at best, and aided and abetted at worst.<br/>Social conservatives in the republican party have been falling with remarkable regularity to the temptations of mistresses, hookers, pages, undercover cops in airports, and hosts of other ""sins of the flesh"".<br/>Social conservatives have been turning their backs on the kinds of social work that include funding for poor children to eat and go to schools.  They have been showing hatred and abuse on those who are most unfortunate in our societies, be they poor or sinners.  Quite unlike the Savior they profess to adore.  Quite to the contrary of every message He uttered.<br/>Social conservatives could spend less time wringing their hands about their loss of influence and power in the political ring and more time trying to understand the deep devout spirituality of people they think of as sinners.",0.8487
35,"In the US,  inspite the separation of church and state , a candidate that<br/>doesn´t say at the end of a speech "" God bless America  , and god bless you ""<br/>will never get elected-",0.8316
36,"I have a degree in Geography with concentration in Middle East area studies. I also have a law degree from a top tier university, with directed research in Islamic law. <br/><br/>All of this is the traditional islamic history that come to us from Islamic sources. None of it would be denied by a muslim accept in taqqiya (purposeful disception done to advance the acceptance and advance of Islam). <br/><br/>Islam, as stated, is a legalistic religion. That is the best place to learn to understand it. I recommend reading ""The Spirit of Islamic Law"" by Bernard Weiss - this is a purely academic work and entirely neutral and concentrated on explaining the mechanisms of Islamic jurisprudence.<br/><br/>I've read English versions of the Koran and over the years have easily read over 10 biographies on Mohammed as well. The received history (the traditional accounts from Islamic sources) are the ones binding on Islamic law. Its important to note that Al-Bagdadi is an Islamic scholar and Isis adheres closely to what is in the accounts of the received history. <br/><br/>Perhaps the easiest standard account is Mohammed: A very short introduction produced by Oxford University Press.<br/><br/>Its worth noting that, like Jesus, the historical information on Mohammed is very thin and western scholars of Islam are currently challenging the historiocity of traditional history of Mohammed on several levels, but each has its weaknesses.",0.8294
37,"My instincts tell me that this is about the author's ego, and his strong identification with his religion/culture, and not at all about his patient or any sort of wisdom regarding helping fellow human beings.<br/><br/>But then, I watched the fruits of religion unfold on the streets of Belfast as a child, and grew up to study developmental neuroscience... and find psychotherapists, all of them, to be borderline quacks anyway.",0.8228
38,When is enough enough?  I invite those who want to stay Mr. Woodfox's release to spend a week alone in a six-by-nine cell. Surely having some real world sense of what's been done to him would enlighten them on the need for mercy. My prayers are for him and for them.,0.8225
39,"The United States was set up, on purpose, in several respects, to encourage a healthy competition between central power, and the power of the several states. It's part of the larger Checks and Balances, and Separation of Powers ideas.<br/><br/>Do you imagine that the federal government, or any central government, is immune to corruption, vice, or any other intrinsically negative behavior or practices?",0.8225
40,So does the freedom of religion preventing the govt from making laws respecting any religion.,0.8207
41,In America we are free to pick our own religion or tribe. That's freedom.,0.8176
42,"In reality, you just did. All who care about freedom and equality just did.",0.8126
43,"The reason no one mocks him is that he lives his beliefs. He acts like a Christian should. Not like the right wing windbags who are always talking about how they are Christian, but never acting like a Christian. And BTW, I am not a believer in any religion, but I respect Mr. Carter because he does not just talk. He acts and he leads. ",0.8074
44,"Your points are well taken. I would add that religions have always promised that for fidelity and submission (read as control) in this life, they will receive their reward for all eternity in the afterlife.",0.8074
45,"Oh sure.  Bernie has his adherents among progressives.  But they do not yet comprise a majority of the electorate.  So is it realistic to think Bernie or someone that embraces his philosophy, beliefs and policies can win the presidency?  Perhaps someday.  Probably though, not yet.",0.7814
46,"There's not a single reference to ""We, the people"" in the document. It's about ""We, the privileged aristocrats and property owners."" <br/><br/>The first few words of the document are ""John, by the grace of God King of England,"" not ""We, the people."" The Bible is a more accurate precursor to the US Constitutions that this piece.",0.7783
47,The man never ceases to amaze and excite me.  I am impressed by the way he brings his theology and his chemistry together and by his advocacy for the disadvantaged.  I was trained by Jesuits and the ideal -- a man for others -- is clearly embodied here.,0.775
48,"Social conservative can indeed to all the things you say, Mr Brooks, so long as they resist the urge they so often succumb to, that is, the urge to judge themselves as better people than those whose values or circumstances do not align with theirs.  You cannot be an ambassador of love and grace when you deny both to those whom you purport to serve. Mercy is not the traditional hallmark of these social conservatives of whom you speak.  But it can become so!",0.7678
49,"Conservatives are just mean,selfish,controlling people whose values,being self centered,are on the way out! More and more people see each day that they don't need to be afraid of being kind and co-operative in society. They eschew the selfish conservative ethos and breath the fresh air of compassion for other people! ",0.7339
50,"I don't have the time to read 1300+ comments, but I want to make sure that readers recall that the New Testament does not condemn homosexuality. It's the other, often primitive/tribal, scriptural text that does that. It also features polygamy in its early books.",0.7332
51,"The real question is: Are Christians actually Christians  - namely, followers of Jesus Christ?  Or are they too busy casting the first stones; judging others,  albeit that they shall too be judged; affirming that we are all made in the image and likeness of God, except of course gays; imposing their own  religious views via use of civil power (ie, insisting on ""establishment""  of particular  religious norms  as public policy, rather than ""rendering unto Caesar that which is Cai ser's)? Are they now afraid to ask themselves: ""What would Jesus do?"" today -- given that Jesus welcomed sinners to his table, while certain of today's Christians won't even serve them pizza? ",0.7319
52,"The new wonder Pope Francis still adheres to and teaches the belief that the primary condition of all women is to serve men by bringing children into the world, which is the basis for overpopulation, the consequence of which will always be a world at war ad infinitum.<br/><br/>While the Pope is talking up his love for the poor and the need to save the environment that supports life on Earth, how about declaring the women and men are equal in the eyes of God instead of maintaining the second-class status of women? Women make up the majority of humans on Earth; they deserve to be heard, not silenced, in churches, synagogues and mosques, as well as in governments.",0.7269
53,"I am a physician but I go to my hindu temple, burn incense and pray fervently. I find no contradiction in myself. In my profession I am helping people with the skills I have acquired from Science. In the temple I am helping myself - my body, mind and soul. Two different beasts with the common denominator - helping. ",0.7227
54,"You miss the contextual importance.  It was a template for restraining ""divine right,"" and firmly placed the Church on the wrong side.  You can draw a straight line between it, the Reformation, and the French Revolution.  It was the start, and your nitpicking cavils sound like the kind of thinking that may overturn Obamacare.",0.7003
55,"The actual problem is a secular, legal one, based in the laws of the country where the abuse occurred, and where the suspected cover-up by a bishop took place.  Those are beginning to occur, but we have seen that local prosecutors, and the Justice Department,  are politically squeamish.<br/><br/>Against that backdrop, there is no excuse for the Vatican to not begin to set up such a tribunal.   The thousands of concealed investigations done by the previous pope, when he was head of the ""Sacred College"" are a prime source of information for this new body to identify church officials who have been posing as unaware and non-complicit.   Doing this will in fact give political encouragement to civil governments to operate more freely.",0.6994
56,"@ S.D. Keith, Birmingham AL<br/><br/>With all due respect, I think it is presumptuous to assume that people ""like to live in ghettos and prefer to be left alone.""  There is no ""social justice', and even less sense in that.  Unless of course, one subscribes to the school of thought of ""Separate but Equal"".  Which is definitely separate --- But far from equal. ",0.6956
57,"""I think religion ought to be about making us better as people and less about things that end up getting in the political realm,"" said Bush, the very same hypocrite who uses his ""religion"" as his excuse to interfere in the lives of women and their reproductive rights and his control of the life of Terry Schiavo because of his ""religion.""  It's the same opening salvo the Republicans use as ""....I'm not a scientist, but...."".  <br/><br/>Hypocrites, one and all.  And they will never upset their economic apple cart of the Koch Bothers (typo intended).  After all, they've already ""made up their minds,"" as the Republican energy lobbyist points out.",0.6892
58,"Well, they've spent decades worshipping Bill Cosby too, haven't they?  ""Ethics""?  What dat?",0.6416
59,"After having made my own escape from a conservative religion (one where a professor of mine described the flagship university associated with that religion as the place where they teach free will and how to enforce it)  that espouses these ""ideals"" regarding sexual purity, I find the whole idea that this is some sort of empowerment to be ridiculous.  The absurdity of renouncing one's ability to make informed choices to become subject to the arbitrary will of another, who may be ""loathsome"", is profoundly troubling.  Once I was released from the straightjacket of myopic religious view, I found a new world full of ideas, people and philosophies, both exciting and intriguing.  In contrast the religious community was bland, full of conforming thought on all subjects, whether it be religion, politics, or societal standards.  It was a middling existence where all thinking is done for you and your only duty is to conform to the dictates of those who claim to have God's will and thus by default the power and authority to enforce one's conformity to their dictates.",0.6369
60,"Like most human beings, Arabs have the capacity for government they desire. If you're asking for a choice between Americanizing their culture or settling for something else, the latter would be my expectation.",0.6369
61,May God makes your prediction come true!,0.636
62,"Gee - anti-Gay religious beliefs treated the same as racist religious beliefs? This is a problem how?<br/><br/>The Federal government didn't shut down Bob Jones U. until 19 years after the Civil Rights Act of '64. You can probably triple that time frame for LGBT issues, considering it is currently legal to discriminate against Gay people in the United States. (States and cities sometimes prohibit this discrimination, but with nowhere near the enforcement power of the Feds.) <br/><br/>These Catholic, Mormon and fundamentalist schools ought to listen to themselves for once; their claim is that God is by nature unjust. If so, why believe in such a god? <br/><br/>Marriage equality has taken the country by storm because Americans have decided that marriage discrimination is unjust, unfair and mean. It wasn't pop culture that did it, wasn't Hollywood, wasn't the ""liberal"" media, not a magically powerful LGBT lobby and it sure wasn't politicians. It was a basic notion of fairness taught by all religions and ethical systems, by the law and Constitution, and by a child's inborn sense of justice; why should Susie get a bigger piece of cake than Johnny? No parent can withstand that question from their child, so portions of cake must be equal.<br/><br/>The claim made by right-wing religious leaders that God favors discrimination is sheer blasphemy. God is a liberator, not an oppressor. <br/><br/>So is the Constitution, if only we can live up to it.",0.6324
63,"In the first place, paying people more and paying yourself less is not charity--it is the actual embodiment of Christian values.<br/>All Christians who purport to follow the teachings of Jesus as a way to better understand God and make sense of life should act the same way--or they really aren't Christians.<br/>In the second place, making such an act public encourages others to do the same.<br/>Why so defensive and threatened?",0.6283
64,"Isn't it about time that we had tolerance for all beliefs and maybe make the world a safer place for all concerned.  Guess what is a major cause of world strife, and has been, for decades.",0.6124
65,"I THINK I get it:<br/><br/>""I don't think you can claim membership in Judaism and not believe that Jews deserve a place to live free from persecution. This idea is linked to a history of enslavement starting in Egypt and the persecutions and inquisitions that have taken place...""<br/><br/>If I understand the argument correctly, one who favors the Iran deal necessarily favors enslavement of Jews, and persecutions and inquisitions.<br/><br/>Is it possible that that connection isn't really there?",0.5859
66,"What do you mean clothing isn't a religious act? It most certainly is, and not just in Islam either. At least Christianity, Judaism, Sikhism, and Hinduism have certain items of clothing that form part of the practice of that religion.",0.5849
67,"I am 70 year old, former Catholic, and this is the first time I have heard the Pope say anything that seem relative to my life and which has a positive impact upon the human race. ",0.5574
68,"While Nazism was ""secular""  the vast majority of German who support and assisted Hitler were ""Christians.""  Even so, I agree with you Jack M.  Religion is to blame when the leaders of that religion are silent or close their eyes. ",0.5486
69,Why insane?  Because we had more faith in our fellow NYT readers than was justified?  That can be equally said about every Obama voter.,0.5351
70,"Sanity, justice, balance, and coherence have prevailed. Do I hear an amen?",0.5267
71,This is the real christian position: if we can't be in charge and impose our beliefs on everyone else we are nothing.  Sad and pathetic,0.5191
72,"I think, alongwith most of the civilized world, that Prime Minister Modi is doing just fine and is slowly bringing the country back to its rightful stature. The process has started and will continue while he is at the helm. Please do not bring your political bigotry in a socio-religious matter that is deeply personal to many. ",0.4939
73,Abortion politics has packed the Supreme Court will stooges who can't recognize faith-based legislation when it whacks them in the face. We are all losers for it. The is no freedom from religion here.,0.4939
74,We are a stronger country when we are inclusive rather than exclusive.,0.4767
75,It´s time to leam the  Roman Catholic Church many measures are identified and the best option is to admit women to the priesthood may take a century to have your results but prevention would go away ,0.4588
76,"RM, not to mention the intellect of his Republican followers.",0.4588
77,"Khomeini's a faith blinded blighter,<br/>Why not turn the thumbscrews up tighter?",0.4215
78,"What Gandhi said might ring true for how most people feel about Charistianity: ""Give me your Christ and take away your Christianity.""",0.4215
79,"'...In Islam there is no forgiveness for who kill Innocent people , particularly Innocent Muslims...'<br/><br/>Why the disclaimer?<br/><br/>Are Muslim lives more valuable that others?",0.4124
80,"Some Republicans claim that Muslims want to bring Sharia law in the US and our friend Todd claims that Republicans want to bring Sharia law into the US.<br/><br/>Fascinating that two incompatible, and crazy ideas can be held by different groups of people!",0.4003
81,"A strong social safety net takes some of the fear and uncertainty out of life and offers some peace of mind. Unfortunately, we have a large political faction that adheres to the cowboy creed of every man for himself.",0.3818
82,And this has what to do with the Pope creating a tribunal for bishop negligence? Or with Catholic bishops moving priests around instead of reporting them?,0.3736
83,"Thank you Pope Francis, this atheist says amen to your encyclical. You spoke for the earth and all of it's inhabitants.",0.3612
84,"I, for one, have much greater trepidation concerning the Christianization of America, than the Americanization of Christianity. ",0.3612
85,"David Brooks should read his Bible before presuming to lecture Christians.<br/><br/>Matthew 5:3 ""Blessed are the poor in spirit, for theirs is the kingdom of heaven.""",0.3612
86,How does recognizing equal rights for gay people disenfranchise anyone?  How do equal rights mean preferential treatment?  Because you don't get to impose your religious beliefs on the rest of us? We do not live in a theocracy.,0.3459
87,Words fail.<br/>Holy books are fallible. These men do what they want because they can. They are cowards in the eye of their god.,0.34
88,"There is a strange dichotomy among those with extreme religious beliefs who continue to live among western cultures they believe are evil.  Fundamentalist jihadists have the freedom to believe and worship in the west as long as they follow that country's laws and do no harm.  They were originally drawn to these countries for a reason.....education, opportunities and freedom of expression.  If only they would remember that.",0.3182
89,"Indeed, well-put Mr. Egan.  Hopefully Pope Francis' humility and bridge-building will help many in our country see the wisdom behind his life-affirming philosophy:<br/><br/>""Since everything is interrelated, concern for the protection of nature is also incompatible with the justification of abortion. How can we genuinely teach the importance of concern for other vulnerable beings, however troublesome or inconvenient they may be, if we fail to protect a human embryo, even when its presence is uncomfortable and creates difficulties?""<br/><br/>- Pope Francis",0.3182
90,Let's keep this simple...it's sociopathy. At the least a pathological narcissism that our culture continues to embrace with impunity.,0.3182
91,A defeat for Fundamentalism anywhere -- is a victory for human freedom and human rights everywhere.,0.296
92,A defeat for Fundamentalism anywhere -- is a victory for human freedom and human rights everywhere.,0.296
93,"To a tragedy like this, what is an appropriate response? Certainly not the completely inadequate phrases like ""our thoughts are with you,"" or ""we mourn with you,"" or ""we feel your pain."" Real tragedy requires us to name it for what it is — it is evil. But the hope of our faith is that evil will not have the last word, neither today (as we've seen so clearly with this congregation) nor into eternity.",0.2788
94,"You'd better talk to Robert Putnam.  His research shows that diversity is a net negative, and your belief in it is a matter of religious faith.",0.2732
95,"She sounds good in the ""Boardroom"" but her moral compass is narrow.",0.2382
96,"Nothing says more about the Republican Party in that their most ""moderate""  candidate in repose to the pope's warning about global warming and its potential effects on the planet told the holy father to essentially stay silent and only comment on religious things. What will make these people think and come into the daylight?",0.2263
97,"There is also repression by the holier-than-thou right wing religious zealots. My daughter was shouted down in a classroom because she said she believed in free will.  They were discussing the Refformation and religious freedom from the Church of England in an AP history class.  She was afraid to express any of her religious beliefs because she was outnumbered by those zealots. In the South, it is suspect to hold anything but very conservative religious and political views.",0.1406
98,Nothing is as dangerous as setting emotions over thought. This is the way of all tyrants who arbitrarily declare certain ideas or images to be sacred and then accuse those who dare questioning them of blasphemy. This enables them to represent themselves as the victims and the questioner as the aggressor. The campus culture of victimhood is the first step toward intellectual tyranny. I was born in the USSR and I recognize the language of censorship when I hear it. The moral crusaders of today are not very different from the KGB-trained political instructors of my school years. They also spoke passionately of their victimization by those pesky dissidents who dared cast aspersions on their deeply felt beliefs. Any belief that is not dispassionately questioned and analyzed is dangerous.,0.1037
99,Because they are tax exempt. They are not private businesses.,0.1027
100,"More from Madison: During almost fifteen centuries has the legal establishment of Christianity been on trial. What has been its fruits? More or less, in all places, pride and indolence in the clergy; ignorance and servility in the laity; in both, superstition, bigotry and persecution.",0.1027
101,"Good video....Women, controlled brainwashed and property of men. Fundamentalist Christians say the same thing from the pulpit. My way or you go to hell. With all the progress of science etc, these limiting beliefs are still flourishing. And want to retake the world as before the Reformation.",0.1027
102,"The opening sentence of this article reads:<br/><br/>""‘I can’t. It’s against my religion.’’ <br/><br/>What the religious right says today is:<br/><br/>""You can't. It's against my religion.""",0.0772
103,"I think the Stone has become an embarrassment to serious philosophizing.  Philosophy took over as the regent of the humanities from literature when literary theory got self-righteously huffy, stupid, and superior.  Now philosophy is doing the same thing.  And both literature and philosophy have real things to say, and should be saying them rather than this groveling attempt to gain cultural capital in their own fields by dissing them.",0.0772
104,"Please define humility. It seems rather useless -- except for getting some compliments after you're dead. <br/><br/>Humility has to do with the gracefulness with which you wield power, not in your refusal to step up.",0.0258
105,"A moving tribute to a man that had ancient tribulations concerning his traditions that we all presently share, no matter our ethnic background or our religion.",0.0258
106,"If you belong to the 1% your flying Netjets, or your own jet. ",0.0
107,What would Zeus do?,0.0
108,"Hey, wait a minute, these religious practices and beliefs were exported from the U.S. to por Brazil",0.0
109,The moral compress once provided by religion has become dated.,0.0
110,"We are still living in a ""Hellfire Nation."" Leftover from the Puritans and other backward residents, still believing in a prehistoric fallacy.",0.0
111,Asking for equal treatment isn't persecution.,0.0
112,"@Jane: ""... atheists, who are by nature skeptical.""<br/><br/>How did you discover the ""nature"" of atheists?",0.0
113,Why are we even listening to this guy? Nothing here but cult of personality. ,0.0
114,These philosophers and psychologists must not have allergies.  ,0.0
115,The Vatican is one big golden calf,0.0
116,Uh.... Judaism is a religion.  It is not a race. Anyone of any race can convert to Judaism.  I cant convert to being Asian or Black.  Duh.,0.0
117,Perhaps the pope can douse the human flame thrower Trump in some holy water.,0.0
118,AACNY - Discrimination in a place of business isn't religious expression.  A bakery isn't a church.,0.0
119,All Your Base Are Belong To Us.,0.0
120,Then why are the world's Muslims looking on and do nothing?,0.0
121,Just as simply believing that a wind doesn't exist because we cannot see one is no different from believing God doesn't exist because you can't see one...,-0.0258
122,I pray everyday that we will leave.   No change thus far.,-0.0258
123,"""Punishing costs"" of clean air.<br/><br/>Their freedom to pollute means all others must put up with it.<br/>It's as bad as freedom to drive on any side of the road you like.<br/>The US glorification of ""freedom"" is simple minded.<br/><br/>The really punishing costs are paid by those who breath.  ",-0.0498
124,"You have no clue what the liquidity trap is, nor any understanding of simple IS-LM.  <br/><br/>And your ""model"" is wrong.  FDR warned about you and your kind:<br/><br/>""""The first truth is that the liberty of a democracy is not safe if the people tolerate the growth of private power to a point where it becomes stronger than their democratic state itself. That, in its essence, is fascism - ownership of government by an individual, by a group, or by any other controlling private power. ""<br/><br/>We will stop you because your interest is domination -- of the cultural and financial kind -- not freedom, not living well.",-0.0997
125,"Sort of like the expression about dogs that chase cars. Like the dog, the GOP is in danger of getting what it wants. Now what?<br/><br/>What they are creating is an opportunity to revisit the entire issue of health care, only with a citizenry that is growing more progressive by the minute. Younger voters are more vulnerable economically, less religous, and have no negative ideas about that dreadful, awful word ""socialism"". Now what, indeed? Universal health care is on the horizon, folks. <br/><br/>A word to the GOP: be careful what you wish for. When the gods want to punish us, they answer our prayers.",-0.1162
126," Doesn't seem like too much fun working for the ""Magic Kingdom"". Americans not being up to date. Doesn't sound encouraging to me. ",-0.1496
127,"Anyone hoping for the separation of church and state, however, was deeply disappointed.  ",-0.1513
128,"The church will come around on same sex marriage, contraception, and abortion.  Priests are being held accountable and will face consequences from the church.<br/>Will you face global warming and stop using the above as excuses to not do what is right on AGW?",-0.1531
129,"""These are people completely untroubled by cognitive dissonance"", states Dr. Krugman.<br/><br/>That should not be a surprise to your regular readers, sir. The Party Of God(R) has become a totally faith-based political insurgency fueled by embracing ignorance and denial of fact, as you have eloquently documented.",-0.1566
130,"This goes back to religions' campaigns against human sexuality in general.  Most U.S. practitioners of Christianity, Judaism, and Islam do not support the old codes literally (for example, I understand that most U.S. Roman Catholics wouldn't enforce their church's strictures against contraception), but those codes still heavily influence our laws and the way we enforce them.",-0.1603
131,"This is an articulate expression of foreign policy ""realism"": “It is possible for leaders or regimes to be cruel, bigoted, twisted in their world views and still make rational calculations with respect to their limits and their self-preservation,” Mr. Obama said. ",-0.1779
132,There can be no keener revelation of a society's soul than the way in which it treats its children.,-0.1779
133,"So now we see it again(ad infinitum, ad nauseum), a religious leader that preached one thing but secretly lived the opposite. What is it with these guys and why are their followers so foolish? <br/><br/>I guess that's why I'm an atheist about all organized religions and agnostic regarding the ultimate question. A hypocrite has no wisdom to impart.",-0.2052
134,"What has that to do with it? I'm Jewish and we can get divorced. I think for many protestants it's not a problem either, but not sure about Mormons. ",-0.2057
135,"   My hat off for the courage of dissidents trying to defend freedom from abuse of state power, the meddling in the privacy of its subjects, an insult to us humans, as we try to express ourselves and hopefully transcend the shackles of ignorance and its prejudices. If China, for example, insists in muzzling its own citizens from gaining information and knowledge, and applying it to improve society, it will never ever achieve its full potential, irrespective of how powerful it becomes, with money or brute force. If its institutionalized violence remains, it shall remain a beggar in spirit. Awful!",-0.2244
136,"Why is this even published in the NYT?  It is more appropriate to some catholic publication.  If you want to continue to publish this writer's rants on catholicism, then, out of a sense of balance you should also include Jewish, Protestant, Buddhists, Muslims, atheists, and on and on.",-0.25
137,Methinks thou dost protest too much.,-0.25
138,"Please tell me this. If Europe is such a virtuous paradise, how do you account for it's history of world war, murderous ideologies of fascism, Nazism and communism, and wanton colonialism. It's the individualism of the American character that has always made these extremes unattractive. Their is something to be said for not being a joiner.",-0.2732
139,"The Bush family fortune was built on three fundamental pillars: war (defense profiteering), intelligence (espionage) and oil.<br/>Their family ethic results from those three pillars of fascist fundamentalism.<br/>Remember much of their wealth came from doing business with Hitler.",-0.296
140,"Islamic voices need to be heard condemning this heinous practice and the Quranic interpretations that ostensibly encourage it. Muslims in the diaspora need to be at the vanguard fighting sex slavery and the retrograde culture that is staining the reputation of their faith. If not now, when?",-0.296
141,"Any time you give someone a choice, it's empowering.  It's when they don't have a choice that it's repressive.  The teenage years are when we start to develop a recognition of ourselves and form our own beliefs.  For a 13 year old to pledge 'purity' is nothing more than a reflection of their parent's beliefs that they have been taught for the past 13 years.  A purity pledge when you are 25 might have some potential for compliance.",-0.34
142,"Well, yes, you're sort of right when you say that ""there's nothing Islamic in what they do."" But you're not fully right. They're not raping girls in the name of Christ, or Buddha, or a nation state, or in the name of Voltaire. These vile people are not randomly claiming Islam as their faith, and plucking it out of thin air. They are Muslims distorting Islam.<br/><br/>Therefore, prima facie, there is something--albeit it horribly perverted--that is Islamic about what they are doing. ",-0.3781
143,"So, Tim, Howard believes you can get blood from a stone if you make the stone ""want"" it enough.  And hence, the problem.",-0.4019
144,"Religious fundamentalists, whether Christian, Muslim, or Jew are people with psychological problems.  It is time we recognize that fact and find ways to deal with it.  ",-0.4019
145,"""Greed is good.""  No surprise that David Brooks' world-view has more in common with that of the fictitious Gordon Gekko than it does with the actual Pope Francis.",-0.4215
146,"Very well put, but I believe the old Catholic/Protestant arguments will come out and break the religious right apart.<br/><br/>America is a Protestant country. There has only been one Catholic president to date, and historically the enmity between the two runs deep.",-0.4317
147,"Where exactly does this sentiment leave the Nuremberg defense - that German nationalists' conduct accorded with German law, culture and tradition, and thus were protected from humanity's strictures, applied post hoc.  The film Judgment at Nuremberg presents the problem squarely.  Poor Robert E. Lee, either the object of 20th Century veneration or held to 20th Century standards! ",-0.4389
148,"If Pope Francis rushes in where angels fear to tread - into the maw of America's politically correct Inquisition - by making ""inapt"" or ""medieval"" comments about Biblical teachings, or revelations by the Virgin at Fatima, or Akita, and how America might profit by redeeming itself thereby, then Il Papa will become ill Papa and excoriated by those who profess admiration for him today.  It's the same reaction we see to SCOTUSS rulings - fawn over them for pro-liberal rulings, and damn them for non-liberal rulings.  I hope the Pope sticks to the script and goes with the Philly flow, because the rest of us Catholics have to live here, and it's not getting easier.",-0.4464
149,"We used to give equal time to all candidates, it was called the 'Fairness' doctrine but Reagan killed it right along with unions and worker's rights and pretty much all of democracy. ",-0.4497
150,"@lukew-<br/>""Typical of the Catholic Church of the time"" in some ways is true, in others is still relevant today. The Catholic Church today is still trying to wield ecclesiastical power over the people, the idea that same sex marriage shouldn't be legal because it ""violates Catholic Belief"", or for example with Catholic groups not directly part of the church the bruhaha over contraception, or the US Church's unholy alliance with the GOP and the bible thumpers, says some things never change.  More importantly, it also shows that the church was never a friend to Democracy or limiting the power of the aristrocracy, in the 1950's the church silenced a Monk who pointed out that one of the highlights of our system, the separation of church and state, benefitted the church in the US, allowed it to thrive, because the Vatican believed that ecclesiastical law should supercede the civil. ",-0.4546
151,"Every member of this council should hang their heads in shame, again, the almighty buck rules everything and NOTHING is sacred...",-0.4767
152,"The literary canon is entirely antithetical to the rigid dogmatism of religion. It is a collection based on literary merit rather than holy text. There is no official canon and, the estimable Dr. Bloom notwithstanding, there is no literary pope. And the canon itself abides by no dogma; it is a humanistic exchange of observations, ideas, and moral opinions, not an attempt to enforce a creed.",-0.5106
153,"Alas, they are saying the same thing about you and me: if only we would abandon our conception of reality and adopt theirs, they say, everything would be hunky-dory.     <br/><br/>The real problem facing this world is how are we all going to live together without one bunch of us imposing (by force, logic, persuasion, or whatever) our worldview on all the rest of us?   <br/><br/>Because the fact is, as the survival of bronze-age ideologies demonstrates, that ideas never go away, that ""the others"" will always be there, and there will never be a global consensus.  <br/><br/>So the gods and prophets, holy books and ideologies, are all here to stay.   And while some of them are better than others, fundamentally the only global consensus we need is that, however different we may see reality, there is no reason to slit each other's throats over those differences, and every reason to adopt rules that will allow us all to share the planet even while disagreeing.",-0.5106
154,"Apparently, the partisan in the basement - and that description likely is very close to the truth - lies in wait for the chance to denounce Obama.  So typical it's become boring.<br/><br/>Meanwhile: Republicans also have distanced themselves from Jefferson by denying his role in bringing Enlightenment thought to the US and by suppressing Jefferson's philosophy of the separation of church and state.<br/><br/>How is that different from what Democrats are now doing?",-0.5106
155,Not so sure we're all hiding something and seeking absolution.  Can't really see this as a lifelong condition.  Glenn,-0.5234
156,"Did you hurt yourself making that reach?<br/><br/>He's speaking about the moral aspects of an issue that has been scientifically proven.<br/><br/>There can be moral or economic ramifications to all kinds of things, it doesn't mean that something is only a moral or economic issue.",-0.5267
157,"I disagree, our culture as long ago passed into the darkness of gun worship. ",-0.5859
158,"No. No compromises on ideology. It is more important that we conform to some squinty-eyed lunatics version of how the world should be.<br/>Science? Bah, humbug.",-0.6003
159,The Catholic Church has already proven it cannot police itself when it comes to sexual abuse by priests.  I don't think this tribunal is going to change that.,-0.6369
160,"What is wrong with our civilization in general that mainly is at war with women and consequently children? Maybe we have to rethink our basic understanding of the natural balance that needs as much women as men in the perpetuation of the human species. Until we do not reach that equilibrium and the members of one sex keep on trying to enslave the members of the other sex, peace will be only an inaccessible dream. The worst part is that men try to hide their dominance behind religious tenets. No religion that is based in such principle can represent a real idea of a loving God. ",-0.6569
161,"People give 10% of their income to churches, some of which are filled with 'evil predator[s]' and do so for decades.<br/><br/>How is this any different?",-0.6597
162,"They've abandoned the gospels for the reasons you cited--compassion and forgiveness. Fundamentalist Christianity is an Old-Testament religion that has rejected the teachings of Jesus Christ in favor of the angry god, the war god, the vengeful god.",-0.6597
163,"J&amp;G, if you choose to believe different, doesn't make you any better.  Your beliefs can easily be called a cult in the same way and it's pathetic to watch.  You know what is the worst?  You and your buddies of anti-faith have been shoving atheism down people's throats and you use tax-payer dollars against tax payers.  So who is exploiting the uneducated?  People like you.  You choose to propagate your godless beliefs and push it on people.   You are the ones being a cult.",-0.673
164,"Exactly; evangelical support for Trump tells us much more about them than him.  It should be made much more widely known that they are not especially motivated, in politics at least, by moral standards or spirituality. Then most of the public could really ignore them and stop taking their pretenses seriously.",-0.6898
165,QED - The Pope is speaking out on a moral issue that impacts all of us.<br/><br/>We don't call theft and murder religious issues just because churches are opposed to these things.,-0.6908
166,".<br/><br/>Bolger,<br/><br/>Interesting observation. <br/><br/>In contrast to Lee's opinion, I think you're on to something.<br/>What you're really implying is that there is either a change in the belief in the omnipotence or in the intention of God (to punish or to reward/protect mankind, for past sins or because his believers were faithful/chosen, respectively). <br/><br/>Fear of the almighty is replaced by the necessity to form a collective uprising against land-barons &amp; colluding governments/militaries; now the enemy is industrial society itself (effectively replacing an internal + individual transformation with a societal one. A philosopher/economist from Trier replaces a carpenter from Nazareth as Leitfigur. <br/><br/>We've come a long way from the fire-breathing warnings from the Middle Ages through Harold Camping's ""repent now or burn in hell-fire!"" to the ""Befreiungstheologie"" [teología de la liberación] of Gustavo Gutiérrez. <br/><br/>---<br/><br/>Frankly, I wouldn't waste a moment's time on W's little brother; but apparently Lee considers him relevant enough to sling epithets. IMHO, Rubio, Walker &amp; Cruz are far more in sync with taxpaying voters' wants and needs (and that includes Billary on the LHS of the equation). ",-0.6933
167,"I love this comment. I never though about the shall we say ""Oedipal"" dimension of language change, till your great comment: but imagine, each generation trying to dislodge the elder generation's control of meanings (and therefore statuses, sex and everything else)-- just think of the draw of hierarchy savaging academic trends like deconstructionism, Foucault, and just about every 'ism' from time immemorial, and how they're gobbled up by the young to unmask elder hypocrisy.  Yet when the new generation and its weapon - be it Freud, Kuhn, Yeshke, becomes the establishment doctrine, it faces the new crop of rebels.  It's not goes back not just to Oedipus, but Zeus castrating Kronos.   Telemachus and Odysseus (on the latter's return, launching their arrows at the suitors together, to reclaim his immovable bed).  In other words whether the language is essence or mere superstructure, there is an endless battle between generations for control, and language is perhaps the primary battlefield.  Of course in adulthood we think WE finally got the real truth and want our meanings fixed in place, makes us feel permanent.  Too bad we're not.",-0.6956
168,No.  Maybe not.  But they do hold an ex-communication ceremony and you are forced to leave the church.,-0.7096
169,"Offensive is all I can say. Of course that is the point, right? It's okay to offend catholics because there will be no consequences. You are afraid you might offend others as evidenced by your Muhammed comments in the past. I am done with your publication and hope for a museum boycott.",-0.7269
170,Mr. Scarborough is either an unrepentant racist or has no idea what he is talking about(or possibly both).,-0.7351
171,"I wish to hear on Conservative- Political/ Christian Radio- the commentaries- the rage about Christian worshipers at Emanuel being mowed-down in their House of Worship and the ""attack on Christianity"". I doubt anyone will hear any outrage because ""these"" Christians aren't part of the Conservative Christian Radio demographic.",-0.7717
172,"People believe what they're told, especially when they're told young enough (e.g. all religions). Recognising the errors in our indoctrination requires Intelligence, Willpower and an Open Mind.<br/>Gun addiction in the US is not much different from a fundamentalist religion, citing &amp; misinterpreting its ancient text for justification, but the evil that it causes (many times more deaths than ISIS, Al Qaeda, Boko Haram, Al Shabab &amp; Lord's Resistance Army combined) will not budge without a large injection of these 3 ingredients.",-0.775
173,"This survey simply shows that many so-called Christians: a) lack empathy (which is, after all, a higher emotion that may not be available to those of limited intelligence); b) lack exposure to the wider world (which is what happens when you cloister yourself with your fellow believers); and c) lack familiarity with the message of the New Testament. ",-0.7783
174,"Pardon my limited grasp of this modern age, but what the hell is a hoverboard?",-0.802
175,"I'm not sure I understand why this is categorically different from any of the other bans a school like BYU has. One of their policies is to ""use clean language."" Presumably a student can be expelled for swearing, yet there is a constitutional right to free speech. Are they also worried about losing tax exempt status for this policy? No. It is all fear mongering. No one is really afraid of any of these things. This is substance-less political rhetoric to try to dictate their beliefs into law.",-0.8054
176,"For once, the Progressive readership is largely silent on its parade of Douthat criticisms; and you have to take that assent as a backhanded compliment to Ross's logic.  For that, I almost feel like we owe ourselves a round of applause: everyone read the column and agreed with the soundness of its conclusions.<br/><br/>Except, of course, for the remarks on our economic state; and that is interesting, because it does not account for the fact that the United States is still the wealthiest country in the world (measured by per capita income).  A good Liberal mixes facts and emotion to wit the ""success"" of prisons, in perverse irony, supports privatization as a means to increase outcomes.<br/><br/>What Ross barely touches is the bleed of morality out of American life.  We cannot use the term ""shame"" in our society, either as a judgment on others or our own behavior.  And the society that removed the Ten Commandments from public buildings (no matter whether it was justified as a church/state issue) now struggles with the notion that there are things we should not need to debate, but we do.  ""Conservatives"" are ultimately under the same judgment of self-regulation and society's shame just as Progressives and Liberals are and should be.<br/><br/>The poor should be no more subject to society's judgment for his sins than the banker or corporate CEO, and our dialogue would progress further if we were to name all human sin and place its responsibility with the individual.  <br/><br/>Or we can build for-profit prisons.",-0.8068
177,The people who lost loved ones in this horrific crime are the epitome of Christians. It's not an easy path to follow Christ and forgive such an act. My heart with with them. ,-0.8154
178,"Much of the literalism of evangelical Christianity that obsesses over rules and punishment is anti Christian in regards to the deeper, more transcending message of the faith. More harm than good comes from this inferior interpretation of Jesus' teachings.",-0.8154
179,"It sickens me when people use religion to justify any injustice.  They are using the same types of justifications that the Nazis used to dehumanize their captives, legitimizing any punishment or torture.  They absolve the purveyors of guilt and perhaps even instill a sense of honor.  Burning someone alive is pleasing in the sight of Allah, rape, particularly of a child, is pleasing in the sight of Allah, beheading and blowing yourself up to kill others (which is not unique to ISIS) is pleasing in the sight of Allah. There are those that defend it as a religion of peace and love.  So where are the peaceful Muslims who are outraged, who stand up?  Where are the Dietrich Bonhoeffers?  I have neither seen nor heard a hint of condemnation from the Muslim world.  ",-0.8253
180,"There is no such thing as radical Islam.  There is only one Islam and there is nothing radical about it. To attribute crimes such as rape and child molestation to a branch called ""radical Islam"" is to lie in the name of God.",-0.8271
181,"There is a very good reason for the extremely negative reaction that Ayn Rand's fiction inspires, but it's not the reason that most of her fans suspect.  It ultimately has less to do with her political philosophy and more to do with her aesthetic philosophy.  Russian literary critic Mikhail Bakhtin has argued that the novel is inherently dialogic in nature - in other words, novels contain a multiplicity of voices that reject official speech and even, more subtly, authorial intent.  However, this simply doesn't apply to Rand's works... they are monologic at their core, full of the most absurdly straw men that crumble under the weight of portentous and overlong philosophical speeches.",-0.8294
182,"Dear Erin. The article is entitled ""ISIS Enshrines a Theology of Rape"".  In other words, religious texts are used not just to justify atrocities on a mass scale, but to produce and structure them.  It is a mandatory practice.  (Do you need the quote from the article?) I think there is good reason why Muslims (and the PC brigade) need to think about the foundations of Islam and what it has brought forth instead of the usual cant.<br/><br/>BTW, it is dangerous to criticize Islam or Mohammed from the inside. One might get killed for it. ",-0.8462
183,Actually Pope Francis just took steps to make sure that Bishops who have failed to act on the sexual abuse of children or who have been involved in cover-ups are not immune. There is no evidence that he protected any priests in his various placements and there are no clergy 'hiding' in the Vatican from legal charges in other countries.,-0.8477
184,"The pope's ""guidance"" has nothing to do with ""saving the planet,"" and everything to do with his marxist beliefs in wealth transfer.  If that's what he believes, then so be it. I'm sick of marxists clocking that belief under the delusion that somehow our trivial CO2 emissions are destroying the planet.  What's worse is that some in the gullible masses actual believe their bunk.",-0.8555
185,"Never could reconcile how The Dead, who eschewed materialism of the Establishment, became a massive corporation, selling everything from neckties to shot glasses. And Jerry's family fought bitterly over his estate. Hypocrites?",-0.8625
186,"To President Obama. Could you please condemn this attack even though the terrorist is a Muslim? And call him a Muslim?<br/>Or is this another ""regrettable incident"", like all the earlier ones? where you just express sympathy for the family of the victims?",-0.8924
187,"A  personal essay of why he can be both contemptible and revered  by so many.  It ends with this:<br/>--------------------<br/>Whatshisname somehow knows that he is popular, not in spite of his obnoxiousness, but because of it.  He is free to be who he is, and doesn't give a damn who doesn't like it. For those cowed teachers or volunteers who live in fear of expressing themselves, this is seen as a model of liberation for themselves, a virtual social revolution that is lead by one who shows no fear of castigation for being as crude as he wants to be.<br/>-----------------<br/>The full essay, 1500 words, is here<br/><br/><a href=""http://alrodbell.blogspot.com/2015/08/the-potent-promise-of-freedom-of.html"" title=""http://alrodbell.blogspot.com/2015/08/the-potent-promise-of-freedom-of.html"" target=""_blank"">http://alrodbell.blogspot.com/2015/08/the-potent-promise-of-freedom-of.html</a>",-0.8931
188,"Amen Brother Brooks!  While the Culture Wars were going well for Christian conservatives for a while the tables have turned and it's not pretty.  It's turning into a rout.  Much of it is of their own making.  Cultural conservatives are now  retreating into victimhood.  It's getting sad.  The more they fight the more they come off as angry haters.  The more people they turn off. David Brooks observes ... ""Members of the millennial generation are detaching themselves from religious institutions in droves.""  Why would anyone want to join?  The Pope recognized this in his quit obsessing over gays and abortion comments.  Not so long ago Christian groups came off as open and welcoming to young people and their problems.  Now it a ""circle the wagons"" mentality as self appointed guardians of marriage and faith.  IMO they would do much better going back to being open and welcoming to all.  A refuge from society's ills.",-0.9
189,"The weak rationale offered by the Times is almost too disingenuous to refute. The portrait of Pope Benedict is legitimate art, but the drawings of Muhammad are only meant to be offensive? This argument is an affront to free speech and free expression and it's a capitulation to violence on the part of ""religious"" zealots. Shame on the Times. ",-0.9163
190,"Brooks writes:  ""More and more Christians feel estranged from mainstream culture.""<br/><br/>What about all of us Christians who feel estranged - and betrayed - by institutional religion?  I am a dyed-in-the-wool Catholic Christian who feels disgust for the institutional Catholic church for its immoral behavior on such issues as child abuse, homophobia and its anti-gay crusade, and its continued  patriarchal misogyny toward women.  <br/><br/>If THAT is the Christianity people are walking away from, then I would characterize them as quite faithful indeed.",-0.9171
191,"This is a fault in Islam. It is a legalistic religion. The Koran is the source of law. It says to follow Mohammed’s example so his biography is also a source of law. Like most systems where contradictions exist the last in-time doctrine rules. For the first 12 years of his mission Mohammed preached a mostly inclusive message in Mecca but in the last 10 years he preach exclusion and practiced coercion.<br/><br/>In Mecca he accrued &lt; 200 followers. Frustrated his message became more hostile to other sects. The reaction was hostility towards him. He then fled to Medina where he was uniquely positioned to serve as mediator between 5 feuding tribes thus ascending to political office. The arrangement granted franchise to his group adding a tiny 6th tribe. The unrecognized distinction was unlike the other tribes based upon kinship, Islam could grow thru assimilation.<br/><br/>Lacking means to income Mohammed organized raids especially pilfering Meccan caravans. The plunder attracted new converts: one could join &amp; share in the spoils, pay extortion tax or die. Spoils included the taking of sex slaves: moreover if one died in the event they were granted immediate entry into paradise where they’d get the same. Sex exploitation was important. This mix impelled exponential growth for over a century.<br/><br/>Mohammed progressed through banditry, extortion, murder &amp; eventually to genocide; essentially running Medina like a mafia boss. So it is with Isis &amp; technically it is all legal inside Islamic jurisprudence.",-0.9181
192,"The right wing has gone over to a belief system where ideology trumps reality.  If the Earth keeps getting warmer due to human activities, despite what the oil companys' propaganda outlets spout - the Earth is wrong.  If Kansas is not seeing an economic boom after cutting taxes, and is running a budget deficit - the numbers are wrong.  And, of course, if Weimar-level inflation does not appear despite the Fed's expansionary policies, the inflation numbers are wrong.<br/><br/>Anyone pointing out the disconnect between the Republican's ideology-based predictions and reality is a heretic.  It's sinful to listen to heretics, because they might lead people to question their faith-based certainties, and (gasp) stop voting for Republicans until they come to their senses.",-0.9201
193,"Mr Cohen makes Germany into some very specially indebted State. How does one evaluate the brutality of a State that makes it into an eternal debtor? If the criterion is the number of death inflicted per second, the USA certainly is champion and a superior candidate for eternal debt after it destroyed the civilian town Nagasaki with a nuclear bomb. The concept of an 'eternal debtor' is nonsense in my eyes because there is no measure to define it. Nor is there a legitimation to use it, except for ideological or political reasons. This  way of making a nation some sort of outcast, and its population( altho unborn during the atrocities ) into some sort of 'for ever monster', is the summum of dark and useless mysticism",-0.9246
194,"Silly Christians. Don't you know you are the one religion the world is allowed to disrespect, hate and murder? I remember when  PISS CHRIST was being funded by our tax dollars in the eighties. The Gauntlet was thrown then. Meanwhile the left wingers make every excuse for the murderous Islamic Jihad, because while Christians might complain, the left wingers know they can count on the civility of those same Christians they are so fond of insulting. They pretend to not notice the Islamic jihad murders,less they be put on some crazy sheiks Fatwa.",-0.9734
195,"Brooks says - with the immediate approval of every single liberal here who hates Christianity - ""More and more Christians feel estranged from mainstream culture."" Of course his comment is to be taken as rueful, as the liberal nirvana is to be accepted by the culture.<br/>|<br/>But true Christianity has never been that. In any number of texts, Christ made it clear to His disciples that loving the world [the wider culture] was not only wrong, but connoted something far more important: the absence of God altogether. Let's take a read:<br/><br/>""Do not love the world or the things in the world. If anyone loves the world, the love of the Father is not in him. For all that is in the world - the lust of the flesh, the lust of the eyes, and the pride of life - is not of the Father but is of the world.""<br/><br/>And again:<br/><br/>""If the world hates you, you know that it hated Me before it hated you. If you were of the world, the world would love its own. Yet because you are not of the world, but I chose you out of the world, therefore the world hates you.""<br/><br/>and again...<br/><br/>""And you will be hated by all for My name's sake."" But he who endures [in faith] to the end will be saved. When they persecute you in this city, flee to another. For verily I say to you, you will not have gone through the cities of Israel before the Son of Man comes.""<br/><br/>and again...<br/><br/>""If they have called the master of the house [Christ, that is] Beelzebub, how much more will they call those of His household?""<br/><br/>Brooks does not seem to know this. ",-0.9751
196,"One part of the problem is that each person begins from zero. He begins in a mysterious world he cannot control, where survival is the issue. And, as Piaget showed, we are very stubborn in our view of the way things are, holding on even when all the evidence shows it is mistaken. Each one of us lives at the center of his own universe, viewing reality through a one person prism. But arguments do force us to face another person's perspective. In spite of ourselves, we move on. It takes a kind of conversion. <br/><br/>But for all that goes wrong, there is progress. The Franks, who used to wear necklaces made of baby skulls, converted to Christianity because Michael the Archangel carried a sword. Gradually, though, Christ has had his impact, and the French are no longer savages. The berserkers from Norway and Sweden, who terrified much of the world, are now nations famous for peace. One day even the Moslem world will think past its inherent violence as it moves into other places where its Medieval certainties challenged and the pressure of kinder people demands a change of mind.  ",-0.977
197,"FoxNews and a bunch of the Republican Presidential candidates are the only people seriously trying to claim that attack was an attack on religion or on Christianity, as opposed to an attack on black Americans based on the color of their skin.<br/><br/>Yesterday, several of FoxNews' commentators who had spent a week claiming a religious basis of the attack, spent their on-air time trying to convince anyone who would listen that they simply had no way of knowing that Roof had launched his attack as a racist attack, seeking to start a race war. Of course, that little fact was mentioned in every news source (except FoxNews) less than an hour after the attack, since Roof went out of his way clearly state he was attacking people based on race.<br/><br/>And being a devout Christian doesn't make one any less a right-wing lunatic. Indeed, there is strong evidence it worsens the problem, as such people are inclined to believe demonstrably false non-facts based on their faith rather than believing their own lying eyes...",-0.9885
