,comments,scores
0,"Somewhat similar to the weasel word ""just"" is the use of the word ""since"" to denote the last time an event occurred. For example: ""Rogers' appearance in this year's tiddlywinks championship marks his first participation since 2013."" To me, the use of the word ""since"" suggests that a fairly long period of time has elapsed, but in this example it's been just two years - not long at all, assuming the championship is an annual event. ""John Spearchucker's 2012 Olympic gold medal in javelin was his first since 2008."" Well, yes, of course it was, because it was the first opportunity to win another medal - why not just say ""John Spearchucker's 2012 Olympic gold medal in javelin was an encore of his 2008 win"", or some other phrasing that doesn't suggest something special about the elapsed time.<br/><br/>""First World Series appearance since 2012""? What's the big deal? It's an annual event with many teams competing. ""First World Series appearance since 1997""? OK, quite a few years have elapsed before returning to the championship. ""First World Series appearance since 2012, despite winning their division every year""? Sure - falling short in 2013 and 2014 makes it notable. Granted, there's no bright line denoting when ""since"" makes sense, but it's WAY overused.",0.9918
1,"Knicks Think Big as Free Agency Is Set to Begin <a href=""http://www.nytimes.com/2015/07/01/sports/basketball/knicks-think-big-as-free-agency-is-set-to-begin.html?ref=basketball"" title=""http://www.nytimes.com/2015/07/01/sports/basketball/knicks-think-big-as-free-agency-is-set-to-begin.html?ref=basketball"" target=""_blank"">http://www.nytimes.com/2015/07/01/sports/basketball/knicks-think-big-as-...</a><br/><br/>I am interested in this article because I am interested in pro basketball. I am a big fan of the Knicks and I think that the president of the Knicks is right about his priorities: size, size, and size. I watch the Knicks play all the time on YouTube afterschool and I enjoy playing basketball so that is why this article interested me. I went to the Sports part of the New York Times newspaper and searched for the Knicks. I like the NBA and I support their decision for a free agency. It is easy to score in basketball and I think basketball is the best sport and I would really really really like to continue reading more articles like this. ",0.9899
2,"<a href=""http://www.nytimes.com/2015/08/07/sports/basketball/rebuilding-around-tina-charles-puts-liberty-in-playoff-hunt.html?ref=sports"" title=""http://www.nytimes.com/2015/08/07/sports/basketball/rebuilding-around-tina-charles-puts-liberty-in-playoff-hunt.html?ref=sports"" target=""_blank"">http://www.nytimes.com/2015/08/07/sports/basketball/rebuilding-around-ti...</a><br/><br/>As a fan of the WNBA and Tina Charles, this was definitely an interest of mine. I feel that it was a great decision for Laimbeer to put Charles in the position she feels most comfortable in. Especially when having versatile players that fit the much needed accommodation for more wins. Not only has Liberty gained a winning streak, but they have also gained new players that can comply and put in work on the court. They have gained a certain dominance that was much needed seeing as though last year they had a record of 15-19 and missed the playoffs. Nothing is better than an underdog team coming back and taking that victory they’ve always wanted. Also the trade of Chicago Sky’s Epiphanny Prince was a great one, with her tight defense that means a strip of offensive points. I have also seen and read in this article that Charles’ defense has become stronger, and with this you have a stronger team. All players have to work together and with the new players that have come, they have a chance to win it all. Of course it will be a challenge because Elena Della Donna is a great player who has grown and is coming for everything she feels she deserves. At the end of the day, Liberty has potential and can take this all the way.     ",0.9899
3,"Black excellence, white excellence, why must it be one or the other?  Serena is an amazing, graceful, powerful athlete who deserves every win - she trains hard enough for it! As a white woman, I see Serena as a athlete who loves what she does and does it tremendously well.  I also see a woman who has matured over the years, learned to laugh at herself and the crowds, learned to respect and appreciate her peers, learned to navigate the prickly world of reporters and press.  I do not always cheer for Serena to win - sometimes I want the other player.  Not because I am racist or un-American, but because I might just like the other player better that day.  That never takes away from the respect and admiration I have for Ms. Williams.  I cannot wait to watch her light up this year's Open! ",0.9897
4,"Gee, I don't know.  Seems like a huge glorification of an emotionally undisciplined primadonna to me, even if she's also the greatest tennis player of all time.<br/><br/>Celebrate her great tennis, but crudely threatening a line official is not something to excuse because of race or because racism is perceived.  <br/><br/>Tennis is a game.  Professional tennis players excel at it and entertain us, but there are greater forms of heroism than becoming the best tennis player on the planet.   It seems Serena has been well compensated for her trials and tribulations and dedicating her life to playing a game she loves.   This piece seems way way over the top celebrating her greatness as a person as much as as a tennis player.  Let's see what she does as a humanitarian after she retire before presenting her with these accolades.<br/><br/>I've never read such a piece about Michael Jordan.  ",0.9851
5,"“ In a Rout and Romp, U.S. Takes World Cup”<br/><br/>I’m no athlete. I'm not the type to get out there in the middle of a field amongst my brethren and fight to the death over a brassy trophy. The grime, grit, and muck have never been a particularly pleasant or exciting aspect of athleticism to me. Sports aren’t my lifeline, but in reading the article, I could elicit my excitement from the final FIFA Women's World Cup game take over my heart and manifest in the form of capitalized text messages to every single person on my contact list. The relevance of this article is monumental not just for athletic achievement: but for honing in on the ideals that despite the challenges, lack of respect for female sports, and the physical exertion- the U.S. Women’s Team are victors.<br/>The message Abby Wambach, Hope Solo, Alex Morgan and the other team members are spreading can’t be denied: the women of the U.S. are stronger, badder, and fiercer than ever. Not since 1999 has the U.S. won a title. Carli Lloyd, the main scorer of the final game against Japan, was able to put three points on the board within the first sixteen minutes of the game. Avid athletic fan of men or women’s sports or not- the reverence I feel for these women is inconsequential compared to the message I, along with other viewers of all colors and shapes helped to prove: no matter what you like or who you are, there will be challenges you create for yourself and have to overcome. But if you play the game, you “create gold.”",0.9811
6,"We all know the fickle nature of tennis and it is safe to say that on any given day, even the very best can be beaten . . . and frequently are. Dustin Brown is today's super player and I wish him good fortune.<br/><br/>I'm honored to watch the exceptional coverage of Wimbledon and may the best man  (an or woman) win.",0.9802
7,"Jorge was a good guy. At first he was a horrible catcher. In fact, rather than frame a close ball as a strike, he sometimes did the opposite. Used to drive my friend crazy. <br/><br/>Over the years he made himself into an above average catcher. But, let's be honest.  No one who knows anything about baseball would include him among the greatest catchers of all time. (He was a very good hitter, and a slow but adequate base runner.)<br/><br/>But his number ""20"" should be retired because he was the main catcher for one of the greatest MLB dynasty teams ever, including the 1998 team. We aren't talking about the Hall Fame. The Yankees can retire numbers based on whatever criteria they choose.",0.979
8,"Jorge was a good guy. At first he was a horrible catcher. In fact, rather than frame a close ball as a strike, he sometimes did the opposite. Used to drive my friend crazy. <br/><br/>Over the years he made himself into an above average catcher. But, let's be honest.  No one who knows anything about baseball would include him among the greatest catchers of all time. (He was a very good hitter, and a slow but adequate base runner.)<br/><br/>But his number ""20"" should be retired because he was the main catcher for one of the greatest MLB dynasty teams ever, including the 1998 team. We aren't talking about the Hall Fame. The Yankees can retire numbers based on whatever criteria they choose.",0.979
9,"Steve - great analysis as you have described their contrast very vividly and effectively now I can see much clarity why Rafa is prone to injury by grinding and I just saw slow motion of Roger 'floating' (with shooting only on his moving feet) during his game with Sam and it was truly amazing to see how he actually float and in the flow throughout ... and if you notice Roger feet in these slow motion clips, amazingly he is 'on the toe' most of the time, keep his centre of gravity forward so he can float with ease I guess...and indeed both of them are great champs!",0.9737
10,"I am American and have been playing for Columbia Red Branch Hurling since I was 8. Hurling is great because you do not have to be the fastest person on the field to be good. This sport requires a great amount of skill. Every season I enjoy playing this game more and more, even though I am playing with people 10  years older than me (I'm almost 18 now). If it wasn't for my dad and other friends who formed the club I would have probably been playing a lot of American football or basketball.",0.9705
11,"Man Utd got a Fergie draw, almost an annual rite of fall. They surely have the talent to win the group, but unless this is the season van Genius really turns the ship around I think they've got a survival fight on their hands. I think they'll go through, but with a fair bit of squeaky bum time.<br/>Man City also surely have the talent to win the group, but somehow it's hard to see that, even with Juve weakened. Interesting that with 5 La Liga sides in the CL only Sevilla fell into pot 3, and I don't think there would be a team in the Cup glad to see them in their group.<br/>And in yet another annual rite of fall the Arse will go through, yet again. In second, yet again.",0.9704
12,"“This has been one of the best quality fields we’ve seen in a long time, it’s just an amazing field,” said David Winston, a top Republican pollster""<br/><br/>That's sort of like the NFL coach who knows the team will be lucky to go 8-8, basically say at the start of preseason that the team is amazing, and will likely be a Super Bowl contender...<br/><br/>Some people just don't deal in reality",0.9702
13,"I love the Williams sisters, always have, and I'm not even a tennis fan.  I'm middle class,  old and beyond my own athlete days, heterosexual and generally optimistic.  The Williams sisters turn me on.  They're sexy, tough looking, athletic and beautiful.  They win and they win consistently.  They  contribute to that constellation of ideals at the pinnacle of America's psyche.  May they live forever!      ",0.9684
14,"Is Ultimate Frisbee Ready for the Olympics?<br/><a href=""http://www.nytimes.com/roomfordebate/2015/08/12/is-ultimate-frisbee-ready-for-the-olympics?rref=homepage&amp;module=Ribbon&amp;version=context"" title=""http://www.nytimes.com/roomfordebate/2015/08/12/is-ultimate-frisbee-ready-for-the-olympics?rref=homepage&amp;module=Ribbon&amp;version=context"" target=""_blank"">http://www.nytimes.com/roomfordebate/2015/08/12/is-ultimate-frisbee-read...</a>®ion=Header&amp;action=click&amp;contentCollection=Room%20for%20Debate&amp;pgtype=blogs<br/><br/>This article grabbed my attention because I am apart of the ultimate Frisbee club at my school and I play it with my youth group on Sunday afternoons. I do believe Ultimate Frisbee is ready for the Olympics. It is becoming a very popular sport all around the world. There are many tournaments all over and the sport requires a lot of athleticism and you definitely have to be in shape to be able to be a good player. I think it is time that this sport be respected and added to the Olympics, time for it to be seen as a legitimate sport.<br/>Ultimate Frisbee follows the same concepts as other Olympics sports except that it is self officiated. Allowing Ultimate Frisbee to be in the Olympics would bring in even more viewers and would add a new, exciting sport to the agenda.",0.968
15,An artical that interested me was about Ultimate Frisbee and sports. It intrested me becuase I think adding Ultimate Frisbee as a Olympic sport is a amazing idea. All though it is a very small chance its still worth the shot. Ultimate Frisbee is played through out the world and many people love it. And having it become an Olympic sport will make thousands happy.,0.9637
16,Johnston was brilliant on Friday. She was all over the field either creating plays for the US or stopping plays by the Chinese. Her serve into Lloyd was beautiful. Was her name even mentioned after the goal? Julie's aggressive and remarkable style of play deserves much more credit than she seems to get.,0.9617
17,"American Pharoah, the amazing and astounding triple crown winner deserves a monumental pyramid built at Churchill Downs to remember him when he is no more. Triple crown victory for Victor Espinoza, the truly luckiest Mexican on earth deserves a parade in Louisville, KY where his quest for the triple crown began. Ahmed Zayat's journey and American dream are far greater than he could have imagined. Trainer Baffet will be known for being the hall of famer legendary trainer for the rest of the century.",0.9612
18,"Hope Solo is a very talented athlete and, quite possibly, a jerk.  She gets special treatment because she helps her team win games.  Wow, I've never heard of anything like that before in professional sports. ",0.9596
19,"I mentioned this in another comment, but the NFL hiring female executives and employees to change it's image in the wake of domestic violence scandals is obviously a publicity move (however, a positive one I believe). It's important that the NFL has female employees who advocate against domestic violence, because it's clearly an issue amongst the players. <br/><br/>But my original point was that the Arizona Cardinals hiring a female linebacker coach isn't publicity. The team as a financial and I guess personal interest to win. They also have one of the best defenses in the league, and the choice they make for coaching has a direct influence on the players succeeding. The coaching staff and GM has no business hiring personnel that can't do their job well (and how many times have we seen men in that role?).",0.9595
20,"I fell in love with Serena after watching this match.  First there was the last shot, when she was so stunned she didn't know it was over.  She was  subdued as she hugged her opponent, shook hand and with the ref, and then, it hit her -- and she jumped for joy.  Pure enthusiasm for all to share. <br/><br/>As she walked into the building and down the halls, first she put the plate on her head.  Why not, she was a happy ten year old letting herself go.  Then she looked into the camera and said with great affection, ""Hi daddy, I love you.""  She remembered that gruff guy who took them to the courts and pushed a bit, but always with affection that now is on display, even if he is no longer part of her inside group. <br/><br/>As she walked along, hugging friends, and mockingly refusing to relinquish the permanent trophy that stays in the museum, she was simply having fun, being the same open person she always is,  even when she is grimacing in agony feeling the pain of losing a point that she should have won. <br/><br/>And then as she leaving the public area about to enter the dressing room, she said a few final words to her coach, in French.  In French!  My God,  I had taken her sometimes stereotypical comments as a sign of vacuousness.  Like how originally can you be when answer the same endless questions? <br/><br/>She the genuine article.<br/><br/><a href=""http://AlRodbell.com"" title=""AlRodbell.com"" target=""_blank"">AlRodbell.com</a> <br/><br/>watching her as she walked to her dressing room.  It was all televised on a steady cam walking feet in front of her, but she ignored it. ",0.9587
21,"This week I found interest in the article titled ""Nintendo Forms Partnership to Develop Mobile Games"". When I first saw this I immediately became excited; all of my Nintendo games such as Pokemon, Zelda, and Kirby might be coming to my phone to enjoy at public places. Ever since I was a small child I have enjoyed the bright and colorful places Nintendo has brought me to, weather it was saving a princess from evil forces to eating up all of my foes (trust me it's a lot cuter than you what you would think it was about) because they stole a cake. Whatever is in store I'm sure it will be just as great as I hope. (118 word count)",0.9584
22,"I love when television executives are blown away because they missed the rapid pulse of their audience. And for all the talk of little girls being glued to their TVs, I saw bars filled with lots of adults watching and this 60 plus year old got herself to Montreal to watch the U.S. beat Germany. These are some of the top athletes in the world playing the beautiful game. It is thrilling to see the U.S. wake up to it. Congratulations Team USA and thank you.",0.9584
23,"For me the biggest goal of the tournament was the US's second against Germany, one for which Ms. Wambach has gotten less credit than she deserves.  Running down the long ball in the corner, settling it, and taking the time to look up and assess the field was savvy, veteran play.  Putting it back out front was generous and brilliant.  Against the (then) #1 team in the world no less.  That goal did not begin with the entry pass into the box, although that's where all the highlight films start.  Beautifully played Ms. Wambach, then and all these years.  ",0.9525
24,"On the one hand, it seems like a noble thing to highlight plays that don't get produced and to help them get to a production.  However, I saw Airline Highway, and it was abominable.  Not that the writer being a woman had anything to with it, but that play was putrid.  Sometimes, the better plays rise to the top.",0.9481
25,"In these days of free agency, players don't seem to have much trouble joining new teams.  Nick Markakis noted how much he loved being an Oriole and playing in Baltimore but had no trouble leaving for Atlanta for a bit more money.<br/>I'm sure if Wilmer Flores has a good career that when he is eligible for free agency, if he is crying about going to another team it will be all the way to the bank<br/>The players don't seem to have too much loyalty to the fans whose money pays them those exorbitant salaries.  Should we really care about them when they are traded?",0.9414
26,"Must have been a slow day in the big Apple for a sports journalist to zero in on the great Stephen Curry and after bypassing all the positive things to write about; for example, Curry with his beautiful daughter at the ESPN news conference after a playoff win; instead, this writer concentrates on a 'mouthpiece' full of bacteria and germs that Curry chews on.  It's like after Singleton of the Nationals hits another league leading home run, the writer writes an article about how he Spits in the dugout.  The incompetence coming out of the NYT...baffles me.",0.9393
27,"I love watching women's soccer but, let's face it, spectator sports are just entertainment so that their fate better be decided by the free market. Playing soccer is a totaly different issue and that requires little or no infrastructure at all. I grew up in Hungary in the fifties and all we neeed were a bus ticket, some kind of a ball, and some objects to designate/imitate the goalposts.",0.9373
28,This article posits a false theory - that success in the NBA is a continuous variable tightly linked to the sum of individual player performance metrics - it is not.<br/>There are many models at play in the NBA from the champs GS to the perennials - the Spurs to the exceptional - the Cavs.<br/>The success of each is a dynamic market-based equilibrium - not an continuously variable correlative model.,0.9349
29,"""When Wambach entered the game in the second half, Lloyd — in a classy show of respect for the team’s longtime leader — gave her the captain’s armband to put on.""<br/><br/>Teamwork, respect, shared success.",0.9349
30,Really enjoyed the article! I would think that giving all first round picks an equal base salary is probably too drastic of a change. Teams picking late in the first round would then have even less of an incentive to keep their picks. You would have teams giving away their 1st rd picks. <br/><br/>But definitely agree that a redistribution of money to 1st rd picks makes a ton of sense. ,0.934
31,The number of women playing competitive tennis is a tiny subset of the number of men playing competitive BBall.<br/>Serena is a big fish in a very... very small pond<br/>She and her sister also lost badly in straight sets to the number 200 ranked man in the world in a fun match a few years back when he played both of them back-to-back. She would not even register in a man's tourney.<br/><br/>Lebron is the best athlete in a top ranked sport that has a huge pool of contenders - plus he  could easily beat (in a basketball sense) all of the women in the sport.<br/><br/>Although I would have to say that they are both equally disagreeable souls.,0.9337
32,What a wonderful inspiring story.  I am so happy for the team. Particularly the classy poised articulate Mo' ne Davis.  I am also a wee bit envious and melancholy.  I wore my Jackie Robinson West Little League Championship T-shirt yesterday. With some pride and shame for kids from my native South Side Chicago who were misled and poorly served by adults. Back in my Jim Crow era South Side Chicago both Ernie Banks of the Chicago Cubs and Al Smith of the Chicago White Sox lived in a black middle class neighborhood. Both men sponsored Little Leagues with several competing teams.,0.9274
33,"I respectfully disagree. One reason I like women's basketball is that they still play a fundamental, team-oriented game. Yes, there are stars that can take their defender off the dribble, but there is much more passing, cutting, and screening in the women's game. And don't get me started on free throws.<br/><br/>But we are a highlight-oriented culture. The only passes that we see on the SC Top 10 are for dunks. I just hope that the women's game does not go that way.<br/><br/>Go Huskies!",0.9213
34,"Something is wrong with this picture.  Is the entire U.S. Women's squad white?  In men's soccer, very few top International teams are all-white (Uruguay and Argentina come to mind) and non-white athletes like Pele and Eusebeo proved themselves as talent equal to white decades ago.  Every major European League team has non-white players. <br/><br/>Women's soccer is a long, long way behind men's soccer, but for the World Champion team - a team belonging to a country comprised of many races - to be all-white is an anomaly and a disgrace.  Just think how much better they could be if they included talented women of color!",0.915
35,One final dive. Dying doing what you love with after having achieved many championship titles - before age takes you away. Sounds like as good as it gets to me. Still I send condolences to her survivors. ,0.91
36,"Definitely men are bigger, stronger, and faster.  But if games are only exciting when they feature the biggest, strongest, and fastest players, does that mean you never watch men's NCAA basketball? ",0.8957
37,"All the pro golfers at the US Open started somewhere and advanced through various stages to get to where they are today.<br/><br/>Veritas World Junior is offering competent Junior Golfers an opportunity to compete in a big international event.  Spread the word and help us do something special for kidsl!<br/><br/><a href=""http://www.VeritasWorldJunior.org"" title=""http://www.VeritasWorldJunior.org"" target=""_blank"">http://www.VeritasWorldJunior.org</a><br/><br/><a href=""https://youtu.be/M6fshRAe0Gk"" title=""https://youtu.be/M6fshRAe0Gk"" target=""_blank"">https://youtu.be/M6fshRAe0Gk</a>",0.8955
38,"I have followed basketball for a long time, easily 50 years worth. In that time I have seen a variety of styles win championships. I would suggest that the Warriors are playing a style of basketball that is at it's essence fundamental. Player movement, passing, hitting the open shot and playing good defense are the sine qua non of basketball. Not to take anything away from the Warriors, they are as fun to watch as any good team of the last 50 years, but they haven't reinvented the wheel, just made it go a little faster.",0.8945
39,"I don't know why Rhoden thinks the sport is having difficulty attracting the casual fan.  The other day I read the NY Times story of Secretariat's 1973 Belmont win.  Attendance was 76,000ish, back when a Triple Crown hadn't been won in some time.  In the recent past we have had the same circumstances, with the Triple Crown at stake and one not having been won in a long time.  The race attracts over 100,000 fans.  It seems like horse racing is doing just fine with the casual fan.",0.8935
40,"""Jamaica barely had a testing program in place leading up to the 2012 London Olympics."" If it is so important to clean up the sport, why are the testing programs being left to the national track and field federations? In this pathologically cynical age, what is Jamaica's incentive for outing a national hero like Bolt?",0.8931
41,I dream of a day when a new international organization holds an alternate world cup. It certainly would be interesting if by 2022 an alternate cup was held in a country that already had an infrastructure in place. All the great teams of the world could compete fairly. Trinidad and Tobago and the Cayman Islands could go to Qatar. (Maybe the swiss too),0.8807
42,"Thank you for all you have shared with us over the years, and with such graciousness. You will indeed leave this world a better place.",0.875
43,"It makes little sense to cast “blame” for what was more or less an instinctive reaction.  This seems analogous to a hockey puck being deflected off of a defender’s skate or stick and into the goal, which is a relatively common occurrence.  She certainly didn’t intend to score the winning goal for Japan, she was trying to defend it.  Hopefully in time Laura Bassett will be able to process it that way.<br/><br/>And speaking of comparisons to the NHL in this regard, imo the “own-goal” is a peculiarity to begin with.  (That is, officially attributing a score against team A to a player on team A.)  Why not just attribute the goal to the Japanese player who last touched it, before it was deflected by Bassett?  My understanding is that’s what they do in hockey, even for shots that are not taken on goal.",0.8442
44,"In school environments, those fields are great. Four practices a day from mens and womens soccer and lacrosse teams are not a problem for a field like that. A grass field woud never last, you'd end up with a mud pitch.",0.8342
45,"eh, whatever.  he was a clutch hitter but balls in the dirt were always an adventure.  and his me-first attitude during his last couple of years soured me on him altogether.  he became an on-field prima-donna.  i'm sure he is a wonderful family man though.  ",0.8338
46,"Any salient story about track and field in a major American newspaper is a good thing.<br/><br/>Alas, doping will not go away.   It's cheating but I don't know how they will stop it.   The cheaters are always one step ahead of the testers.<br/><br/>On another topic, Bolt is so big for a sprinter, he always makes you wonder if he could do a Bob Hayes.   Bolt is bigger, and much faster.   Hayes, for all his glory, dropped a lot of balls.   You'd have to think an NFL team would like Bolt just to stretch the field 6-8 times a game.    A cornerback alone on him would be risky.   Doubling him would really open up other receivers as well as the run game.   I do not think Bolt would be an every down player, but perhaps worth a place on the roster - if he could catch the ball with a certain percentage of regularity.<br/><br/>A team with a really strong-armed quarterback - like Joe Flacco - might make Bolt a player.   But that is rank speculation until a guy puts on pads.",0.8294
47,"The US has a distinct height advantage over Japan.  I'd like to see the US use that advantage in more than corner kicks.<br/><br/>In rugby, we have a pretty standard practice of ""up and under"" - from near mid-field, kick the ball downfield, but high, to give your teammates time to run down field and get under it when it lands - or is headed.  It seems to me a few ""up and under"" kicks would present the US with some good opportunities.....",0.8271
48,"I've been a baseball fan for over 45 years!  ""The Baseball Book"" (The one that Martin, Showalter, and Torre have read) states:   If You have ""Hot Hitters"" and are in the lead in your division:  Rest Your good hitters, give the games up - but by No means let Your Best Hitters face the Knuckler.. as it will throw them into a slump! It's a very old rule, makes sense, and I'm sure Don Mattingly knows that Book!  Why does it appear that Joe Girardi has never even seen that book? With Steven Wright and then 2 games later - R. A. Dickey  - Anyone of the managers mentioned could have told You that Your team would go into a hitting slump!   The largest mistake the Yankees have made in 25 years was hiring a Cub's Catcher to be their Manager!  This is basic baseball, not rocket science! ",0.8233
49,Having girls involved in the NFL is moot. Even historically successful youth football programs are having trouble getting players. Parents are just not letting there kids play football anymore. Four years ago there were 70 kids on the fifth grade team where I live. Now there are 25. The interest in the game will diminish as well. ,0.8225
50,"Christine McMorrow:<br/><br/>Not only surviving but also pushing through change in an entrenched family-dominated on-its-way-out business is  something that voters should consider.<br/><br/>It sure beats talking a good game about ""change"" but never having gotten close to delivering it.",0.8126
51,Hopefully the Cubs fans understand how blessed they are to have Joe Madden at the helm. The Rays fans sure miss him.,0.8074
52,"I haven't posted recently in this forum, but I still post regularly on Amy's Crossword Fiend blog. Last night,  I mentioned that Gagliardi was the winningest college football coach and asked if Martin could justify Paterno.  He said simply that the clue was wrong.<br/><br/>Incidentally, Gagliardi's approach to football was interesting: his teams almost never scrimmaged.  Contact was saved for game day.",0.8047
53,"Except that there have been similar arguments made about how to classify athletes who are XXY. The problem, as was posted in a reply to my post, is that no one has found a ""dividing characteristic"" which everyone will agree to in all cases. Granted, the vast majority of athletes are easy to classify, but it is the examples on the fringe, such as this one, which cause all of the controversy. And when you get to Olympic or World Championship level, this becomes significant to the competitors who are already in the top 1% or less of the population.",0.7992
54,The ascetic professor made the bulk of his capital by winning the Nobel Prize.,0.7717
55,"The disinterest on both sides is largely mutual. Blatter lost major respect points amongst female players by allowing the tournament to be played on turf (among other things). They care little whether he attends or not. Sayonara, Sepp!",0.7712
56,"Coaches are incredibly influential not only in the lives of star athletes, but also in the lives of leaders in every sector. Coaches are among our many our unsung heroes. ",0.7612
57,"aw, come on NFL, let a family member speak on behalf of the winner for heavens sake. I mean, what's the deal, man?",0.7579
58,"I for one find it perfectly laudable pointing out the ethnic heritage of an extraordinary entertainer and patriot. (I didn't actually know that factoid, but Jews often play the Did you know who's Jewish? game...) He's also from New Jersey...so we could add that to his pedigree...",0.7579
59,"The sense I’m getting regarding FIFA’s alleged behavior is far from a “peccadillo.”  To me, a peccadillo related to sports might be subsidizing a college player’s rent, or talking to a player a couple of days before s/he becomes a free agent.  Maybe even letting some air out of a football.  By contrast, from what I have read in the past about FIFA, and what is being currently alleged, is that FIFA was basically being run as a corrupt enterprise – and brazenly so.  In other words, the antonym of peccadillo.<br/><br/>As to who was cheated?  If the bidding process was corrupted such that the U.S. bid never had a chance to host the 2022 World Cup, then all the money that went toward preparing the bid represents monetary loss to U.S. businesses and individuals.  And if the U.S. had had a legitimate chance and had succeeded in its bid, over Qatar?  In that case the injection of money and resources into communities and business around the U.S. would have been exponentially greater.  And not only big corporations would have profited.  Small businesses would have benefited too – some on the edge might have otherwise survived -- and more of our fellow citizens would have been employed.",0.7565
60,"I read recent comments by Jerry West to imply that Phil Jackson was good at winning with great players, but that he was better at getting ridiculously high salaries. I think that observation will bear itself out, and that in the end he will let us down and walk away with 60 million",0.7543
61,Because the astros have a grand tradition of winning and they need their secrets......,0.7506
62,"Easy there, chief. Football is still King in the United States.  The ratings are not surprising due to the time of the year and Event effect. Just like next year millions will tune in to swimming and track.",0.7496
63,"I hope that after reading this, the Liberty will never be omitted again from any sports scores and schedules.",0.743
64,"I totally agree. It's basically pretty phony. Not sure of the exact number but there were twelve or so that won the Derby and Preakness but lost the Belmont. I believe none of the Belmont ""winners"" raced in both the Derby and Preakness.",0.7338
65,"I think Robin Lopez is a good addition to the team. I mean, come on, we HAVE to win more than 17 games this year right? Phil is a genius - the bar is soon low, we can only go UP from here! Sigh.",0.7177
66,"Based on the officiating in Mexico's knockout matches, Jamaica will need plenty of luck. I hope they find it.",0.7096
67,"""Caitlyn Jenner to Receive Courage Award at ESPYs""<br/><br/> I found the article interesting because it discussed caitlyn's life and how she progressed from her old to new self. That being said, I do not believe she is the most appropriate recipient of the Arthur Ashe Award. While I'm in no way against the whole transgender thing, this is ridiculous. She beat out an Army sergeant, Noah Galloway, who has persevered through a devastating injury from an IED. He has since competed in triathlons,dancing with the stars and been a guest on multiple morning talk-shows nationwide. That being said, Jenner is no less ""courageous"" or ""heroic"" for doing what she did, but these two people are completely different from a courage standpoint.",0.6854
68,"Considering that the Yankees were one of the last to integrate and did so long after the Giants and the Dodgers, I'm not sure routing for them would be much better with regard to racial history.<br/>And remember that wonderful Casey Stengel reportedly used the N-word when referring to the Yankees first black player.",0.6846
69,"This demonstrates that delineated ""womens sports"" should be another category in the special Olympics.  Elsewhere, there should just be sport - if you are good enough then you will compete.    ",0.6808
70,"S.L. Perhaps you don't undestand that the way to do therapy with children is that you play. You color, or use dolls, or play checkers or basketball, etc. Children don't have the cognitive capacity to carry on prolonged emotional conversation so you get them involved with ""play"", they also usually ""play out"" their issues when they trust you.  For example, with coloring , a child may draw a problem, or scribble out faces, or color only in black, etc.etc.<br/><br/>I don't know why you want to disdain this therapy. What do you think is ""constructive"" with a 7 year old?",0.6808
71,"Everyone uses their body to make space. He -- like Shaq -- creates greater space because of his size and strength. He should be penalized because the defense can't contain him? Time to hit the weights or eat your Wheaties.  If anything, James is victimized due to his aggressiveness and strength. It's sometimes ridiculous to watch the ref blow the whistle over contact that's almost undetectable, and then watch James go to the basket with three players mugging him and no whistle. As you mentioned, it was similar with Shaq. The defense would just bang on his arms when he went to the hoop.<br/>I hope you're not basing your analysis on the reaction of Golden State players. Was it Green last night who almost got a technical due to his expression of incredulity over a foul call? I figured he had a beef based on his reaction until they showed in the replay he had a fist full of Mosgov's jersey?  You're never going to get a call if you keeping crying wolf.",0.6747
72,"I was born the year after Koufax retired, and in the year that Ali's title was stripped. I was a teenage runner in the later days of Edwin Moses' victory streak.  The only thing I've really lived through that I can compare to Serena is Michael Jordan, and maybe Tiger. That's where she ranks among tennis players, and I'm glad I got to witness it. I'm looking forward to seeing how much longer she can go like this.",0.6705
73,"There's no doubt about the quality of the competition, but, sad to say, if this game was up against Sunday Night Football, I think the audience would have been closer to 2 million. This isn't a comment aimed at short changing women's soccer: if the men's World Cup was played on a Sunday afternoon against the NFL it too would suffer. At the end of the day, the NFL will take a moderate and substantial hit in 2022 when the World Cup Finals take place in Qatar. Doh, what am I saying? The live broadcast will be scheduled hours before NFL kickoff, and prime time broadcast will take into account the NFL broadcasts. Win, win for Fox and ESPN.",0.6652
74,"Perhaps the only time I've ever agreed with Sepp Blatter was when, in response to demands for more ""technology,"" he said that the human element of referees was an essential part of the game, warts (i.e., errors) and all.  He also said that these human errors can add to the mystique and legend of certain games, even if, on an objective level, a machine or a technology would have made something closer to the ""correct"" call.<br/><br/>I will now cease saying positive things about Mr. Blatter.",0.6597
75,"People forget that the Giants were New England's team before the Patriots. I still remember those games from Yankee Stadium with Frank throwing the half back option pass. Wonderful memories and even though we lost two Super Bowls to the Giants, older fans will always have a soft spot for the Giants of the late 50's and early 60's.",0.6597
76,"Law Feminist, kind of interesting how well represented the Hollywood crowd is among those on top of the AFL-CIO list.  Considering they are almost all Democrats, what do you make of the hypocrisy?",0.6494
77,"I wrote about all this in 1994 with Free Music Philosophy modelled after Stallman's GNU Manifesto, which was referenced in the NY Times by Lisa Napoli: <a href=""http://ram.org/ramblings/philosophy/fmp/"" title=""http://ram.org/ramblings/philosophy/fmp/"" target=""_blank"">http://ram.org/ramblings/philosophy/fmp/</a><br/><br/>Just because copying is easy and possible doesn't mean you can't make money. You just can't do it using copyrights or limited monopolies. <br/><br/>--Ram",0.6486
78,"Just want to say thank you America, looks like your law enforcement and judiciary has been able to do what many of us have wanted for years.<br/><br/>I may even start calling it soccer in homage.<br/><br/>Thanks again.",0.6486
79,Latino players are discriminated by MLB when they do not provide translators for media sessions for players that English is clearly their second language .Why the double standard when Asian players are provided translators.<br/>Why does Michael Pineda have to stumble through post game while Masahiro Tanaka is allowed the courtesy of professional translator?,0.6369
80,Serena has always meant to me the next evolution in women's tennis and the greatest women's tennis player ever.  That's it.,0.6369
81,"LOL, I wonder what you could possibly mean by ""other teams using video""? You mean the story that was debunked as a hoax, the reporter who made a public and private apology, the newspaper that ran a total retraction, and the ""videographer"", who waited an entire season to say anything, provided no proof, and eventually admitted it never happened? I think your team lost because they underestimated their opponent. Happens all the time. You Rams fans are a truly delusional group. Well, good luck swatting away all those asterisks coming your way. Once a cheater, always a cheater right? Welcome to the club!",0.6328
82,"The mangoes/coconuts thing made me search NYT (unsuccessfully) for a 20-year old anecdote etched in my memory. A reporter, hosted by an Indians exec, was walking through a tunnel under the new Jacobs Field. The story subject was how the new stadium &amp; team changes were making contenders of the Indians.<br/><br/>The tunnel had a high, vaulted ceiling. A feature of construction, maybe lighting, was the presence of spike-like protrusions. Someone had discovered these were so sharp &amp; strong, a baseball could be impaled on them, if enough force was applied. How this was determined was left to be imagined.<br/><br/>As the reporter looked up at the strange decoration his host did not need to be asked.<br/>""That would be Bartolo Colon"".<br/><br/>As they say, the rest is History.  ",0.6326
83,I wonder if the debates will be sponsored by the Koch Bros.. They keep telling us what great guys they are in commercial after commercial.,0.6249
84,"I thought Brooks was man of the match. Not just all of the clearances, but boatloads of incredible precise passing out of the back. He is looking very promising.",0.611
85,"The shooting ability at that height, the ability to drive past defenders, Porzingis reminds me of Durant. (I'll be taking cover now)",0.5994
86,Sounds like a lot of the video games you play all the time.,0.5994
87,"How about his IDIOCY, OF WHICH HE IS WORLD CHAMP?",0.5904
88,"""LeBron James to Opt Out of Contract, Reports Say"" by The Associated Press on June 28, 2015<br/><br/>This article was speaking on LeBron James contract with the Cleveland Cavaliers. LeBron says he wants to stay in Cleveland but his contract has expired and he will be a free agent this summer . LeBron and Cleveland are negotiating a contract for two years with 21.6 million dollars for LeBron to stay in Cleveland. As me being a very big fan of LeBron James I think that he should stay in Cleveland . It is his hometown and where he is from and I also think that he should stay there because Cleveland has very high hopes for LeBron and the people of Cleveland and the big fans of the Cavaliers team have very big belief that LeBron can take them places in which they want to go. In his very first year back he brought them to the NBA Finals and that action set a very high pedestal for LeBron and the Cleveland Cavaliers . I don't thinkthe blonde sits stop here with Cleveland I think he should keep going until he reaches the goal of the team in the city which haven't won a championship in half of a century .",0.583
89,"@Gioco  Las Vegas, NV<br/>Well then, we should all be thankful that Herr Blatter isn't French.",0.5719
90,"Patience is not saying ""if only we had [ past his prime star player hitting free agency ( McGrady, Hardaway, Marbury, Anthony ) ]"". <br/><br/>That's the problem, you call enduring seasons dawdling near the middle of the pack for years, and demanding that Dolan do something immediately as ""patience"". You also call trying to make the 8th seed year in and year out when you can't possibly make it very far because 1999 happened ""patience"". That's not patience.<br/><br/>That is 40 years of impatience, which is exactly my point. Patience is realizing that enduring success in this league is done through the draft: getting multiple high picks and not trading your first rounders away year after year chasing yesterday's all-stars. And it's not riding players out of town the minute they hit a bump in the road. <br/><br/>Stephen Curry is not a rookie, he had some good not great seasons that ""patient"" guys like you would have crucified him for. <br/><br/>If you are upset that Dolan charges too much for tickets, don't go, or find a team with a kinder, gentler owner to root for. ",0.5583
91,"Yankees and their fans are addicted to self-glorification, it seems.  They want to believe in their exceptionalism.  Of course it's an historically great franchise, but to think that the Ruth-Gherig-DiMaggio and Stengel teams confer a holiness on all the other good players in pinstripes is an enactment of a peculiar and unattractive narcissism.  This is how fans everywhere have and still see them.  Why not just put a big mirror in centerfield for a tribute to self-admiration?",0.5574
92,"So, by logical extension, could MLB ""remove an obstacle"" to ethical overhaul by getting rid of Seling-Come-Lately Manfred?  Or the NFL by ousting Goodell?  Or the NBA by ousting Silver?<br/><br/>Or is a ""culture, which is shrouded in secrecy, corruption and self-enrichment"" the exclusive provide of FIFA?  How convenient!",0.5502
93,"So, by logical extension, could MLB ""remove an obstacle"" to ethical overhaul by getting rid of Seling-Come-Lately Manfred?  Or the NFL by ousting Goodell?  Or the NBA by ousting Silver?<br/><br/>Or is a ""culture, which is shrouded in secrecy, corruption and self-enrichment"" the exclusive provide of FIFA?  How convenient!",0.5502
94,Well Played ,0.5423
95,"This is nuts.  Men's basketball has turned into some combination of team gymnastics and sumo wrestling.  Good basketball skill is devalued.  The rim should be raised by an amount commensurate with the height increase of the players, about a foot.  Leave the women's hoop where it is.  The women are the ones playing ""real"" basketball these days.  ",0.5423
96,Well Played ,0.5423
97,They play the Astros exactly zero times this year.  This really has no bearing nor should it be any reflection on the players or how well they've played this year.,0.5302
98,"A bottle of ""Cristal Champagne"" sells for $350 in a New York club and NFL players are notoriously famous for skipping out on those tabs- so being clocked in the mouth over $600 for limo and airfare.. Yeah it's possible.   ",0.5267
99,"There is no doubt that La Liga dominates European play. But as for your assertion that the Bundesliga ans Serie A are better than the Premier League is simply indulging your own prejudices.<br/>In that last ten years, Barca and Real have those 5 CL titles, and Atletico made the Final once.<br/>For the Bundesliga, Bayern won once, was a beaten finalist twice, and Borussia Dortmund lost in the Final once.<br/>For Serie A, AC Milan won once (hard to square that with their dreadful performances in Bavaria against Bayern and Spurs) and Inter won once, and Juventus was once a beaten finalist.<br/>Regarding England, Man United won once, and was twice a beaten Finalist. Chelsea won once and was once a beaten Finalist, and Arsenal was a beaten Finalist.<br/>There was a Final between teams from the same country three times: once for England, once for Germany, and once for Spain.<br/>Yet you are assured in calling England as inferior to Germany and Italy. Chacqu'un a son gout.<br/>But the economic disparities between teams in Italy and Spain are dangerous to the sustainability of those league's success. MLS has a higher average attendance than Serie A. Parma went bankrupt last year, Cagliari had their stadium condemned and played over a season nowhere on Sardinia, but in Trieste, almost as far from home as possible while staying in Italy. Elche relegated for failing to pay wages, but several Bundesliga stars are heading to England in Firmino and Okazaki. England has the most equitable distribution of wealth.",0.4854
100,"Because no matter how much entertainment value this may have provided, it is a game.",0.4767
101,"You NAILED it. Thank you for calling out how the game is played. It's about gaining control of public resources for private gain. Ultra-Orthodox Jews are certainly not the only group that does that trick, but they do stand out when they do it, because of their strict and visible segregation and their open contempt for people outside their sect. When others do it, they tend to ""blend in"" and play the game behind the scenes.",0.4678
102,"If Ortiz is elected to the HOF, it's because of some misplaced nostalgia for the Red Sox, but not for his record.  He's just another DH-slugger, and a tarnished one at that. Take away the PED's and how many home runs does he hit?  Make him labor at first base for ten full seasons and see how well his body endures without affecting his output?  ",0.4606
103,"I won't say that it's all about the money for USATF, but it's certainly more about the money than the sport or the athletes. It reminds one of college sports: Athletes being exploited by an organization that profits tremendously from their efforts and pays them nothing.",0.4497
104,"Why was it necessary to collect bribes to allow the very first and only World Cup on the African continent? There was no region more deserving of the event than Africa, and South Africa was a great host. Yet these sleaze balls demanded bribes to make what was already the right decision for soccer. We can't wait to see them behind bars.  ",0.4404
105,"You missed DiMaggio.'s for pizza north,of StJo nd the hamburgers at a Riverside bar. Great golf courses in that area",0.4404
106,"I honestly can't imagine anyone debating it.  It's not arrogance when it's so demonstrably true.<br/><br/>Everyone talking about his efficiency is just willfully ignoring context: LeBron took on one of the most dominant teams in the history of the NBA basically alone, and he pushed them to 6 games.  He played almost every minute of every game.  He was a force of nature. <br/><br/>If that doesn't show up in the numbers you're looking at, then you're looking at the wrong numbers.",0.4359
107,"""Another European""? You mean, like Dirk Nowitzki or Pau Gasol?",0.4329
108,"I wouldn't call Germans as having ""steamrollered"" their way to the semifinals. They were mostly outplayed and outclassed by the French in their last match, and they survived it through willpower and, frankly, brutality. To me, the best team, at least in terms of playing sophisticated, beautiful football, has been the French team. Their intricate passing game, ball controlling skill, etc. were not unlike those of Barcelona or the Spanish men's national team. It took American women to stand up to the physicality of the Germans, but it seems to me that the Americans did face a tired team.  ",0.431
109,"@Icon, Football players?<br/>Bloviana: Same is true of the Corrections Officers AND the Governor.",0.4215
110,"Tom, pick the SK prime years and then the PM prime years.  Then compare Koufax's ERA relative to the rest of the league, versus Pedro's relative to the rest of the league, during the respective timeframes.  It's a lot closer than you think.",0.4215
111,"Don't you think it's interesting that you didn't group her with, oh, John McEnroe or Nick Kyrgios?",0.4019
112,"""Frequent fliers have gamed the system since its inception. Now the system games them back.""<br/><br/>Can you please clarify that comment? I've been in frequent flyer programs since 1985, and never once have I felt as if managed to ""game the system,"" or receive benefits I didn't earn.<br/><br/>Perhaps I'm missing something. I'd love to be able to game the system, but I have no idea how to do it.",0.4007
113,"jpduffy, as a veteran of our Vietnam era adventures I want to be the first to congratulate you and your sons on your future heroic deaths on the Russian steppes. Maybe we'll remember you when we unfurl that big American flag at NFL games, or maybe we'll insert more patriotic songs between innings in baseball games. In any case, you get to die for the benefit of oil corporations and the rest of us get to wipe a tear from our eyes when the stealth bombers fly over pregame festivities. <br/><br/>You were going to volunteer to die in a war against Russia, right? ",0.3818
114,Men's World Cup finals are the same - the quality of play always picks up in the knockout rounds.,0.34
115,"In 1972 a diving team led by Mel Fisher discovered<br/>the wrecked remains of the slave ship Henrietta Marie<br/>which became part of a well researched exhibition<br/>A Slave Ship Speaks produced in 1995 by the Mel Fisher<br/>maritime museum in Key West, FL.<br/>The team of divers/archaeologists and subsequent<br/>researchers developed an extraordinary exhibition<br/>of the slave trade . ",0.34
116,"When you play games, with nefarious intent, the law of unintended consequences will kick in. Also, ""God don't like ugly.""",0.3378
117,Please don't tell me that the baseballs are being deflated.,0.3182
118,"While he might have hoped it would sell well, Adam Smith wasn't being paid while he wrote about how lazy everyone else was.",0.296
119,"I find it amazing that FIFA has not opted for some replay of penalty kick awards and ejection of players.  The calls could be made by replay officials who could monitor the game.  The replays of some of the calls made by the officials during Gold Cup games made it abundantly obvious that either the results were fixed or the referee was stone cold blind.  The penalty kick awarded to Mexico in the 123rd minute was especially egregious.  All major American sports have made attempts to improve the accuracy of the calls by invoking some type of replay for critical plays in the game.  I see no reason why FIFA should not employ some of these same techniques to weed out the obvious referee ""mistakes"". ",0.296
120,"As a New York Yankee fan Ortiz's stats against the Yanks, at least in the perception category, make him the player I least want up at bat when the game's on the line. He hits a ton against the Yanks.",0.2681
121,"Well, I don't know about ""almost never"" ... the Manita, Wembley 2011, Berlin 2015, those 2 half-years where Messi scored a total of 91 goals, routs over minnows and not so minnows. Maybe my memory's getting fuzzy but the impression I remember is that they were queueing up in strafing formation against Man Utd in 2011 before letting up. And that the 5-0 could have been worse but for a mercy call by the ref (not sending off Carvalho for a DOGSO handball)",0.25
122,I'm often reminding myself in hard moments to play the long game...,0.25
123,"Mother nature always bats last,....and never loses.  ",0.2411
124,"Trump claims he is not a bully?! Has he forgotten how he steam-rolled helpless families in Aberdeen, Scotland to build his ""World's greatest Golf Links""? ",0.2387
125,"Solo was drunk and stole the team van, that's just classic. This happened as a US National team member, not a high school keeper. 30 days suspension for that one and I think they asked her to go on a program, not sure if USSF is fully helping it's star player. ESPN's timing of the report is also suspect and underhanded trying to capture some WC ratings from FOX. Let the girl (who has some issues) have some privacy, it's been dismissed in the court and under appeal. She obviously seems to thrive off it but hopefully grows out of it before she's done playing football, because then what when no longer in the spot light and time on her hands.",0.23
126,"Grateful to Henry and Werner for bringing some championships to Boston, but never understood how they let Tito and Epstein go. After 2004, Tito could have been manager for life. Dave Dombrowski? Just got fired by the Tigers? Sounds like Valentine II to me.",0.2047
127,"Does anyone else remember when Roberts was before the Senate confirmation hearings and he said something to the effect that his job as a Justice would be to call balls and Strikes?   Well, he's behind the plate and the batter is swinging and missing and he is calling balls.",0.2023
128,"One excuse for the too-long balls would be the quickness of the turf. Did they not get to practice on such a surface? Wynalda is right about needing to ""go at"" the defense. It's how you get goals,  and cards against the opposition.",0.2023
129,"RuPaul and transgender are like potatoes and yams. From the outside they might appear similar, but on the inside it's a whole different ball game.",0.1901
130,Clearly you don't understand the motivation behind the calls nor do you understand the protocol in the sport of tennis.  Order the rule book for 2009 before you post something uninformed.,0.169
131,"@maksquibs - I have been collecting cd's since they went on the market and I have well over a thousand discs sitting on my shelf.  So far I have had only two commercially pressed (as opposed to burned cd-r's) discs that have become unplayable without any obvious damage being inflicted upon them.  My vinyl collection is approximately the same size and was started over half a century ago.  Like you I have records that are quite old and play beautifully, but I also have more than a few that haven't weathered the years very well at all and some of those started deteriorating almost as soon as they were purchased.  The percentage of aging cd's in my collection that have problems is minuscule compared to my vinyl collection.<br/><br/>If you really do have ""not a few"" cd's which seem to be becoming unplayable your problem may lie elsewhere.  Either in some unfortunate storage or perhaps your playback equipment has some issues.  How old is your cd player?  Lasers do not last forever and when they start to go it can result in some discs playing and some discs not.  Have you tried playing those discs in other players? ",0.1546
132,Just because Trump is the front runner does not mean that I have to invite him to my home.<br/><br/>These are private events and have nothing to do with democracy.,0.1531
133,"What about the foreign/illegal women from eastern Europe here on travel/student visas?  They get shuttled from club to club, state to state on a rotation by large club operators.  They are invisible to the legal system and authorities.",0.128
134,nobody seems to mind that closers are in the hall. I don't understand the difference between designated hitters and closers in terms of being admitted into the hall. Each do one specific thing and are not 9 inning players. Explain it to me. ,0.1027
135,"Mr. Nocera:<br/>College football is a fantasy of states rights battles for supremacy. Mississippi had two ranked teams this year past. I'm sure that the state's dependency on federal handouts wiil drop as a result of this gridiron greatness, aren't you? In some states they seem to understand that the quality of life has more to do with football than it does education. True fans know that having brain damage at an early age is a small price to pay for a winning team. ",0.1027
136,Bowles has been quoted at least 3 times this camp as stating there will be no tolerance of fighting.  Rex loved a good fight - even within his squad.  Last year several players were ejected from games for fighting or penalized for unsportsmanship.<br/><br/>Bowles swore to change this.,0.0516
137,your coaches must also practiced sadism in other ways off the field.,0.0
138,"Isn't most of parenting ""the long game""?",0.0
139,"One wonders, in the midst of all the media-bashing of Tom Brady (which I applaud), whether his ego has perhaps deflated a bit...",0.0
140,"Tuba Exchange is where I take my baritone to get fixed now and again! (I can't carry around a tuba these days, though I do keep my mouthpiece in case. . . .)",0.0
141,I thought we went through this more than 20 years ago with the Clipper chip.  Cryptologists said the same thing then and they were right.  They are still right.,0.0
142,"In football, at least they give you a helmet.",0.0
143,"How about this? Require all ten players on the court to lug around mattresses.  Then they could call the WNBA ""performance art"" and the league could be subsidized by federal grants.<br/><br/>Anyone?",0.0
144,"Exactly right, and my money is on that the key sponsor was the longest term one-adidas, very closely allied and aligned with Bayern Munich. Bayern insiders have long referred to the club as FC Hollywood, and they are the masters of palace intrigue.",0.0
145,"Day and Spieth--not just gentlemen in golf, but gentlemen in life.",0.0
146,Passage of TPP will end Hillary Clinton's bid for the White House.,0.0
147,""".....Denson became the first player in a Major League Baseball organization to come out publicly as gay"".<br/><br/>I think that's why.",0.0
148,"Sai, blatter was preceded by Joao Havelange of *Brazil*, so your objection to Stanley Rous has to go back to before 1974, when Havelange took power, with a protege named Blatter.",0.0
149,While we're at it lets give Lance Armstrong back his seven yellow jerseys too .,0.0
150,"The quality of this man is obvious and laudable, even to us Yankee fans.  Pulling for Wright until the finale.",0.0
151,So they're the final arbiters?,0.0
152,What if Steve Bartman had been carrying a baby?,0.0
153,"@dmj: Um, it was Morgan, not Wambach, who was fouled for the DOGSO red card.",0.0
154,The Astros and Cardinals are not rivals...,0.0
155,And blue state residents listen to Brian Williams. ,0.0
156,FIFA doesn't have the lobbyists the banking industry does.,0.0
157,"The attendance numbers aren't backing your statements:<br/><br/><a href=""http://en.wikipedia.org/wiki/Women%27s_National_Basketball_Association#Attendance"" title=""http://en.wikipedia.org/wiki/Women%27s_National_Basketball_Association#Attendance"" target=""_blank"">http://en.wikipedia.org/wiki/Women%27s_National_Basketball_Association#A...</a>",-0.0191
158,"Another misstep from a tone deaf league. In 15-20 years, the NFL won't have to worry about these issues, as its own ineptitude in dealing with CTE and personnel discipline problems will have taken its permanent toll.",-0.0757
159,"Finished without looking anything up, was stuck on zero to Nero, since i had EMT, so could not figure out homerun hit, but finally sorted it out.",-0.128
160,"This article will demoralize, not inspire. The examples are as if everyone will play professional sports. These examples are that likely.",-0.1526
161,"Arnie, surprise, surprise, we are all connected, there is no such a thing as isolation.",-0.1779
162,Maybe other teams have the same information on the 'Stros and that explains all those 100 loss seasons. <br/><br/>I'd ask if the FBI can investigate whether teams have been hacking into the Red Sox personnel systems over the past two years as well. At least that would help explain their terrible performance!,-0.2244
163,"With all due respect to the heart and determination Serena Williams has displayed, has anyone seriously explored the possibility of performance enhancement as a contributing factor for her success?  This is not to judge or condemn her, but she does look unnaturally muscular both in terms of muscle volume and muscle tone from an objective standpoint.  It's important to keep in mind the current sports environment that has given us repeated steroid/performance enhancement abusers in baseball, football, bike racing, and other high visibility/high pay-out sports.  It sounds all too cynical, but I'm hesitant to lionize today's champions before knowing all the facts, as we've been burned before all too often, especially when the story involves a comeback with an athlete who has almost miraculously revived his or her athletic career and performance.     ",-0.2263
164,"PS - I take it back. Drafting players who you admit isn't NBA ready with a lottery pick is insane. Yikes.<br/><br/>Well, at least by 2017's draft, they'll probably have a top 3 pick and will have hopefully learned from their mistake.",-0.2287
165,The U.S. Women's team should give up on trying to have a league and instead should launch the Pearl Harbor Revenge Tour where they barnstorm across the country repeatedly drubbing the Tokyo Generals. Next year they could play Team Putin and then the Ayatollah's Army the year after that. Feminist patriotic chauvinism is a proven money-maker.,-0.25
166,Will the Mets drop COBA as a sponsor based on this information?  ,-0.2732
167,"Just ignoring him would hurt him, I think; he's one major-league narcissist.  But even if it didn't hurt him, it would sure help the rest of us  ",-0.2846
168,"I read elsewhere that Smith stuck a finger into Enemkpali's face and that was what precipitated the punch.<br/>I am not providing an excuse for the punch, just mentioning it, since the coach would not reveal what prompted the altercation.",-0.3009
169,"The national training center model failed not because of race but because it was a bad idea. The facts in this story do not support the positioning. This is such a ""New York Times-esque"" story - once again the privileged liberals and pseudo-intelligencia will enjoy a Saturday posting vacuous statements about how dumb and racist Americans are - there'll be attacks on American football, American business, etc., etc. written by folks who played ""earth ball"" and Ultimate Frisbee at half-time of the homecoming football game at some elite little college with a sociology department in which every professor was smarter than anyone who ever worked in government. OK. Have at it. But this article doesn't document any bias in tennis other than prevailing social differences and economic access to some resources. It mostly documents cultural differences and a whole lot of investments from the government and the sport in trying to create access.",-0.3277
170,"The writer of the lyrics to ""Take Me Out,"" Jack Norworth, a songwriter and vaudeville singer later said that at the time he wrote them he hadn't attended a baseball game so probably had no idea what food was served at them.<br/>Peanuts had been a ubiquitous snack food in the U.S. for years so his inclusion of them is understandable.  As to the Crackerjack, which was still a relatively new food and not at all yet associated with baseball, he probably came across an ad for it in the same issue of the New York Clipper, a theatrical newspaper, that he read the ad about the baseball game at the Polo Grounds (the commonly told story that he saw a sign advertising the ball game while riding on the subway is a complete myth. At the time he wrote the song, he already had an automobile and a chauffeur.)",-0.3535
171,"Nothing surprising.<br/>If you have very big men running into and tackling other very big men it is<br/>not at all surprising that you may have problems later in life with brain damage.<br/>The NFL wants to paint themselves as ""America's sport"" but for me they are just a bunch of grown men who haven't really grown up and are making outrageous amounts of money for acting like they are still in high school.<br/>But this is an attitude the NFL fosters to make more money.<br/>The players are well aware of the risks but still play because of the chance to make millions.  Head injuries, drugs, domestic abuse?  Just accepted job hazards.  I have no sympathy for them whatsoever.  Just another ""victim group"" trying to get an edge.",-0.4215
172,"Someday there's going to be an 8'5"" giant drafted.  He will weigh a trim 350 lbs. and not move very well.  He will stand around the basket, recieve passes from teammates and drop the ball into the basket.  Or draw a record number for fowls.  <br/><br/>Raise the basket another three feet.",-0.4274
173,"I remember Gifford calling the '91NFC Championship game and gloating, gleefully gloating, when the 49ers fell short.  I also remember him denigrating every college football rivalry except USC-UCLA, the only rivalry Gifford considered worthwhile.  But then he went to SC.  He was part of the capitol of arrogance.",-0.4497
174,Terrible idea...<br/><br/>Women's basketball is what basketball should be. To turn it into a version of the men;s game would be a travesty.<br/><br/>See also: Steve Projan below...,-0.4767
175,Wouldn't you have loved to hear Gary Cohen call those three home runs in one inning?,-0.4847
176,"Well a well-written story. And the tone, equal parts respectful of Rose's achievements on the field and subtly contemptible of his activities off, was perfect. The last paragraph, too, came close to satisfying my curiosity of whether Rose does these clownish roadshows to stay close to baseball, an institution/game he obviously loves, despite violating its cardinal rule, or because he needs the cash. It sounds like he's making a small fortune based on the price list provided and the frequency at which he signs things -- anything. But who knows, maybe it goes straight to his bookie.<br/>I'm old enough to have watched him play. I never cared for his antics. I think his hustle, running to first after a walk, slamming the ball into the turf, barreling into opposing players with no concern for his or their health, was the symptom of a hyperactivity disorder, rather than strength of character or a dedicated work ethic. I could care less if he's ever reinstated and have no problem with a lifetime ban. The man violated the only rule in baseball that comes with a lifetime penalty, one that's been in place since 1919/1920. Bottom line is that he knew what he was risking but gambled it away anyway. Not every offense deserves a second chance.",-0.5208
177,"I suspect that if Sydney Seau chooses to release what she has to say on the internet or if a network offers her a chance to do so on tv, that it will be more highly viewed than the HoF ceremony itself.<br/><br/>The Hall of Fame has added insult to NFL injury.",-0.5267
178,"For those who say this is a dangerous sport, wrought with risk, with known perils, acting as a distraction from ""real"" sports, I give you American Football. Known to shorten the lives of the thousands of men who play it. Known to lead to brain damage. Played in stadiums funded by taxpayer dollars in most cities.  Football is harming our children and our adults and no one seems to mind.  Or, take NASCAR.  Is that not a culture of ""sport"" that rewards excessive speed, with limited safety when a driver crashes into a wall at 110 mph?  Or Boxing, with its history of men being paid to bodily injure opponents to the point where they fall unconscious?  <br/><br/>The arguments that this is not a ""sport"" equal to others or that it is more risky (and therefore unworthy) of attention neglect the fact that we as a culture have chosen to glorify those which do exactly the same thing, in a massive for-profit environment.  These men were doing something I would never do, but let's not pretend it wasn't worthy of some analysis, time and respect.",-0.5301
179,"How on earth do we get two Red Sox fans in a row as mayor?<br/><br/>Beats Rudy the Yankee Fanatic, though.  But I also prefer Ed Koch, that rarest of rarities: a politician who didn't care about sports and didn't pander to fans of any team.",-0.5334
180,"What does it say about the front office of the NYJ's that they expected someone like Geno Smith to be the leader of this team? Can anyone imagine this happening to any other NFL quarterback? Of course not, because any other quarterback would take their responsibilities much too seriously to allow an altercation over the re-payment of an amount so trivial to escalate out of control this way. But this is the same quarterback who last training season could not remember that their was a three hour difference between the coasts and missed a critical team meeting. Horrific playing aside, the jets really thought this was the guy they wanted to pin their hopes to? Really???<br/>Bon voyage and good riddance Mr. Smith.",-0.5355
181,"What a waste of time and money! He SHOULD HAVE stepped down before the election. There was no way he was not tainted after so many were caught in the sting operation. That is simply ludicrous.  If this is the best he could do for FIFA, then God help FIFA if he were to do his worst!!",-0.5386
182,"What a waste of time and money! He SHOULD HAVE stepped down before the election. There was no way he was not tainted after so many were caught in the sting operation. That is simply ludicrous.  If this is the best he could do for FIFA, then God help FIFA if he were to do his worst!!",-0.5386
183,Not sure the fans are going to be real upset about this.,-0.5517
184,"The French are big on medals, no doubt they'll be superstars over there.",-0.5719
185,"I gotta ask, if you hate pro sports why are you here in the sports section?",-0.5719
186,"That's the way the cookie crumbles!<br/><br/>If the 'foul' when the other way and 'unfarily' put her in the main debate, I doubt she would be complaining!",-0.5972
187,"I don't remember McEnroe ever threatening to hurt anyone. She should have been ejected from the tournament. That would have been a good day for tennis. Instead, everyone just let it happen because the fans she draws brings in money. Let's face it, that's what professional sports is really about.",-0.5994
188,I doubt that a kid who spends all of his time chasing baseballs has much of a head on his shoulders for negotiating with the Yankees by his lonesome.,-0.6124
189,"Place kickers use a tee on the sidelines but never, of course, in the game itself. Sorry to niggle but an aging football player needs to exercise his brain after all that head trauma. ",-0.631
190,"Remarkable was how Germany didn't seem to know what to do w the ball all 1st half: throw ins up the line trying to move the ball forward in traffic against the crowded line, rather that simply turning with it and centering it back to the middle and then switching fields to space in order to build an attack. German coach apparently saw it cuz in 2nd half they came out anew with correct ball movement; but then squandered their new found space with poor passing and but a single shot on goal.  So much for the vaunted Deutsche Wehrmacht!",-0.636
191,"If FIFA could pay such a large sum so quickly, it begs the question how else FIFA has manipulated what we see on the field.  Imagine if it were reported that Roger Goodell paid another team $5 million not to complain about Tom Brady's underinflated footballs, or if David Stern had paid a team $5 million to drop a claim about rigged draft lottery spots.  ",-0.6694
192,"It might come as a surprise to  some that  Black children are taught that they have to be twice as good in order to  achieve their ambitions in a White world.<br/><br/>the William sisters, of course, were no exception.  Entering an elitist, white sport, as harsh as it seemed, they had to be conditioned to withstand the racism they would, without a doubt encounter.<br/><br/>these young sisters were never embraced as the phenoms they clearly were.  For years they were insulted  and dismissed  on air by white women commentators . Often I was forced to turn down the sound on my television screen.  The more extraordinary the  play of the sisters on the court, the more  the snide,  sneering, and petty remarks  became.<br/><br/>It has only been in the past few years, when the numbers based on Serena's Herculean efforts, have  muted the blatant derision.  Nowadays one of the main offenders makes a point of bringing up some  game  in the past where Serena was ""beat""  after some spectacular play  made by the athlete.<br/><br/>In reality, Blacks have to be more than twice as good as Miss  Williams has illustrated.",-0.677
193,"""always looking for ways to draw fans to his arena  ... he struck on the idea of recruiting a woman to play for his team""?<br/><br/>Sorry to say it, but PR and ""drawing fans"" is ALL the NFL cares about too!  <br/><br/>For the NFL, this is just another PR smokescreen, intended to take the spotlight off the league's corruption (NFL title game influences by Brady/Belicheck cheating), its disastrous head injuries (e.g Jr Seau, whose family was barred from speaking at his Hall of Fame induction for fear they'd 'take the focus' off the merriment and fun-and-games and maybe highlight the terrible consequences for the player-pawns), and its overall history of sexism and abuse.<br/><br/>And while I applaud Ms. Welters spirit, she could do a lot more for women in sports by not encouraging, in any shape or form, any of them to participate in a sport that's PROVEN to cause disastrous head injuries for its participants! That's hardly the sort of 'pioneer' women -- or anyone -- needs!",-0.6798
194,"There should also be an internal fine of 6-10 weeks's of this guy's salary that the punching teammate should be forced to pay.  I'm sure that's no small sum, and is equal, financially, to having this guy sit out for that lengthy time and the team's suffering as a result.",-0.6808
195,Wambach's lack of preparation was painfully apparent yesterday.  ,-0.6908
196,"Sarah Palin got called an idiot and an ignoramus because she acted like an idiot and an ignoramus, then and now. It isn't sexist to call a dope a dope. <br/><br/>But hey, if you're proud of her spending lots of money on shoes, running around the country screamong incoherently and getting paid for it, and presiding over a reality show that doesn't exactly match up well with those big moral principles she's always yelling about, I say mazeltov for you.",-0.6908
197,I wonder why she didn't win a Nobel Prize for Medicine - would have been very appropriate.,-0.6979
198,"Maybe it was that stupid movie about Jackson, ""The President's Lady"", with Charlton Heston. Oh, that was made in 1953. Never mind. :)",-0.7077
199,"I do not root for Serena because I don't like her.  Just like I would never root for Jimmy Connors.  Both she and he are just mean people.  Do you remember the last final she lost when she screamed at a lineswoman that she would kill her.   Check out that video....she could have apologized but what she said about the incident afterward was luke warm at best.<br/>Don't like her as a person.  I don't consider skin color, just sportsmanship and humanity.",-0.7118
200,"How is a crime a 'civil' matter?  Big league baseball is big business. When one business engages in illegal action against another in a different state, the FBI comes in.",-0.7184
201,The third baseman for the Bronx team has earned no respect from me. He is a drug-taking cheat who prolonged his career with banned substances about which he lied: Nothing worthy of respect here.,-0.7189
202,"Let's not play the naiveté card. The reason that there has been no principal African American dancer for a major company is as she says, ""You have the wrong body type."" Read between the lines.",-0.7458
203,"Voter fraud does happen.  Getting ID is not hard.  Claiming that conservatives want to disenfranchise the ""other"" is a weak and pathetic stereotype, unless you mean people without ID.  Carry that race card it is fun to play over and over again, even if is played without proof or merit.",-0.7458
204,"Voter fraud does happen.  Getting ID is not hard.  Claiming that conservatives want to disenfranchise the ""other"" is a weak and pathetic stereotype, unless you mean people without ID.  Carry that race card it is fun to play over and over again, even if is played without proof or merit.",-0.7458
205,"“A batter can’t wait for a ball to cross home plate before deciding whether that’s something to swing at”<br/><br/>Yep.  And failure rate for batters is enormously high.  If you only fail 2/3 of the time, they elect you to the All-Star team.  If we stick with this metaphor, Mr. Lewinski has admitted that most police shootings are unwarranted.",-0.7506
206,"Wow. The numbers in this article and listed by ernieh1 exhausted me just reading.<br/><br/>I get exhausted simply observing a full game - vicarious reaction to the incredible strain I witness with the players, especially starters. They simply _look_ like they're going to get hurt with the way they play.<br/><br/>This point highlights the depth and youth of Golden State's roster, as well - with more players spreading out the minutes *throughout* the season, this likely reduced the risk of major injury for any one player. Bogut was probably their biggest risk in the injury department, and Steve Kerr has given him a good amount of rest during the season. And recall how only a few seasons ago, Gregg Popovich was running into trouble with David Stern about resting his older players once the Spurs had secured a sure playoff berth. ""They need their rest,"" Popovich said at the time. Evidently, he already understood the problem.",-0.7579
207,"Curry has 9 steals, James 6; Curry 1 blocked shot, James 3; Andrew Bogut has 5 blocked shots.",-0.7579
208,"Many injuries could be prevented in dangerous, maiming sports such as boxing and football -- or minimized by increasing safety equipment, inspection, supervision, medical services, and public awareness. If we taxed every spectator ticket a dollar -- or every billionaire owner 1% of his profit per year.<br/>How tragically stupid for huge universities to pay tuition for footballers but encourage playing-through, i.e. ignoring pains, and taking painkillers during games, and ignoring the growing body of data thee schools' medical faculties amass. Instead, we cheer, partying like  ghouls in the graveyard of foolish young men. We pay fot school programs through taxes and tuition. We pay for rich men's stadii with taxpayer concessions. We slobber over crushing tackles and blocks. And we con young boys, especially minority kids, that they can get the good life by playing the game. No pain, no gain. Slogans can kill, you know. ",-0.7615
209,"Hours before American Pharaoh won the Triple Crown, four-year-old Helwan, a French horse, was racing on Lasix for the first time at Belmont—something that is not allowed in Europe—and like more than 1,000 horses a year in the U.S., died on the track. U.S. racing is about drugs, breakdowns and death and until the constant medicating of these animals stops, that will never change. <br/><br/>While track officials could raise a screen on the track to protect attendees from witnessing Helwan's agonizing final moments, the veil has been lifted on this greedy industry's track record—and it's littered with broken young horses like Helwan.<br/><br/>I wonder if the crowds at Belmont took in what happened to Helwan, or simply turned away, preparing for the bigger race.<br/><br/>My sense is, no one cares about the horses. They care about their idea of racing. And even grim realities won't override that.",-0.7861
210,Reply to John F. McBride:<br/><br/>I'm not sure I get your point. I wasn't discussing or exemplifying fairness. I was commenting on the futility of beating a dead horse.,-0.8505
211,"As I sit and read not only the article but some of the comments, I can't help but think of the double standard that is being supported by so many people here with their comments.  Look at all of the other professional sports leagues in our country.  NFL, NBA, MLB and NHL and look at the fact that the minute there is even the hint of Domestic Violence there is a suspension, temporarily or or more.  As the facts come out, there is either an extension of that suspension, or there ifs all intent and purpose expulsion because no team will touch a player that's had this issue and been found to have perpetrated the alleged events.<br/><br/>Now, we look at the Hope Solo scenario.  She's a known hot head, she's been known to make questionable choices when alcohol is involved, further, her story does not jibe with what the police reports say and what her relatives say.  She at least deserves to be suspended pending the outcome of the law suit against her.  She claims the case was dismissed, but the reality is that the case was dismissed on a procedural issue, not because the prosecution didn't have a case.  They do have a case, and they have been authorized by the City of Kirkland Administrators to take the case to State courts and move forward with prosecution.  Conveniently for Solo, that all won't happen until after the WWC.<br/><br/>Solo needs to be suspended, PERIOD.  She is not the role model that I want my daughter looking up to.  Abby, Megan, Alex for sure...but Solo, absolutely not. ",-0.852
212,I never thought David Beckham's foul was violent.  The Argentinian player made it appear to be horrific!  Beckham's foul was a silly high school foul - he was just a kid then!,-0.8684
213,If you claimed Lance Armstrong was doping you were a hater and jealous. If you claimed Sosa or McGwire were doping you were a hater who didn't understand modern training techniques. Etc.<br/>And if you suggest Serena Williams is doping you are a hater and a racist chauvinist?<br/>Tennis has a doping problem. The new biological passports may in a few years stem the tide but don't hold your breath. An intelligent abuser will always beat the tests. The will to break that culture has been chronically absent in tennis.,-0.8735
214,"First Kansas City fans stuff the electronic ballot box for the All-Star game, going so low as to vote for Royals who are hitting under the dreaded Mendoza line.  Now St Louis is guilty of a felony hack of a fellow team's computer network.  What ever happened to ""Middle America, where we play the Game the right way?""",-0.8845
215,"No. Lowering rims may raise the fandom of the WNBA but it will lower the status of women. Doing this would not only create logistical and practical problems like new standardization of rims across High School and Middle Schools, but it gives a strong lesson to the kids in those schools: women are smaller and weaker and now needs to be accounted for. We lower the rims for grade school kids, so we should do the same for grown women? No. The 10 ft rim on both sides of the court is the sign of towering equality in basketball and should not be shrunk for anyone. ",-0.8865
216,Phil said they were going to compete last year. Then he said wait until this year and then he drafted someone who won't play right away. So this will be another season shot and no draft picks next year. A very poor choice even if he turns out to be an NBA player. The Knicks have no defense and this just makes it worse.,-0.8867
217,"We could fix this with a simple rule: any time a player has to be removed from the field due to injury, the player should not be allowed to return. Especially in men's soccer, the repeated flops accompanied by anguished writhing on the field results in the player being helped or carried off only to immediately pop up and stand to wait to be waved back in. The theatrics are disturbing on many levels and the time wasted is just that--a way to give the players a breather. Provide injury substitutions for identifiable injuries--bleeding, broken bones--but get rid of the fakery and the fakers at the same time. I guarantee if players are removed if they are ""injured,"" they will not be ""injured"" as often.",-0.9545
218,"Azaranka IMO should concentrate more on her tennis.  She comes off as a soar loser and prior to this match, one who is not the most honest player anyway.  Serena seems to have her number when it's called.  She should stop being such a cry baby.  Oh, and stop the screaming will ya?  It's so annoying!  Worst thing in tennis is to have to watch a match with her and Sharapova...geez, shut up.",-0.9729
