,comments,scores
0,"But he did take the gift for granted, not containing his laughter, not being sufficiently careful to conceal that he had a secret. <br/><br/>Consequently, he lost the gift. <br/><br/>Nor was acting upon the impulse to laugh of such great value that  it could be considered more valuable than the ability to understand the animals communications. <br/><br/>Rather, the man was simply careless, had taken the gift for granted, found himself in a situation in which he felt compelled to reveal the secret to his wife because of his careless laughter. <br/><br/>Moral: Don't take a gift for granted. (C)<br/><br/>The general rule fits the story. <br/><br/>Not, (D) Some gifts are more trouble than they are worth. <br/><br/>Being able to understand the communications of the animals was worth MORE than the effort which would have been required to be more careful about not laughing. <br/><br/>The man was simply being careless in laughing at what he heard the animals say. <br/><br/>Consequently, he forfeited the gift. <br/><br/>No where in the text is there an indication that the ability to understand animal communications was worth less than an honest attempt not to laugh out loud. ",0.9886
1,"Work is extremely important to me. We all have to earn a living, so we must as well really enjoy it. I spend way too much time at the office not to be the best I can be and truly enjoy the challenge.  Having said that, balance is everything.  Much like I was not put on this earth just to enjoy the benefits of life without any meaningful contribution, neither was I born to spend my life (or an important chunk) solely for the purpose of making Amazon the best it can be to the exclusion of anything else.  ",0.9834
2,"Grow up.  They're shuffling goods.  Big Deal.  Maybe if some of them took a little time off they'd create something of value, volunteer for a neighborhood charity, make a kid laugh, help get someone elected who'd support education or social justice or fund research to cure disease, save energy, .... Amazon Shamazon.",0.9741
3,"The Chinese are stupid, the rest of the world is dumber. Where is the EU brain located? In Switzerland, Luxembourg, or Germany. Certain people are getting very rich but does their intelligence warrant their income or is it simply a case of oligarchy or crony capitalism. The Chinese are really no different. The US went through a grand rip off in 2008, yet the culprits are more powerful than ever and we are told by the media that Donald Trump shouldn't be President. Who would you suggest? Better odds with someone out of the phone book. It doesn't matter is what the public realizes. Crook A or crook B. Democracy is a rube and the people in power are laughing all the way to the bank. They are unaffected by the show. It might as well be soccer.",0.9688
4,"Uber is structured so that a handful of people at the top make hundreds of millions, if not billions of dollars. The hundreds of thousands who actually do the work that turns their software and marketing into reality not only get very little, but are told to be grateful for their freedom and that if they don't make enough to live on it's their problem, not the company's. It's a very clever package, but when you look at what actually happens and where the money actually goes, it's really just the old medieval model - the peasant is given the freedom to farm the land but somehow all the money ends up in the nobleman's pocket. ",0.9633
5,"The Times can't have it both ways - it can't both argue that the influence of money on politics is a distorting force, and then attempt to dismiss or ridicule the only serious candidate who has not only tried to curb those forces, but also launched a campaign without big donors and super PACs.<br/><br/>If you really believe that big money should stay out of politics, he's your man - or at the very least somebody whose initiatives you should support, promote and respect.",0.9518
6,"Misuse of the word ""hero."" I don't think it should be such a big deal - if we didn't all talk about it and just let people follow their own path, sex change operations would go unnoticed. Who cares?<br/><br/>But Jenner is no hero. A hero is someone who goes above and beyond and risks his or her life to save others. In America, everyone's a hero if you manage to make it out of Survivor in one piece.",0.9217
7,"What needs to be addressed in America is the increasing difficulty most people experience in saving for everything.  We are expected to save for retirement, save for medical needs, save for housing, save for education, save for the inevitable bout or three of long term unemployment.  All it takes is one of these events to drain us of the money we might need for another life altering event.  The 1% are well insulated against the vagaries of ordinary life.  The rest of us can lose everything if we have medical needs, lose a job, have to take out loans for education or housing; in general if we are alive it's a catastrophic condition because wages and the social safety net have stagnated or been torn to shreds.<br/><br/>I know too many people who have worked and worked at good jobs and done great work.  They have been fired because of age or because the company wanted to make more money to pay the CEO and shareholders.  They have then gone through their meager retirement savings and savings.  Now they have nothing for the proverbial rainy day and nothing for retirement.  But our politicians continue to support policies that help corporate America rather than middle and working class Americans.  When we elect someone into office they are supposed to represent US, we the people, not we, the corporations and rich donors.  If we don't like it we should vote the offenders out of office.",0.9119
8,"Richard, I realize that facts are not your strong point, but in terms of dollars, the euro is worth about the same today as when it was introduced as a currency and about 70% more than it was it 1985, so somebody is buying them.<br/><br/>You are correct I am unaware of the present day problems in printing money. Perhaps you would care to enlighten me? High inflation? Crowding out? High interest rates? <br/><br/>Give me a break!",0.8945
9,"Yes, but no - Mississippi, New Mexico, Louisiana, and Alabama should be free to leave the Dollarzone. I'll bet they'd gladly give up the billions in foreign aid, if it meant freedom from Northern Aggression.",0.8834
10,"Appiah says,""there's something bad about that"" in reference to taking something out of the circuit of generosity.  How is that is bad? That's no time to drop the mic. <br/><br/>NWB sells some things and puts others to the curb. We see that as generous. She notes her control of the item ceases. Neighbor uses items and hosts a sale, which may include more than just kids’ things. (There is a lot of information missing here). NWB may feel that giving the neighbor “first pick” should enhance the neighbor’s attachment to the item, but NWB paid money for the items and neighbor got them for free, so the emotional link (=value) is missing. Do the sale prices disturb NWB? Not mentioned, but a possible factor. NWB is dealing with the provenance of the item (I paid $20 for the doll, and Susie loved it!), and neighbor is dealing with current market value - selling it at a stoop sale for front-pocket money. NWB makes assumptions about neighbor’s financial status; it's not relevant.<br/><br/>When people donate to Goodwill, those items are put up for sale (at some remarkably optimistic prices), but allegedly after providing work to people we are told have problems.  This is not materially different, except for the proximity.",0.8661
11,"This is so comical, can you imagine if Texas said they would euthanize dogs and cats on sight if they didn't have a valid license? The gazillions of dollars and volunteers would come in from all over the world to help.  <br/><br/>While we wait for SCOTUS- The liberal left who annually shells out tens of millions of dollars for animal rights and environmental concerns; need to divert some of that money to start grassroots programs to help needy people get the correct I.D. This includes locating the correct paper work, getting them registered at the DMV and help navigate the long lines.  <br/><br/>Quit focusing on Queeny, Prince and Duke all the time and help Grandpa and Grandma for a change!  ",0.8268
12,"There is one fact about Hillary Clinton, a fact documented and made public by this very newspaper, a newspaper dedicated to the Democratic cause.<br/><br/>She has been, in the past, bought and paid for.  Multiple times.  Even to the extent of selling uranium ore reserves to Putin.  Her husband, an ex-president, sell his influence for personal wealth, at enormous prices -- with ""donations"" as payment, half a million for a speech in one instance with the contributor suddenly achieving a goal not previously available.  Oh, it all goes into their ""charity"", which spends 15% of its income on actual good works, 60+% on uncategorized ""other expense"".<br/><br/>This for a family claiming poverty when they left the White House and now worth, it is estimated, close to half a billion dollars.<br/><br/>Do Democrats really want a person already known to be corrupt running the country?",0.8204
13,Sounds good to me.<br/><br/>It's been a while since an American soldier died to promote democracy in Israel or to save her from direct attack.<br/><br/>But those greenbacks sure have taken a beating. Maybe it helps to know that the bulk of Israel's military assistance loans have to be spent at US factories like Boeing and Lockheed Martin.,0.8176
14,"This is the field upon which the game is played codified into law with Citizens United. Just replace Clinton with Koch and you define a system of influence and financing we now use to vett political candidates for Americans to vote for. The difference comes in what policies all that money buys. I live in WI. Where Scott Walker is financed by Kochs and has legalized every policy in the Koch Platform in order to maintain the money for his run for the White House. Our economic, education and legal systems have been corrupted, gutted and put us on a path of servitude to the Party of Koch. That's the difference in what the money buys.",0.8126
15,"It's troubling to me that he splurged on unneccesary items when he came into any amount of money. Would he do the same with the national budget?<br/>And would he misspend any national funds for personal use as long as he felt no one was looking?<br/><br/>Contrast his spending on houses, boats, and cars with the story of how Obama picked up FLOTUS in a car with a hole in the floor when she first was dating him. I'm not a fan of Romney but he is a successful businessman and if he was savvy enough to turn down Rubio based on his personal finances, that says something right there. <br/><br/>Finally having little money/ poorly educated parents is no excuse for not knowing how to manage it. In fact, it's even more important when you have little to manage it well. Many people grow up poor but know how to save, budget, etc. successfully minus a few mistakes when they are in their teens-early 20s. ",0.811
16,"Hmmm. It's a huge improvement. I've been running it for six months now as part of the insider programme, and it is well worth it. ",0.8074
17,"If you start at an early age, spend less than you earn and save the remainder you will do fine.  The first step is to save raises, don't upscale your lifestyle.  If you could live on the money you got before the raise, keep doing so. ",0.802
18,"The Republican's eyes are all on 2016. Giving Obama a success is a no-no, and if they can turn Israel into a partisan issue, so much the better. No amount of selling will change that. ",0.7943
19,There are a few people who have way too much money. If selling off endangered animals is the only way to raise money for the rest of us then maybe we should be making very serious efforts to tax that excess wealth and use it for the greater good.,0.791
20,Fascinating and thank you for sharing this information. I had heard a bit about some of the controversy around this charity but you really helped break down what members of the autism community are feeling and why. <br/><br/>I would certainly not be thrilled to give money--even an ice cream cone amount--to the Susan Komen Foundation (after many years of raising plenty of cash for them) so I feel you. ,0.7761
21,"I'm a lawyer, and every time I see these kinds of articles I wonder why no one ever asks doctors to live in near-poverty and treat the poor for almost nothing. By contrast, we pay them to do it, and they make money off of it. Maybe we could help the poor more effectively not by seeking to inspire and/or cajole law grads into a life of financial martyrdom, we should do what we do for doctors and give them a big pile of tax money (Medicare, Medicaid, etc.) to take care of those needs.",0.7713
22,"The chart in this article is misleading IMO: comparing the investment in a startup to dollars raised by a campaign is apples to oranges. A campaign needs to raise money in order to build an effective media campaign to persuade voters — no money is enough in this scenario, and the campaign isn't necessarily beholden to the contributors. A startup might set a fundraising goal, but it's not in their interest to raise an unlimited amount of money for two reasons: 1) too much investment dilutes the value of equity among existing shareholders, and 2) it takes time and energy to raise money, which detracts from a startup's goal of attracting users/revenue. <br/><br/>Also, the fundraising rules are drastically different in each sector (think of the pool of accredited investors who can fund a startup vs. the general population who can give money to a campaign, for example). I agree with the premise of the article, but I think the chart doesn't help.",0.7679
23,"Get rid of the silver and china; get rid of the expensive wedding gown, groom outfit, caterer, reception, etc. and save the money to buy a house or spend on the first child.<br/>Spend it on the honeymoon.  It's experiences people, not the stuff.  And you can be with family and friends anywhere.",0.743
24,"And to think that the ""product"" or ""brand"" Wisconsin taxpayers are supporting is one of the worst ""teams"" in the NBA.  Like so many cities, Milwaukee is spending millions so it can associate with ""The League"" and it makes not one iota of difference whether the team on the court is ever worth watching.<br/><br/>Whereas UW, where I earned a Master's, has given back a thousand fold for all the young people it has educated and who have gone on to help the world, gets the governor's hose.<br/><br/>Have we lost any notion of quality? Is our purpose to seek entertainment at the expense of education? Is Scott Walker really someone anyone would want occupying the White House?",0.7383
25,"That's been true throughout my lifetime. Ever venture through there in the 80s through early 90s? I mean, it was fun if you were a wasted young guy looking for porn and drugs, but was it ever a hotspot for locals other than those looking for an easy buck?",0.7319
26,"Somebody will make money; somebody has already made money, raising ""astroturf"" support.  Money talks; a minimally-useful drug will be put on the marketplace and pushed by doctors who've had ""training"" at lush resorts paid for by the drug company.  <br/><br/>It's all very grubby and mainly not about the women who are supposed to be ""helped:"" no, it's about a drug company recouping a marginal investment with the support of the U.S. government. I just hope that nobody dies.",0.7269
27,"leverage of what? Your pockets are empty, you demand more, and spit in the face of the person whom you insist give the money you need? Truly  great leverage...",0.7236
28,"Dear David,<br/><br/>Thanks very much for your comments.  Too little is being discussed about this point.  IMHO, the AHA is really the Un-affrordable Insurance Act.  My case is similar to ours in that (knock on wood) we spend very little on health care for our family but if I sign on with AHA I am looking at US$13,500 out of my pocket before I see a penny of coverage.  I can go to Japan, Canada or Sweden, not be a resident and pay less than that!!!   Please keep making your point!",0.7087
29,"It is HUGE -- and not just the incontinence itself. It is also managing incontinence -- cleaning up. Some seniors can manage this, others cannot. Once you cannot, it is a huge problem and cost -- as you can imagine, there are not a lot of people who want a job diapering a 200 lb adult man.<br/><br/>That being said, the invention of things like Depends is a huge big deal. Those things are miraculous, and have saved many seniors dignity.",0.6917
30,"She could have left, you know.<br/>And Paula Deen is a very philanthropic person in our Savannah community, promoting businesses, individuals and charities. ",0.6908
31,"As it happens he's also a shill for moneyed interests.  Have you read the Times stories about the Florida billionaire who's bankrolled him? Also, how can we trust him with the nation's finances if he can't make sound financial decisions of his own?",0.6868
32,"To state the Stephen Lord’s analysis of the robust method a little differently:<br/><br/>The coins originally in your pocket either stay in your pocket or are used to pay the clerk. To 'minimize' the set of coins paid to the clerk, you should 'maxmize' its complement, i.e. the set of coins that remain in your pocket. The unique maximal set of coins that could remain in your pocket is just the intersection of the coins before and after the transaction, and the complement of this set (relative to the original coins) is the unique minimal set that you could use to pay the clerk--in other words, this minimal set must be included in any payment to the clerk, since if they aren't in your pocket after the transaction, the clerk must have them.  The logic doesn't require that the compositions of the coins have any special structure; all that is required is that the particular compositions, whatever they are, be known before and after the transaction. This is where being tidy enters the picture: being tidy uniquely specifies the compositions of the coins.",0.6808
33,You mean it would have actually sounded like the world we really live in?  The one where teenagers have smart phones practically grafted to their hands and spend nearly every waking moment keeping up with the gossip/trash people call news?  Cause . . . that's the world my students live in.,0.6767
34,"I disagree completely.<br/><br/>There's no difference between a bunch of millionaires pooling their funds together to govern the country and one guy doing it for himself. You cut out the middleman, but the result is exactly the same: money being used to buy elections.<br/><br/>Do you think for a minute that any of Trump's decisions as President wouldn't be serving Trump first ? <br/><br/>The argument is always the same - Trump ( Bloomberg, Huntsman ) don't need the money. But the same is true for the Kochs, or Adelson, or Soros - none if them need the money. <br/><br/>They all have reasons for buying elections, but Trump is doing the same thing. <br/><br/>What's really amazing is that people are so easily fooled into believing that someone buying an election directly is somehow ""taking the money out of politics"".",0.6701
35,"“I have wonderful alternatives,” Trump said. “It’s called — I’ll make a fortune.”<br/><br/>And there, in a nutshell, is a description of a guy for whom it seems the only thing that matters is money and the power that money buys.  Just the type of guy you want running a country.",0.6249
36,"He should set up a ""foundation"" to sell favors and launder bribe money out in the open.  All you have to do is adopt a sociopathic policy of ""the end justifies the means"", link it with a pathological mania for power and ""donate"" some money to the New York Times for favorable coverage.  It works for the Clintons.  ",0.6124
37,"God Bless America--or perhaps the ""International."" Crooks of the world unite, particularly those with bundles of money and power.",0.5994
38,"Who spends freely when they believe whatever money they have needs to last them the rest of their lives, because it earns no interest when deposited in banks?",0.5719
39,"It's time that the comfortably off stop avoiding their responsibility for the plight of the poor by continual reference to the 1%. A more relevant way to partition society is to take, on the one hand, those that consider it perfectly normal to spend three, four, five, or perhaps even more dollars on espresso based drinks, sometimes several times a day, against those that have not much more than that to spend on their major meal of the day. Let's see the Starbuckers put their hands in their pockets instead of complaining about those who have created their jobs.",0.5719
40,"We need to put more government resources into Community Collages and State Universities. With very few exceptions, for profit universities are scams. It's a scheme to funnel taxpayers money into the pockets of crooks and swindlers. It's no wonder that the GOP loves the for profit Universities.",0.5574
41,No change for me. About half in cash because of a recent capital infusion. Now is a buying opportunity. Just got lucky and bought Apple at $95 this morning. ,0.5267
42,"The jewelry gifts from my first husband could have been lined up and even ones given years apart were nearly identical. They represented HIS taste, not mine. And the style of diamond solitaire I told him I liked? He bought a different style and said ""the man said you wouldn't want the other one."" It sits in the jewelry box.  Shouldn't a gift giver put a little effort into figuring out what the recipient would like?",0.5261
43,"Yes employees are the biggest expense, but they are also the biggest asset. Too many businesses are running down their assets and assuming that the much needed maintenance and repair will magically appear.<br/>Too many these days are reaping big money for themselves and wondering why society is collapsing around them.",0.5187
44,"All the whining by those ""concerned"" over voter ID laws is nothing but posturing to hold on to their racial gravy train. It is inarguable in today's society that people need a government issued photo ID for many necessities. Yet the ""concerned bigots"" don't spend a single second helping the small number of people that don't have one to get one. It helps feed their own coffers to find the few people that don't have one and trumpet them to the media and yet do nothing to actually help the person.",0.5127
45,Welcome to our Pakistani restaurant! We WILL light you up (or money back),0.5093
46,"I found myself cheering him on<br/><br/>Cheering him on ...............  would you be cheering him on if he were robbing jewelry stores, what is exactly the same thing as not paying back a debt. Stealing is  taking something that is not yours. A student loan is not a gift, it is someone else's money that you promise to payback. It seems that to many people the keeping of a promise is an old fashion idea that does not fit into their new lifestyle. The only thing keeping you from taking someones money (student loan) and not repaying it is not a moral belief in doing what is right, no it  is that as you say 'Personally I lack the guts and stamina to dodge my bills"". Doing the right thing for the wrong reason does not make you a moral person. <br/><br/>It would be nice if someday you loan someone $40,000.00 and then they decide not to pay you back, saying 'you don't deserve your money back, because I don't like the way you earned your money, or 'your interest is too high', or just plain 'screw you'' and then see how you feel about this subject.",0.5073
47,Do angels invest in small start up companies that provide a TANGIABLE good or a service? No glamor; no glitz; just sweat &amp; getting one's hand dirty. Millionaire potential...probably not....Is that done anymore?,0.504
48,"For efficiency, start reporting only who didn't take a bribe.",0.4753
49,"It is surprising to me, how the Left likes to ignore the fact that Government rairly spends the money given to them for the purpose it was given for. Example, Katrina hurricane relief that went to West Virginia. No conversation about giving the Federal Government more money should be started without first talking about new forms of accountability and a means of penalizing those bent on wasting the money.   ",0.4588
50,"How he spends his money is one thing. Dems, however, are more interested in spending other peoples money then their own.",0.4576
51,Fame. Money.,0.4404
52,Easy money.,0.4404
53,"Yes, desalination is the key here. The state has a surplus and this is an emergency. Go Brown. Spend it wisely.",0.4404
54,When will Mr.Snowden return to the United States and make his comments here rather than thousands of miles away?,0.4215
55,"If elected, I will give you more money. Vote for me.<br/>Isn't this the message Hillary is giving now? And even those in need of this money, will they believe her? ",0.4137
56,"Why doesn't this surprise me? These guys have been playing a game from the beginning and they got their billion dollar payoff from the gullible likes of Zuckerberg. But, with his resources, I'm certain that it wasn't much of a sacrifice.",0.4002
57,"CHOKING NYC  The strangulation, slow or fast, by the Republicans is old news.  Except when it's new.  Republicans rejecting fair legislation and replacing it with cronyism is also old news.  That's what they do.  Then they leave town and go off on vacation.  If they're smart they vacation out of state.  Better yet, they leave the country.  Preferably combining political junkets with travel to make the time a ""working"" vacation.  The result of all of these is, of course, political junk.  Slashing at programs that help the 99% who need help, desperately in some cases. And giving much needed public funds to the 1% who don't need money at all. That's just business as usual.  I'm sure that Andrew's dad, Mario, is turning in his grave at what his sonny boy is doing.  So much for getting along with each other in the Big Apple.",0.3751
58,"There is nothing wrong with the current $1 coin that getting rid of the $1 bill and giving us lots of $2 bills (with Jefferson on it) won't cure. Somehow the people of Canada have no problem with their $1 and $2 coins, and their $1 is exactly the same color and weight as ours. And they have conveniently provided us an example of what our $2 coin should look like one day.",0.3724
59,Four to Six regional primaries on a rotating first out schedule every four years and three  months for the silly season with no robocalling allowed and limits on amount spent on media buys.Otherwise it i sjust a big media circus and an opportunity for corn farmers to feel important.,0.3612
60,"If big sugar is going to use big tobacco tactics, then maybe we should be looking for big tobacco like penalties and sales restrictions.  ",0.3612
61,They sure don't make that kind of money in Oklahoma.,0.3182
62,"The polls are a joke. A 15 year old kid polled almost 10 percent in NC.<br/><br/>However, the bigger joke is Trump himself. Claims he wants to fight for the country, but did everything he could to avoid doing so when he avoided the draft. Claims women and hispanics love him but does everything he can to belittle and make their lives harder. Claims he will be the greatest military leader in history but gets his military advice from television. Claims that any candidate taking money is a puppet of big business/those with money, when he is the epitome of big business/money.  Uses a lot of buzz words and phrases, but always seems to change the subject when asked about specifics. Claims he isnt a politician, but is the most political of the bunch, kissing babies (or, in his case, giving them rides on his plane for the attention) and globbing onto anything he sees in the news.<br/><br/>He is pulling the wool over American's eyes. He is all about big money, pushing those in need into the dirt and obscuring his own incompetence. <br/><br/>Do not let this man anywhere near any real responsibility for our country's future. Outside of sound bites, he is clueless.",0.297
63,"Yet another state to which I will never return. For any reason. I will also rethink the money that I spend ordering from online business in the ""Don't Mess with..."" state.",0.2755
64,"stevenz:<br/><br/>""A chance""? All we are saying is give Greece a fifth chance. (And start saving for the next ten chances).  ",0.25
65,"If  Mrs Clinton is the nominee, I will open my mind to  voting for the Republican.  It's not the emails that concern me, it's the way she and Bill have enriched themselves since he left office.  Why would anyone pay half a million bucks for a speech?  What do they expect in return for that huge speaking fee?  And the huge amounts of money money that flow through the foundation.   Some of it from people with business before the State Dept while Mrs Clinton was Secretary of State.   Search the New York Times for ""Clinton Cash"" to see some of the details.<br/>I don't trust these people.   I could see myself holding my nose and voting Republican if she is the nominee.",0.2163
66,What I find upsetting that everyone is there to keep you from having an abortion but when it comes to funds and help with medical and mental issues once the child is here where are all these people and pro life politicians? Then all you hear and read about is how they are cutting programs and saving tax dollars. All you standing and holding banners and sign why don't you donate your time instead  and take one of these children for a weekend to give the parents a break.,0.1901
67,Great way to destroy the dollar.,0.1531
68,The plan is to get your money and never pay it back!,0.1501
69,What a scam this tax is.  If the government needs more money they estimate the home at a higher value regardless if it needs repairs or if you made improvements.  Need more money raise the estimate!  Tax for a dwelling should stay same until you sell your home.  ,0.1007
70,"I don't buy into this concept in the least. For those who take this seriously there is a clear solution - spend time with people who judge you on what you say and do, not based on a snap judgment of your appearance. I'm also dismayed that a Smith faculty member would give this any credence or attention.",0.0323
71,Is prop13 the reason the Democrat controlled legislature deducts the amount of lottery money given to the schools from the amount of money it supplies?,0.0
72,"First, follow the money.",0.0
73,"Charles Schumer has been on the take for a long time.  This is just one more way for him to make a buck.  He's a weasely slippery guy, who can be bought. And the fact that so many think he is doing this for religious reasons, don't know Chuck.",0.0
74,I'll bet the deed to my house that 99% would be running away by 10:00 am recess,0.0
75,"Ah and by the way, $30,000,000 in foreign aid is chump change for us, I don't think it'd give us much sway over the D.R. considering we lavish about 100 times that on Israel, and 300 times that on Afghanistan.",0.0
76,Where's Edward getting the money to eat? ,0.0
77,Congress knew and was bought.They are owned.,0.0
78,And will they be able to run a business and know who much change their should be getting from a $20 when they go to the store and the item they buy is 4.67 - ,0.0
79,"According to the Google 23 euros equals 25 dollars, 56 cents. ",0.0
80,"I wonder how much of the ""donated"" money comes from sources within the Russian government. Money laundering.",0.0
81,Yep. They have guts...just no money.,0.0
82,"They won't let them have any more money, that's what they'll do about it.   After the Greeks have spent what little money they have left, they will have nothing.",0.0
83,But then how would they fill the pews and the coffers?,0.0
84,"Not enough billions yet? How much would you spend on people from another country, far away?",0.0
85,"When they start buying food, big time, look out.",0.0
86,Studies show that Wal-Mart workers can't afford to buy even the cheap junk that Wal-Mart sells and shop at The Dollar Store or Dollar General.,0.0
87,"Money, time, transportation. Voter suppression is the real corruption.",0.0
88,"Someone has to push back, and in a big way...our elected officials are corrupt....bought off by the very people they should be protecting us from",0.0
89,Perhaps eliminating The World Series for kids completely. Nope. A lot of dollars involved.,0.0
90,"If the government can figure out a way to get your money, they will do it.",0.0
91,"as everything else in life, money is to be used, not shelved for a future that<br/>shrinks back everytime a penny's pinched.",0.0
92,Wall Street banksters are biggest looters.,0.0
93,What do you say we put a woman on the two-dollar bill and be done with it?,0.0
94,You summed up the work place issue perfect....,0.0
95,Maybe then the donor states will not have to fork over their tax money to the recipient states. ,0.0
96,"More likely, waving Norman Braman's checkbook.",0.0
97,"who asked you to speak, the kochheads? bob iger, all the CEOs raking in millions upon millions?",0.0
98,"Apple does not allow donations because obviously it was created by a greedy selfish narcissistic monster, who when he lived could care less about charity. I avoid the pigs of Apple at all costs.",-0.0723
99,"The Greek citizens who didn't pay their taxes have moved themselves and their money elsewhere.  Thus, the thieves got away.  In the US it's called moving businesses and money offshore.  Forgot about recouping the money they stole when they lived and worked in Greece.  Check out the crowdsourcing site which is raising money to help Greece from small, individual donations.",-0.0783
100,Why does anyone contribute such large gifts to these well-known and well-endowed universities?  Giving Harvard $150 Million when it has an endowment of $8 Billion is simply a waste of money.  ,-0.1027
101,"I agree with you, and i'm surprised that the broadsheets haven't looked into her foreign policy blunders in more detail.  Her judgement is more than just absymal, it's frightening.  Combined with a looming TPP, i don't even want to think about what bits have already been bought and sold via Clinton Foundation donors.<br/><br/>Lies like dodging sniper fire in Bosnia and statements about obliterating Iran if they touch a hair on Israel's head don't inspire a whole lot of confidence either.",-0.1331
102,As long as you get paid for it. Did I miss where they talked about how much money these people were making?,-0.1531
103,"So targeting someone because they are black or a Jew is what noble? Gang bangers out after each other has zero to do that the creepy little kid in SC, who plotted and then walked into a that Church, with its history of seeking justice and then those people were singled out to die for the amount of melantin in their skin.  America is not buying what you're selling anymore.  The bloggies will continue to go forth every morning and cut and paste this nonsense, but your ship has sailed",-0.2174
104,"     Too bad he couldn't have spent the money getting Michelle into rehab, she might still be alive today.",-0.2263
105,"Of course the amounts are meaningless compared to a Madoff, but that doesn't make running cons and ripping people off ""a hoot.""",-0.2382
106,"Margaret, Delmaro is the fortune teller; her victim is not named.",-0.2732
107,"Don't go into long-term debt, people, I say...that sword of Damocles will be hanging around your neck all the rest of your life. Learn a skill that the world needs...and will always need. Buy a house that you can afford and not speculate with...unless you have the big balls to wait out the housing market upturn...Don't forget this waiting takes money and maybe, your sanity too!",-0.2792
108,Nothing of significance will change until we get money out of politics. The NRA has bought our politicians and all Obama can do is pay lip service to the issue.,-0.2991
109,"I am witnessing the ADHD Era here in the United States.<br/>Whiny, Obama supporters are attacking and mocking Edward Snowden for being in Russia as if they have forgotten the facts.<br/><br/>FACT: Edward Snowden petitioned several countries for political asylum and was denied because those countries did not want to risk losing millions and in most cases billions in US foreign aid money. Even China decided their lucrative trade advantages were more important than protecting Snowden.<br/><br/>That is why he's in Russia. ",-0.2993
110,"I see the making of an international spy thriller - intrigue, money, corruption, power and  the many shenanigans of politburo members. Return him? To whom? To which faction of the Chinese government?  Even who receives him if we do send him back tells us something. This guy will put Snowden to shame. He will probably reveal how they dope their athletes. Mr. Mazzetti please sharpen your pencils and give us a rollicking series of reports. The Summer of the Dragon! ",-0.3031
111,"I suppose he told us.  ""With malice towards none and with charity for all.""  ",-0.3252
112,"War is a nasty business. True when people were hacking at each other with swords, and still true with drones that get no actual blood on the pilots' hands.<br/><br/>But since we are going to fight this way, it seems the Air Force should have the resources. Perhaps instead of putting uncountable billions into unneeded, unwanted weapons systems, we could put that money towards a system that works. Of course many Congressmen want the unneeded programs in their districts. But the U.S. spends so much on defense. This seems like a misallocation of resources, but can't tell that to politicians who want the money to flow their way. Makes solutions more difficult.",-0.3386
113,"I am among the ""common folk"", who have struggled along without an $80,000 speedboat.  Question: What could we expect if he held the highest office in the way of ""toys""?",-0.34
114,"You work with the false premise that people expect to get money back. People expect a 100% loss. <br/><br/>If you assume you face a 100% loss then you want be at least sure that there are not more costs afterwards, therefore you request reforms and offers the write down as reward.<br/><br/>If you make the write down the first step, you are in an interesting position.<br/><br/>Is this so difficult to understand? ",-0.3697
115,"All of this is part of the oligarchs (aided my their minions, useful idiots, the media, etc.) plan to keep the 99.99% fighting amongst ourselves while they continue to pick our pockets, no I meant empty our pockets ... so they can buy another mansion, superyacht, evade or not pay taxes, etc. Nonsense!! Social Security fine for the medium term and easily fixable for the long term ... unless we foolishly throw it away.",-0.4191
116,"We could open up thousands of financial jobs by prosecuting and jailing all the thieves who have stolen billions of dollars in the last decade, Jamie Dimon would be a perfect roommate for Bernie Madoff...A",-0.4215
117,"So why don't they feel that way about big business?  A case of, don't bite the hand that feeds you, maybe?",-0.4567
118,"I'm sorry too, Dimitri. How do you suppose this all came about?<br/>Anything to do with spending more than you have to spend? And resulting ""economic calamity"" because you spend more than you have to spend?<br/>And agreed, my Fidelity statements should not be impacted by this foolishness. Some of us live within our means and should not be harassed by the irresponsible who live for the day.",-0.466
119,"I guess the banks didn't game the system then.  Gosh, and I thought they were paying billions in fines.  Somebody must think they did something wrong.",-0.4767
120,"Everything the gov. says and does is a lie.  The entire system has been slowly destroyed, bought and sold down the river by the most clueless gang of greedy sociopaths who care for no one but themselves.  It's becoming unbearable to consider myself part of the human race.",-0.4848
121,"out with the old, and in with something older....and even more worthless.",-0.4927
122,oil money...its mad max right here in texas...just in a veil of civility.,-0.4939
123,"Read my post:<br/>The more people earn, the more they spend and the more debt they carry, on average...simple fact. When people get more money, they typically do not save it. No matter what their income, the majority claim they cannot save.<br/>Sorry, does not compute",-0.5319
124,The fact that you can't tell the difference between voting and receiving food donations is really scary.,-0.5413
125,"I suspect that this is simply another charity where the management was replaced by VIPs who don't have a clue how to get things done.<br/>No one will bear any responsibility for this. No trouble at all folks, just another ripoff scheme. ",-0.5574
126,"The new Cuomo choice? Bet it's Lite!<br/>He rarely does anything right,<br/>A Big Bank appeaser,<br/>And a Wall Street pleaser,<br/>And often will act out of spite.",-0.5707
127,"By the definition of 'tidy' in the problem ""With a tidy collection of coins it is not possible to get a larger-denomination coin by trading in some smaller-denomination coins"" would it not be equivalent as minimum number of coins composing a given amount. Your greedy algorithm for division starting with teh highest denomination works.",-0.5719
128,"You're losing me lately, Frank.<br/><br/>When I saw ""The Wasted Gift of Donald Trump"" as your piece today, I chose to go with ""The Sneaky Power Of Amy Schumer"" article instead.",-0.5859
129,Time to fire these greedy crooks.  Medicare for all!,-0.6114
130," I'm not surprised to read this, as any pact between employer and employee has gone out the window. There is nothing we can do about this. I spend hundreds with Amazon every month and will continue to do so, as I save a lot of money not to mention avoidind excess states taxes.<br/><br/> I was working for a small firm with 10 employees and called in two days before Christmas and told I was being replaced by someone making half my salary, and by the way, you don't need any severance pay, do you? They finally coughed up two weeks after I protested. The owner, a greedy pig and dead ringer for Woody Allen, just bought his third residence, a million dollar pied a terre in Manhattan. He constantly complained he wasn't making any money.<br/><br/>I landed well, thank you, turning my lifelong hobby of investing into trading full time in the stock market, which Warren Buffett calls ""A device to transfer money from the impatient to the patient."" I will never again work for anyone.",-0.6471
131,"Most people who believe choose to believe on some level. They choose to believe because they have some emotional need to believe. It doesn't matter if every psychic in New York city say they are fakes, there will still be plenty of people who will believe human beings can psychically foretell the future, channel the dead, or whatever. <br/><br/>If these people with emotional needs can't turn to corner fortune tellers, they'll turn somewhere else. Maybe they'll turn to mega churches and evangelist preachers, who'll sell these people with emotional needs just as much baloney as Ms. Mitchell. ",-0.6569
132,"Dear Mr. Brooks,<br/>Do you mind if I pull an ""Obamacare/ACA"" on you?<br/>You know, the people you support, the GOP/TP/KOCH AFFILIATE, HATE this plan and have uselessly voted to kill it countless times whether it's successful or not only because Democrats support it.<br/>In a similar ""spirit"", if you will, despite the numbers and figures you quote, if you and the GOP/TP/K.A. are ""for"" the ""Trans-Pacific Partnership"" then it must be just, plain awful and, of course, I am against it.<br/>Simple is as simple does and the Republicans are, if nothing else, pretty ""simple"" these days (""Got money? Give it to us"" is fairly basic). So this ""agreement"" deserves it's ""Stab In The Back"" fate.<br/>Perhaps if one of the 20 or so candidates running for president from the Republican bench manages to win the White House, we might see a return of this bill (Let's see, that 7.3% increase in American incomes due to tariffs seems ""great"" to millionaires and billionaires; not such a big deal to those less fortunate. A $400.00 paycheck is enhanced by $29.00 or so, assuming a. The pay is $10.00 an hour and b. one works 40 hours a week. Both a. and b. are, by the way, ""chimeras"" in today's job market).<br/>And since when does the GOP/TP/K.A. care about the ""global poor""?<br/>They don't give a fig about our own poor! Why the sudden concern about all the rest of the poor?<br/>This thing just stinks.",-0.7274
133,"I don't care about how Marco Rubio manages his personal money or the fact that his wife has speeding tickets (gasp!).  I care about how he will manage our money, something that the current occupant of the White House hasn't done well.  The New York Times must be afraid of him to be running articles such as this.",-0.7478
134,"We are becoming an ever increasingly strange world society. Billionaires who ""steal"" their money from the rest of us in hedge funds. People who do BASE jumping for kicks. Diving with no air and then dying. The list goes on and on. In my area we have two 15 y/o boys who went out on a boat with no radio, or signaling devices. They are lost at sea. The coast guard spent a week searching for them. Now there is a 1/2 million + dollar fund set up to continue the fruitless search.<br/><br/>Oh how we have lost our way in living life in a way that expresses the joy of life. Sad really. ",-0.7783
135,"The man, perennially broke and in massive debt, saw how much money poured in for Sarah Palin afar her ludicrous run for national office. That is the whole story.<br/><a href=""https://emcphd.wordpress.com"" title=""https://emcphd.wordpress.com"" target=""_blank"">https://emcphd.wordpress.com</a>",-0.7783
136,"in the depression of the 30s money was put into stimulus of all sorts, which helped the least among us. that was not done this time in any measurable proportion, the poor had to sink, period. that is the same as taking money away.",-0.7783
137,To give mental health is just a little step in the right way. The better approach would be to give the weapons lobby a big presentation about what they are actually doing with their rules. KILLING PEOPLE!!!,-0.7851
138,"See <a href=""http://www.npr.org/sections/money/2013/10/25/240590433/what-happens-when-you-just-give-money-to-poor-people"" title=""http://www.npr.org/sections/money/2013/10/25/240590433/what-happens-when-you-just-give-money-to-poor-people"" target=""_blank"">http://www.npr.org/sections/money/2013/10/25/240590433/what-happens-when...</a><br/><br/>I know this may come as a complete shock and deep disappointment to many of you, but poor people actually know what they need. And if given money, they can purchase it. ",-0.7964
139,You mean he started dead broke with not one penny from his father? I don't think so.,-0.7964
140,Religions have caused untold harm to millions of Americans living today.  Their hate is being repaid.,-0.802
141,"A domestic source of that savings glut might be from prudent financial management by retirees and near-retirees. I look at my dinky nest egg and think, ""I don't want to spend that---it's for the long haul. I'm liable to live 30 years or more and don't want to spend that time broke. And I never can tell when unexpected needs may occur."" So my nest egg sits idle in a couple of portfolios and doesn't circulate as far as I'm concerned. Multiply that by the millions of boomers, strapped and tight, or affluent and frugal, and that's a lot not being spent. Why should we, when every time we turn around some damn Republican is trying to kill the replenishable money for our old age (SS, other public pensions, private pensions). Who thinks we'll spend when we feel financially imperiled? Besides, ""they"" all say we need to save more, so there it is, savings waiting for a rainy day in the golden years. ",-0.8291
142,"But a discourse centered around GDP growth rates is already a debased currency. Simon Kuznets, Robert F. Kennedy and John Kenneth Galbraith had a thing or two to say about the GNP/GDP fetish. JKG referred to ""innocent frauds"" and the ""bezzle"" (of embezzlement):<br/><br/>""At any given time there exists an inventory of undiscovered embezzlement in – or more precisely not in – the country’s business and banks.""<br/><br/>If you're going to quibble over housing bubbles, why stop there? How about arms spending (Ike criticized), prison building booms or other planned waste? Oh, never mind. Growth!<br/><br/>You see, the thing is a rigged game invites crooked players. The growthmanship game was a swindle from the get go (""siphoning off"" part of the increment in national income to pay for the arms build-up that stimulated the growth -- NSC-68). It shouldn't be a surprise those who boast most about how well they play it are swindlers.",-0.8841
143,"This seems to be some kind of puff piece for Ponte. To say that violence is down slightly for 200 of the 10000 inmates after  14 months tenure is a joke.  If he were working for a Fortune 500 company, he would already have been canned with those results.<br/>and what's with McKinsey having to come in and probably make millions in taxpayer money to report that the guards are unhappy.  The fix was in on this one.  that money should have been used to buy out the entrenched senior leadership that is being blamed for Ponte's failure.  If that is even true....",-0.9022
144,"This man is $713,975 wiser. That is the money it cost him; some people pay much less, other much more. He is 32, so he has a big opportunity of earning much more than this and he will take good care of that money.<br/>On the other side you have Mrs. Delmaro. At 26 she had her Psychic business in a good location, that's a good start in life, but she made a big mistake and messed it all. When she gets out of this mess she will have to reincarnate in another Psychic and start business in a different location, maybe move to the West coast, where she is unlikely to be recognized.<br/>As for Michelle, she died, that's according to Facebook. She may or may not, and she may have been another person altogether; those are things that happen in Facebook. If the man met her in Facebook she may have been a ghost, so the psychic may have been his best choice as adviser. But as she was greedy, she messed up a fairy tale. That's so bad.",-0.9524
