,comments,scores
0,"Article: What Events Have Brought You Closer  to Your Family?<br/>I found that article very interesting because a family whose house was destroyed during hurricane Sandy found an way to bond with each other by living on a boat. I got introduced to sail boats about 4 years ago when my mom signed my brother and I up for community boat only about 2 minutes away from my house. Unlike other kids I was excited to sail, some kids hate sailing the first time but I love it in the end. My best friend got a boat the year after for Christmas and I go sailing on it in the summer. I find sailing peaceful and fun. If I ever get bored and I want to do something I want to sailing. I'm not sure if I want to live on a boat year long or at all but its cool how you can change something you lost into something better. It was there dream and far fetched goal to live on a boat. I know if I wanted to bond with a friend more, want to know someone better, or even just hang out I would pick sailing. My friends and I have gotten way closer at sailing. When theres low wind and we still go sailing we just sit there and talk. I go sailing with some of my family all the time. The kids were homeschooled and the parents played music from port to port to pay the bills which I was surprised they don't have jobs. I was also surprised they decided to live on a sailboat where I don't know how much experience they had. They opened up to another life style. I have always liked sailing and I hope I always will.",0.9954
1,"I am one of those Americans who went to Cuba recently, avoiding the sanctioned ""educational"" tours, entering on my own through Mexico. The 10 day trip there included stops at the Bay of Pigs (where I learned that Cubans are still very angry about that stupid attempt to invade them), and the new war memorial to fallen Cuban Revolutionaries and Che Guevara in Santa Clara (a wealthy young man who became a revolutionary hero), and some wonderful restored colonial cities where I always felt safe. <br/><br/>Biking through the countryside, I saw vibrant, healthy, friendly people, with modern cars and busses, but also horse carts, and peasants plowing fields with oxen. Most get by on little material wealth, but since the rest of the world has been going there for decades there is a nice tourist industry. The most interesting thing I experienced was staying in Havana in a private B&amp;B (called ""casa particulares"", made legal by Raoul Castro) in an apartment in Havana. The mixed couple who ran it and lived there had gotten a license from the government by upgrading their clean apartment with 2 lockable rooms, a private bathroom, AC and a fan in each. I had a few hours of conversation with them and found them eager to learn how to get their business to be successful with the hoped for wave of Americans. I urge the adventurous to go there, stay in casa particulares as much as possible, and meet real Cubans. Its way past time to normalize relations with Cuba, go see it and judge for yourself.",0.9891
2,"Josh and John:<br/><br/>Listen to yourselves. Self-driving cars already have had accidents, and 1 million miles is a trivial benchmark to test effectiveness. But because ""on average"" the technology will out-perform humans you defend it despite the intent by Google for it to replace the human. What a boon for the ""average"" driver! Heaven help competent ones, though, who pay the price. Sounds like both the seat belt and taxes.<br/><br/>I can support actual car makers' intentions of eventually offering it as an overridable option, for those humans who recognize that they're clueless enough behind a wheel that they're better off accepting whatever arcane limitations are inherent in the technology than they are driving themselves. But to suggest that such technology is in EVERYONE'S best interest? Boobooyaga-nonense.<br/><br/>And, Josh, my response addresses Kornhauser's quaint faith that it's good when technology steps in to override human judgment, in order to prevent ""human error"". This had better be technology, as it can in my car, that can be turned off.  And John -- if the Lexus's anti-lock braking procedures include pumping, they're not very good at it. When in full control of a car, I've never failed to safely stop a car fully on ice -- and I've driven on ice THOUSANDS of times. They fail regularly at it, at least in my car, and with potentially catastrophic results.",0.9884
3,"By the way,  does anyone remember how this all got started?  Back in about<br/>1978-79 the airlines were trying to attract customers, particulalry business customers.  So for a brief while they had a program that when you checked in<br/>for your flight,  the ticket agent would hand you a check for $50.  Not a flight voucher,  but real spendable money.  The beauty was that while it was typical that a corporate travel dept was paying for the original ticket,  the cash went to the actual flyer.  That was nice.  But then the IRS got involved with determining whether that should be considered taxable income,  and when the accountants in the corporate travel departments wised up to what was going on  ( it took them a few months )  they pressured the airlines to stop doing the cash refunds.  So having opened up the can of worms, the airlines scrambled to find some other way to reward travelers that would not cause tax problems or issues with travel departments.  Hence,  the airline loyalty clubs.<br/>This is the absolute truth...and not many people recall this.  Check with a few other old geezers who have been doing this for a long, long, time. !!",0.9819
4,"I find the entire concept behind Uber baffling. The entire appeal of a cab is not simply that you can get from point A to point B, but that you can do so safely in a regulated vehicle with a licensed driver. It's the antithesis of hitchhiking. Why people are so eager to take advantage of the Uber technology as if the fact that it is online makes it somehow safe in the real world is beyond me. Call me old fashioned, but not only am I not comfortable handing my credit card information to the endless internet born companies like Uber, I STILL don't take rides from strangers.",0.9661
5,There are many good reasons why municipalities can and should regulate taxi services.  One needs taxi services to be nondiscriminatory and serve all people and all neighborhoods.  One needs drivers to pass strict driving tests which keeps their passengers and other drivers safe and cabs that are inspected. Bonding them is also important so that they do not attack their passengers or commit other crimes against the.  One needs meters to make sure drivers are not cheating their passengers.  Driving a cab is not easy nor is it a particularly lucrative profession. Good cabs make good cities.   ,0.9598
6,"Having moved to Atlanta and must travel frequently in a sales job, Delta is the major carrier in Atlanta.  <br/><br/>So I tried to enter their frequent flier program only to discover there is no this many miles gets you a free round trip ticket to where ever.  I then read this article and find out it takes 850,000 miles to get a free round trip ticket to Australia - great wine and scuba diving.<br/>I have a trip on Delta to St. Louis tomorrow and was attempting to confirm my seating arrangements and wanted to check one bag simply because I have some tools for an install job in St. Louis.  TSA does not like hard and heavy objects.<br/>Yes the first bag is free if you use a Delta sponsored credit card.<br/>I still remember the days when before deregulation the ticket prices were sky high and the airplanes were only partially full and then after deregulation the planes were full of people.<br/>Now the planes are once again full of people and the tickets are really pricey and thanks to the feds, there is very little competition other than carriers like Jetblue and Southwest.<br/>Before TSA and when I only flew first class and on Gulfstream jets, travel was fun.",0.958
7,Somewhat surprised by all the speculation. I have envisioned Joe Biden as our best bet for the VP spot on the ticket. He brings worlds of experience and excellent reputation with both parties. Would definitely strengthen the Democratic ticket at all levels - national and state. <br/><br/>Joe - please consider staying on as VP. ,0.9552
8,"What role could the oil companies, who post billions of dollars in profits play in helping rebuild our ailing and inadequate roads?   It seems silly to tax families, who are already struggling, while we witness these profits.  I don't want to make anyone mad, but surely you can't do this to families who are just scraping by, while ""that"" goes on?   At the same time, I know our roads need updating (read my earlier post concerning Cedar Rapids, IA), and because, I mentioned the overcrowded highway with swamped entrance ramps, it would also be a good time to to warn all of the young kids pouring into this state with the various campaigns to please be careful, and drive sensible, helping other drivers fit in.  ",0.952
9,"I for one at tender age of 20 spend some 21 days at the Outward Bound School on the slopes of Mt. Kilimanjaro  among some 100 strangers : Africans, Asians, Europeans, Arabs, Germans, Italians, British  etc. Average age 21, different cultures with English being common.  5 groups of twenty each, with the objective of acclimatization and every one being responsible for each other and every member of their group, living together, in small  dormitories with two tier bunk beds. The course consists competitive rope walking, wall / rock climbing, abseiling.  10 miles cross country run,  Three nights solo at with  65 Lbs back pack, three matches an un-boiled egg. The final  4 days  of the course involved the whole school under the supervision of  10 instructors taking five different routs up the 20.000 feet snow covered mountain to top of the KIbo's Crater rim  and reaching the Kaise Spitze Peak as the sun arise from the East.  The funny part of the experience is that the German Warden's wife, the nurse referred to the climb a walk and in some sense it is indeed a walk up that majestic mountain. Which  at times when the fog lifts appears to be in the back yard , where one can reach out and touch it.. However in reality it is some five plus miles away from the School that is at 8,000 feet altitude. Nevertheless on a clear day at twilight one glimpse the over hanging pinkish top from some 500 miles away. My sisters in law use to joke my gazing at it as it was some beloved.  cont...",0.9477
10,"Is everyone here really this simple? Saving miles is a chumps game. I fly 70K to 100K every year and the best benefit you get is early boarding.  Thankfully, my company allows me to fly business class on overseas flights.  Delta BC is at least 20X better than United.  Quit wasting your time looking for free stuff and start focusing on quality per flight.<br/><br/>Just my thoughts",0.946
11,"Article- Running in the Wild<br/>After running cross country and track for almost five years it has been becoming boring. A sport called orienteering has just been detected by my radar. This sport involves a map, compass, and a watch. It is a long run through woods, on trails or through unkempt woods terrain. Competitors must follow landmarks ranging in sizes from a meter wide to large trees and hills. This race type involves many different strategies and ways to reach your destination. The chances of getting lost are pretty high but the racers find it all part of the thrill. This sport is a strategic version of a cross country race and allows the racer freedom to move around and succeed. ",0.9393
12,"I retired at 56 because my job was being pulled out from under me.  I turned 80 in February.  I moved to Nha Trang, Vietnam in 2004, built a beautiful house and married a beautiful woman 17 years my junior.  My income is from retirement and S.S. but very modest.  Still, we save enough to travel and help out my wife's children a little although, in the Vietnamese tradition, they are always trying to do things for us.  I have many expat friends here from all over the world and none would want to live in the U.S.<br/><br/>Frequent Flyer was the first person to mention the true reason underlying the decline of the U.S. middle-class, the attack on unions which seemed to begin with Reagan and the traffic controllers but which has accelerated ever since.  Don't these captains of industry realize they need to pay workers enough to be able to be consumers of the products they manufacture or import?  Evidently they don't.",0.9384
13,"I'm shocked, I tell you, shocked.  Or not.<br/><br/>I find the element of surprise in some comments beyond strange, and the confusion about ""who to blame"", or what might be the cause. Everything is the cause.  The accelerating wave of weight gain, diabetes, and associated ""diseases of modernity"" is entirely logical and even inevitable.<br/><br/>We sit.  We were not made to sit.  We sit to move (cars).  We sit to have social time.  We sit to find distraction.  We sit to work.  What don't we sit to do?  Sitting is the new orange.  It has come to feel ""natural"" to us to be sitting.  How should I go to the grocery store, well, naturally, I ""jump"" in my car and ""go"" (although frankly, it's the car that does the going, and I just watch the going with my eyes).<br/><br/>We have designed the infrastructure of our lives and our basic cultural expectations around sitting and eating.  And, to no great surprise, the error of our ways is now writing itself on our bodies and our minds.<br/><br/>In the early 20th century we sold the country to the cars (freeways, mall parking lots, suburban homes in which the human-occupied parts look like an afterthought) and 100 years later, the cars are doing GREAT, and we're not.<br/><br/>Our eating has been outsourced to industrial agribusiness and soulless marketers.  Profit margins are up (along with many other ""related indicators"").<br/><br/>Overall good health, body, mind, and other, are not complicated.  It will fit on a 3 x 5 card.  It's just unlikely in this manmade environment.",0.9364
14,On my first trip to Paris I fell in lust. Walking hand in hand along a bridge an elderly gentleman admonished us to kiss in the middle of the bridge and let a little romance into the air. We did and every time I'm in Paris I say a prayer for that dear man who helped turn a brief flirtation a lifelong memory.  Merci mille fois.,0.9314
15,"I'd be happy if the trains could maintain an average speed of 70mph. We should forget about high speed trains, thats a fantasy here. Just give us trains that can travel faster than the average freight train. But that won't be possible while Amtrak runs on freight line tracks and freight has the right of way over passengers. We need congress to support Amtrak. We need the freight line tracks that Amtrak runs on built and maintained for 100 mph passenger trains safely. We need Amtrak trains to have the right of way over freight lines.<br/>Those would be reasonable, doable goal that could be accomplished in less than a decade. 200 mph High Speed Trains ? It's decades out if ever. ",0.9274
16,"If you had a gun and your life was in danger, would you use it? asked a driver.  Of course not, was my complacent reply as I looked out the window.  You don't know what you would do until you are there, he continued, you just don't know.  And he taught me something new of making assumptions based on perhaps moral values that had been instilled in my mind.<br/><br/>At times I play 'The Crocodile Game'.  How would three friends react, if one of us were in a pond with a gator attacking one's leg?  One, a humanitarian worker, might leap on the reptile's head and go into combat.  Another would start running for help, and I have a vision of standing frozen, shouting and wringing my hands.<br/><br/>The philosopher who quoted 'I can not understand your toothache', the meaning of which is becoming clear.  The friend who finds himself trapped in an environmental situation where you remain sympathetic and wonder why he doesn't move.<br/><br/>Ferguson is a big wake-up call for this American and remains on my mind.  There is no way to gauge my behavior unless I was there.  The list goes on, affecting someone else or myself, making one aware that being responsible for oneself, can be heavy duty at times.<br/><br/>Others are 'my eyes' and I take what they tell me into consideration, while understanding that my reaction might be different.  It is these last lines that ring true to this reader: 'Our efforts should instead be put toward cultivating the ability to step back and apply an objective and fair morality'.  ",0.9258
17,"What would we all do without the fearfull among us like Gail Payne showing us the way to a safer world?  Well, we could still swim in the quarries near Bloomington Indiana, we could soak in the clear cool waters of Kent Falls during the hot summer months in Connecticut, health conscious people could still run the stairs at the public football stadium in Fort Worth, so on and so on...thanks Gail for making the world such a safe, boring place....but I hope you don't drive to the game anytime soon...I'm sure you don't want us to quote you the odds of getting hurt doing that...",0.9243
18,"I agree.   The problem is that there used to be unspoken but generally agreed upon rules of public behavior.  These are all gone, so now ever interaction seems to need official mediation of some kind, with citizens pushing one side and officialdom pushing back.   It's not the way it should be done.<br/><br/>I agree, it should be 'common sense' that you don't hoverboard, skateboard, bicycle, unicycle, skate, etc. in crowded public spaces not specifically set aside for that.    But of course now every little thing has to be written out.  ",0.886
19,"Excellent - you caught me!   I actually was thinking along the lines of so many of the comments - you should have stopped more, you should have done whatever I would have done.    Thanks for making me realize that this was Stephanie's trip, not mine - and a glorious trip it was.    Wonderful article, and a wonderful comment!",0.8838
20,"CabFans are always taking one off headlines about incidents regard Uber drivers and trying to say that proves that Uber is dangerous, unsafe, etc... Fact that he lost control of car while passing does indicate that he was driving in an unsafe manner.   <br/><br/>Why do you CabFans want to shove your cabs down my throat?   I dislike cabs, so I take them as a last resort.   I am not asking you to take Uber.  I value your freedom to choose the best form of transportation for your needs.  Unfortunately, you don't value my freedom to choose what I prefer.",0.8789
21,"A HA HA HA ""Nasacar"" that's a good one.<br/>Bowman Gray is not a mile away from my summer teaching job - it took me several years to stop thinking a massive tornado was heading our way every night...",0.8779
22,"This past winter, our family flew to Las Vegas (from Toronto) via West Jet.  At the gate, they announced that all carry on luggage could be checked in for free.  Brilliant move! All 6 of us surrendered our carry-on rollaways, which freed up considerable space in the cabin.  Any other airlines listening?",0.8777
23,"Richard,<br/><br/>I have tracked this issue 45 years &amp; have read the recommended books.  <br/><br/>On the labor participation rate, I think advanced economies should consider a 4 day work week &amp; then after a couple of decades cut the work week to 3.5 days.(Leontief)<br/><br/>On your final point, I agree the current traffic corridors in urban areas are too congested for efficient movement of people &amp; freight. Robotic vehicles &amp; more lanes won't solve the problem. I have concluded that we need to invest in manufacturing guideway components &amp; vehicles of  the 300 mph superconducting Maglev transport system invented by Drs. James Powell &amp; Gordon Danby.  First invented in 1966, their newest generation carries RO-RO trucks, &amp; automobiles as well as passengers &amp;  operates on 1/13th the electricty of a electric motor train.  If this system were built mainly along the rights-of-way of the Interstate Highway System, <a href=""http://www.magneticglide.com"" title=""www.magneticglide.com"" target=""_blank"">www.magneticglide.com</a> , it could be privately financed &amp; the bonds retired by  just carryng 1/5th of the Interstate trucking &amp; it would also increase trucker profits.  Their new system can uniquely operate on conventional railroad tracks that have been cheaply adapted to Maglev. So our rail commuter systems could greatly reduce the electricity and maintenance costs. Greece needs this system.  A big plus for the US, the system would save Americans about $1,000 annually in reduced travel &amp; freight costs.<br/>We could cut the highway fatalities and injuries in half saving nearly a Trillion $ per year.",0.8721
24,"Want to drink &amp; drive?  WI is more lenient than others (the State government is heavily supported by a special interest group).<br/>Read the morning papers.  If you're going to drink, get a designated driver, or use Uber or Lyft.  ",0.8655
25,I'm sure guinea pigs help but I suggest you try HORSES!   At GallopNYC we work with hundreds of NYC kids with ASD and find that horses help calm them and build real skills - including speech and communication.   ,0.8516
26,"If anyone is ""OMG; I am shocked! How surprising"" about any of this that person is a socioeconomic idiot.<br/>In the late 1960s / early 1970s we had the merger of PRR with NYCentral, forcing them but that marriage to append a bunch of looser railroads (most in New England, of course) - or forget the merger. Those of us older than 50 know what happened with Penn Central; giving us those high subsidied Conrail and Amtrack. It is not a monopoly if the government owns it, essentially, is the mindset.<br/>Next we get always, in all ways, greedy Boeing gobbling up every small airline manufacturer and the government, still, subsidizing them (Ex-Im Bank). Though no one is supposed to know that.<br/>Then we get AA shotgun marrying USAirways and that is suppose to give the passengers lower fares. Huh? In what world?<br/>And why weren't prices lowered as fuel prices hit almost bottom?<br/>I agree: the days where airline traveling was pleasurable, only a cell in one's memory banks for those of us who lived and experienced it. I am so glad I do not rely on traveling long distances as I did in, what became nostalgically termed ""the Jet Set"" age.",0.8488
27,"And now United has cut way back on the amount of flight miles that will accumulate in your Mileage Plus account.  Seems United/Continental used to credit 100% of flight miles to your account.  Starting this year, it appears that they only apply around 40% of flight miles if you fly economy.  Now, it appears, miles are determined by the cost of your ticket not the actual miles flown.<br/>Further, based on my present amount of travel, it will take another approx. 5 years to get to 50,000 miles which seems to be needed now for a round trip award in the US and my present miles are due to expire in 2016.  What a sham. ",0.8481
28,I love the calm snarkiness of this essay and it went right over the heads of some making comments here.<br/><br/>If there is ever a moment where I am made to feel like a consumer it is when I have already bought a ticket and am waiting to board.  Everyone has been assigned literally several different levels of gold and silver status.  It is hilarious and sad.  I dont take it seriously since the costs of tickets is absurd anyway.,0.8449
29,"Best headline I have EVER read. Seriously!! Someone actually named ""Wiz Khalifa"" got arrested for flying around in one of my all-time favourite pieces of movie magic memorabilia. a hoverboard from Back to the Future, inside a US airport. Wow. My generation may not have had the moon landing but we do get our share of excitement let me tell ya.<br/>In tomorrow's news: Frozone Dumbledore arrested for refusing to turn off K.I.T.T.'s Super Pursuit Mode on interstate.",0.8374
30,"Inconsiderate means not considering others. Sure, it's more comfortable --- for YOU --- to sit with your knees apart; but it's not actually necessary, and it shows a lack of consideration for others.  Not taking up more room than you need is considerate.<br/><br/>(How would you like it if everyone felt free to pass gas in a crowded subway car?  That's natural, too.)",0.8345
31,"I am a long-time taxi user who recently began to use Uber, which has indeed built a better mousetrap:  faster, more convenient booking, better service and lower fares.<br/><br/>Having said that, Uber is indeed running a taxi service, it should be regulated as one (or taxis should be deregulated) and its drivers should be treated as full-time or part-time employees.  Uber regulates all (or most) aspects of the ride, including dispatching drivers via its very efficient software, regulating the conditions of drivers' cars (from what I've seen, impeccable), controlling pricing and billing (again, via its software), and rating and regulating drivers' conduct (via passenger ratings on the software).  Uber has also instituted a very efficient e-Help desk for riders.  I am told by drivers in my area that Uber has pickup policies which drivers must adhere to.<br/><br/>From what I can see, Uber drivers use their own vehicles (as do taxi drivers who have purchased their cabs), and otherwise regulates the conditions of the ride (via software) more closely than taxi companies do. There is no basis for regulating taxi companies and Uber differently, and Uber employees are indeed regulated sufficiently by Uber so as to be considered full-time or part-time employees, based on hours worked.<br/><br/>I understand that reclassification of Uber as a taxi service and/or its drivers as employees might result in higher fares, but that is OK with me.  The point is that Uber is a taxi service and ought to be treated as one.",0.8268
32,"I cannot begin to thank you enough for an article so descriptive, so true, that I knew that I was there.<br/><br/>I lived in Nice in 1966-67, attending college there. I actually hitchhiked to Barcelona on Veterans Day, 1966. My girlfriend and I got a ride from a trucker and, somehow, we wound up in the Pyrenees well before we ever got to Barcelona!! A tiny village, very, very cold.<br/><br/>I could write a book simply about that trip.<br/><br/>Thank you very much. I look forward to reading more of your journeys.",0.8084
33,"And, so what? If you have true dive bar credentials, you don't need to flaunt them. May I add that ever-so-gritty Tim seems to have spent a little time in academia - witness ""signage"" for signs. Signage is the - uh - signage that the writer has been brain-washed by acadajargon. I love Heather's comment. ",0.7906
34,"Note to de Blasio, guess NY State doesn't offer vacation spots that suits you and your families needs, pity, it is a truly beautiful state. NYC on highest alert and you decide to pack your bags and head for the hills, do us all a favor......stay there. ",0.7783
35,"Instead of lobbying to keep Uber under control in NYC, the taxi union and its supporters should spend $2 million on an app and competing system, give it to every medallion driver, have the functionality we all love in Uber (digital hailing, stored payment options, driver ratings, driver map location tracking) and then see who wins on equal footing! Stop crying and start competing. It really isn't that complicated!",0.7772
36,"There was an armored truck stationed on huge stilts with a lookout cage, around the corner from my house in Washington Heights recently. They had routed out a rather vicious group of drug dealers after a street war which awakened me in the middle of one Sunday night. No one has ever complained about the police on that occasion. The street is quiet again and sanity has been restored. The policemen and policewomen showed class, restraint and style. Stop and frisk was a bust though, but now I understand better how incredibly helpful they can be as well, and also I'm not a cop so I'll keep my opinion to myself. ",0.7743
37,"I would beg to differ. The Mercury Cougar was Motor Trend magazine's Car of the Year in 1967. I owned one with a 390 ci V8 4-speed and it hauled. It was beautiful, mean but elegant, and much more than a ramped up Mustang.",0.765
38,"Fortunately, Alaska Airlines still gives frequent flyer credit for Delta flights so I can bank miles with Alaska whenever (as a last resort only!!) I am forced to use a Delta flight.<br/><br/>Alaska is an infinitely superior airline compared to Delta.  They actually have customer service and treat you well - something Delta stopped a long time ago.",0.7639
39,"Colorado is my favorite tourist destination, whether for the Rocky Mountain scenery, the skiing, and the friendly people and ambiance. Signing up for my next Colorado ski trip soon!",0.7574
40,"I don't understand this. I don't see how this new size helps anyone in any way, especially reducing the height. All this will do is leave 2"" of open air over your bag in the bin. Now - if they were to JUST reduce the width by an inch, that might indeed allow for 6-12 more bags per flight, so I would not terribly mind that change.<br/><br/>But - they should enforce the existing sizes first.",0.7571
41,"I suspect the first thing Joe would do is to get his old Lionel set out of the attic and set it up in the Oval Office.  Maybe run off a few spur lines to other parts of the White House.  Then he'd get down to business.  The business of trains.  Joe knows that the great majority of cities and towns are not served by Amtrak.  Heck, they aren't even close to any tracks!  Well Joe would change all that.  He'll add a couple million miles of track and put a station in every town over 300 population.  That will create all kinds of jobs.  ",0.75
42,"Egan brings a sense of perspective that is badly needed in Washington and the TV editorial rooms. Misplaced fear is matched by misplaced trust, and as a society we need to learn how better to incentivize (reward) and popularize those who take concrete steps to improve the common good. That would help recalibrate our moral compass. (Now, excuse me while I try to cross this dangerous pedestrian crosswalk on K Street in DC where red-light runners are never ticketed.)",0.7488
43,I am half a century old and was born and raised in the US.  I've never known anyone who owned an armored truck or even a Hummer.  If there is a love affair it is well hidden.,0.743
44,"Nice.. But how to change the intro line?  Maybe ""I would so appreciate it if...""?",0.7267
45,"They are EMPLOYEES. End of story. Uber owners earn billion on the backs of their drivers. It is a SHARING economy, is it not? Then share your wealth, your crooked Uber billionaire-owners ! ",0.7129
46,How absurd. Trump's appeal is the same as a pile-up on the freeway. His interest is gleaned only from the rubber-neckers. The Republican party deserves him as its nominee.,0.7096
47,Today's cars are filled with frivolous junk too. Tell me again why a push-button ignition does anything positive when you need the key fob in your hand or pocket; were people complaining about finger strain in putting that key into the ignition? ,0.7003
48,"Reminds me of a long poem by Kenneth Rexroth.  He an American GI in England, bound for Dday and the war; she just going down to London, on one of those charming English branch lines.  They make eye contact, get off at a local stop, make brief passionate love in the baggage room and then board the next London train.  Tout ca change.....",0.7003
49,"Yes.   I've flown Uzbekistan Airlines--added safety never hurts. Our baggage is weighed, our carry-ons are measured.  Why not put a limit on weight and size for passengers?  Let it be generous, but it's been done on small planes for a long time.",0.6885
50,"The airlines have have turned their FF miles programs into a ponzi scam. I also find it offensive at how they now rub these programs into non elite passenger faces at boarding.  I realize there will always think they are superior and deserve better treatment, but what the airlines are doing brings us each day closer to rail passage in India.  While we do not have third class, the seats are now so closely squeezed together that anyone over 5'8"" is in trouble on a long flight.  In the last 20 years, flying has gone from something to look forward to to something to get through and hopefully in one piece and with luggage.  I have cut my flying as much as possible.  Any distance that isless than a ten hour drive I now fly or take the train and I use video conferencing as much as possible.  All the joy is gone in the air. ",0.6875
51,"Another one to add to the list:  ""The Camp""  a weekend-long classic summer camp for adults located in Coastal CT. Set on a beautiful property with over 750 acres and a mile-long private lake, activities at The Camp include: sailing, paddle boarding, zip line, ropes course, arts &amp; crafts, competitive hammocking, cooking, farming, yoga, hiking and much, much more. The Camp runs Aug. 21- 23, 2015. Check it out: <a href=""http://www.thecampforadults.org"" title=""www.thecampforadults.org"" target=""_blank"">www.thecampforadults.org</a>   transportation from NYC/ Boston available ",0.6808
52,"Here's Kris Trexler's website devoted to The Edsel Show: <a href=""http://www.kingoftheroad.net/edsel/edselshow1.html"" title=""http://www.kingoftheroad.net/edsel/edselshow1.html"" target=""_blank"">http://www.kingoftheroad.net/edsel/edselshow1.html</a>. Additionally the Edsel logo looks mighty attractive: <a href=""http://www.smcars.net/attachments/edsel-jpg.124258/"" title=""http://www.smcars.net/attachments/edsel-jpg.124258/"" target=""_blank"">http://www.smcars.net/attachments/edsel-jpg.124258/</a>. ",0.6808
53,"I would feel safer with these cars on the roads than with the many distracted/under the influence drivers I deal with every day. With more and more people texting while driving, accidents will only go up. I also think self-driving cars will be a wonderful thing for people with disabilities that prevent them from driving. Think of how much more independence they'll have!",0.68
54,"I'm reasonably certain this trend will cause more resentment than customer satisfaction. It will tend to drive customers first to other airlines, and ultimately to Amtrak and private vehicle road trips – or to outright avoidance of physical travel in favor of virtual presence. Airlines have become the cable companies of the transportation industry, and anything that looks like cord-cutting will find a willing market share.",0.6712
55,"Just curious as to what the Chamber Of Commerce's reaction would be if someone lit up a cigarette at their next board meeting.  <br/><br/>And if these health care executives have such little influence on the board, what is the point of sitting on the board in the first place? ",0.6705
56,"Thanks for the canoe. I'll make sure my descendants in 50,000 years get it. ",0.6369
57,"American, United and Delta don't care about their customers. Fly Southwest. They reward loyalty. United is the worst on the planet. Delta does a good job during the trip, but gone from sight, gone from mind. American is behind with an old fleet and angled business class.",0.6106
58,"""My main point was, ""We don't have a 'long haul' open to us right now"". ""<br/><br/>True. Everything goes faster and faster, constantly faster. Sooner or later we've got to trip on ourselves in our rush. This looks to be an example. A big change is urgent, but is treated as an interesting topic for endless conversation without real action.",0.6059
59,"I need tracks for my car. It costs about 10k per year to join a track. Those are private. And, yes, I do need roads to get to the track.  ",0.5994
60,"My aunt worked for Eastern Airlines for 30+ years, and the Connie was her favorite plane.  I always think of her when I see a picture of one.  Thanks for posting it!<br/><br/>and orangutans are skeptical of changes in their cages. . . .",0.5983
61,"I completely understand when someone has a general dislike for something. I personally have a general dislike for loud motorcycles, loud music, toe shoes and a few other things... I don't however go tell people riding their motorcycles, listening to their music or running in their ""shoes"" how much those things bother me... Yet, if someone is flying a drone legally in a public place, it's someone not rude to do just that. What about actual air traffic? I've been many beautiful tranquil places when a tour helicopter comes flying by at a low altitude.  Everyone is different and enjoys experiencing things in different ways. The people in that helicopter are getting the view of a lifetime, and I appreciate that and am happy for them. I personally have hiked my quadcopter to places similar those mentioned in the article and in the comments and have taken video and stills that have been featured all over the world. I don't fly near people and have spent hours waiting for people to leave so I wouldn't disrupt their experience. Honestly if the sound of a buzzing drone bother you that much, you should look into a career as an audio tech because at 100ft the drone mentioned by Stephanie(Phantom) is hardly noticeable unless you're really focusing on it. <br/><br/>There are responsible drone operators out there and there are irresponsible ones as well. Unfortunately the few irresponsible ones are making a bad name for such a new and powerful hobby. ",0.5967
62,"I wouldn't mind if this was for an international flight, but is within the US I hope they fix this soon because I'm about to flight within the next 3 months.",0.5927
63,"When i first moved to NC in 1993, i frequently saw guns racks in the back of trucks. but this  comment reminds me I have not seen any in years. Does that mean there is hope for sensible behavior or perhaps I am not on the road when the hunting season is on?",0.5927
64,Wow he shot the fellow before the car moved.,0.5859
65,"No, but you see roads and schools named after Henry Ford, a notoriously<br/>outspoken anti-Semite and friend of Adolf Hitler.",0.5719
66,"Train service was probably more luxurious then as in those pre-airplane, pre-interstate highways days it was pretty much the only way to go from one city to another.<br/>However, as far as cost the 20th Century Limited was a luxury train and only the affluent could afford it (there were slower, less expensive trains for the masses).  I'm sure a ticket on it then was more expensive than the inflation adjusted cost of an Amtrak ticket now.<br/>Also, even taking into account the recent Amtrak crash, train travel now is markedly safer now then it was at the beginning of the 20th century.  Deadly train crashes then were a frequent occurrence.",0.5719
67,"Oh, yep, you got me there. Always hated bumper stickers since the days (I hope they're done) when tourist attractions went through the parking lot sticking them on your bumper just because you were in their parking lot...<br/><br/>I saw a classic sticker-covered van last week, one of the stickers was the flag of New Zealand. But it was on upside-down. I was upset that they didn't know the difference, until I thought about it a little more...and then laughed out loud.",0.5653
68,"It was interesting to read a New Yorker's  take on a road trip in the Rocky Mountain West, even such a brief one.  They obviously entered Yellowstone at the NE entrance, after dark, and breezed past the Yellowstone Institute's Buffalo Ranch and through prime wolf-viewing country and many other scenic wonders to arrive at the hotel.  It is a shame that they didn't wait until morning to make that drive, and I do hope they go back.  No. 1  suggestion for next time and for your readers:  Take a class at the Buffalo Ranch and enjoy staying in one of the least-crowded places in the Park.",0.5423
69,"Scott Wilson: read the comments and educate yourself. The issue is not that there is ID, the issue is that Tx is making you have LOADS of ID to get one- WAY more than other states. My mother is white and 4th generation. She does not need Ted Cruz to make voting tough if she needs an ID after a Tx driver's license. ",0.5423
70,"Amazing how quickly they jump to conclusions nowhere stated in the article: that he had a PD, that the lawyer was incompetent, that he is in fact innocent.  And then they go off at me for jumping to conclusions!",0.5255
71,I almost forgot the following factoid.  The 1999 Tour de France came through the area and we  luckily experienced it while souvenir hunting.  This was about time Lance Armstrong was coming into his prominence.  Sorry about the reference... but we have not missed a race since 1999.<br/>Franche-Comte (profunde) will remain upper-most in my French travel experience.,0.5158
72,"We've all been captives and didn't realize it until Uber arrived. Instead of wondering if I'd be able to hail a taxi, or if the driver would give me attitude because my destination wasn't on his way home, I now summon a car whenever I want, I know the rating of the driver, I can use my stored payment choice, and I receive a digital receipt with the map of my route and info on how to immediate contact Uber for any issues or concerns - or compliments.  ",0.5106
73,"In 1995 I was in a rookie broker training program sponsored by RBC in Toronto. The instructors used several analogies - ice breakers - to convey a sense of behavior that investors often hold fast. One allegorical story stood out. An Admiral of the U.S. fleet flag ship with a carrier was sailing toward Newfoundland in the north Atlantic. The 2IC hailed the Admiral and recommended the flotilla adjust course to avoid a small vessel ahead. The seas were rough and fog set-in as dusk approached. The Admiral declined his adjutant's advice and said, ""The U.S. Navy doesn't change course for a small vessel. Hail the vessel and tell it to move out of our path.""  The long and short was that the response from the Canadian 'vessel' was ""we will never change location, adjust your course to avoid collision.""  The Admiral was irritated and replied: ""Attention, we are a fleet of the U.S. Navy and we will not change course, if you do not adjust your course we will take defensive tack and possibly sink your vessel."" The Canadian replied with a noted Newfoundlander accent: ""Do as you wish Sir, but you should know that I am sitting in a Lighthouse on the rocky shores of Newfoundland and if you don't change your course you will be joining me for dinner in about 10 minutes.""",0.5106
74,"Excellent and spot on opinion piece, thank you.  Many commentators here suggest congestion pricing and East River tolls which are not bad ideas.  Here's the problem, though:  folks who get our of their cars to avoid these fees will now be using our bursting-to-the-seams, completely falling apart mass transit system.   What will we do then?",0.5035
75,"I thought Uber X was a great thing when I first heard of it and it seemed a bit like eBay:  a means for ordinary car owners to make extra cash in down time  and a less intimidating, more casual hired-car experience for younger riders who probably wouldn't think of using formal cabs yet.  I'm a firm believer in the importance of the velocity of funds and I saw Uber, Lyft etc. as a means to increase that velocity with a host of new fare-paying riders.  But then Uber started its price war behavior to try to run the competitors out of business, at the expense of its own drivers who received grossly inadequate compensation for their time and wear and tear on their vehicles.  I felt like I was cheating these folks if I used their services.  <br/><br/>My cab experience is based upon Los Angeles.  I've used cabs here fairly extensively for at least 15 years.  The drivers can be a mixed bag in terms of personality but they are generally a good deal more competent than the average Los Angeleno behind the wheel.  Fares can be high but that's a function of the sheer sprawl of LA.  If you use them a lot, you get into their system and the resulting service can reward customers with a positive record.   I figure the cabbies are already struggling to live in this expensive city;  expecting them to provide their own cars and collect lower fares is shortsighted.  The mentality behind this invites a deflationary spiral in the entire economy. ",0.5006
76,Save your pennies and do it - there are many parks not too far away from you in Illinois which would serve the purpose of hiking in the wilderness.  ,0.4939
77,"My Native friends at Fairbanks HS told me that they called the mountain McKinley and did not know where the name Denali came from, as it wasn't a word they knew.  Perhaps they weren't as well versed in Native culture as you are.  They were Athapaskan, as was a native girl who lived with my family for several years. We could see the top several thousand feet of the mountain from our back yard, shades of  Sarah Palin.  Koyukon is Athapaskan, BTW.  Dina or Dineh just means ""the people"" in Athapaskan.",0.4742
78,"I'm betting you and your friends didn't take your rabbit-hunting rifles to church with you. I'm betting you had the sense to leave them in the racks on the pick-up trucks.<br/><br/><a href=""http://politicsbyeccehomo.wordpress.com"" title=""politicsbyeccehomo.wordpress.com"" target=""_blank"">politicsbyeccehomo.wordpress.com</a>",0.4404
79,"I understand neither the romanticizing of these deaths nor the dismissals of them. I'm a climber, way past my days of glorifying risk, farther past my days of thinking I'd be ""known"" for it. But for most of my life it was something I loved, just as others love boating, hiking, riding a bike, skiing, or anything else.<br/><br/>Some activities entail risks. People die every year in Yosemite—most of them hikers. Yet as the article points out, these are the first base jumping deaths in the valley since 1999. Why the Russian roulette analogies? Or the ""serves them right"" attitudes?<br/><br/>These men aren't martyrs. I get that their energy was not spent in any obvious way serving humanity. But if you talk to members of the climbing community about Potter, you'll understand the emotions a bit more. Potter was a visionary and a leader; a figure people in his tribe looked up to. Not Muhatma Ghandi, but still a beacon of possibility—of a life lived with passion and intensity.<br/><br/>And a life lived with a sense of darkness. In interviews, Potter acknowledged that some of his obsessions were unhealthy. He did not romanticize the risk so much as resign himself to it. I challenge anyone to watch online point-of-view videos of wingsuit base jumping to not empathize with this. You will see what it's like to fly like a bird. The first time I watched I laughed uncontrollably just from the vicarious adrenaline. I can see getting hooked, even it were more dangerous than the statistics suggest.",0.4364
80,We are on a roll...what about Citizens United?,0.4215
81,Because they pay nothing for a Medallion and are allowed to do virtual street hails. Let taxis do that and they'll drive a Lexus and hand you chocolates too. ,0.4215
82,I liked the part where they all showed up to the debate in one car.,0.4215
83,"My understanding is that senior NCOs run the military. Officers merely tell them what needs doing.<br/><br/>Thank you for your service, Chief Master Sergeant.<br/><br/>Something up your alley:<br/><a href=""http://www.2951clss-gulfwar.com/photo_gallery/index.php/A-10-790181"" title=""http://www.2951clss-gulfwar.com/photo_gallery/index.php/A-10-790181"" target=""_blank"">http://www.2951clss-gulfwar.com/photo_gallery/index.php/A-10-790181</a><br/><br/>""Wheels up, hard stick landing after being hit by a SAM. Everyone said it couldn't be done, including the Flight Manual's and Tech Orders... pilot Capt Rich Biley proved'm wrong on 22 Feb 1991!""<br/><br/>Susan (nee Rich) Biley now flies for a major US Airline.<br/><br/>Trans women and men have always been in the military, serving their country even though their country hasn't treated them very well.",0.4186
84,"Bumpy, yes, &amp; Bette would remind us to fasten our seat-belts...",0.4019
85,"Interestingly enough this jockey never used his whip in all three races. He just rode the horse. It's part of what makes this horse special. I understand your sentiment, but this horse just simply went out and ran, and the jockey just held on.",0.4019
86,"Race horses are nuts. I worked in a stable. The folks that own and train them are nuts. Jockeys are insane. Horse players die broke.<br/>I worked at Delaware Park in the sixties, attended the U of Delaware with Joe Biden.<br/>I've seen hundreds of races. Saw Kelso once.<br/>That horse was cruising the whole way. He looked like he was enjoying himself.<br/>Good animal, good trainer, good jockey.<br/>Don't get that often.",0.4019
87,"The obvious solution is for police officers to carry rocket-propelled grenades.  See someone driving with a burned-out tail-light, or even worse a missing front license plate, the officer could just ""light 'em up"" as the sociopaths like to say, at a range of up to 200 meters.  Then they'd be safe as houses!",0.4003
88,"If you keep up on the hacking discussions, you should realize that 'bulletproof' is impossible. <br/><br/>It's rather like making military vehicles 'proof' against roadside bombs. ",0.3612
89,"When she jumped on the 'blood' band wagon, I was done with her. Her, Jeb and the other RINOs can have a cozy little party together.",0.3415
90,You forgot to mention joggers and skateboarders as well!,0.3382
91,Ah yes....the 'death trap exemption' granted to special corporate manufacturer interests because basic safety features would cost too much.<br/><br/>Life is cheap for organized corporate criminals.<br/><br/>Seat belts and air bags belong in all passenger vehicles.,0.3182
92,"Figures Blasio has not done anything to help these people, especially when his main concern is getting rid of th carriage horses in favor of some stupid electric vehicles in exchange for votes.  What a liberal!",0.3164
93,"Thank you for this important distinction. And, or but, any columnist who defends Geller's First Amendment right without at least acknowledging that the ads walk right up to the line on incitement if they don't actually cross it (after all, who gets to decide on when someone has crossed) is doing a disservice to the First Amendment.  ",0.3071
94,"Ok, so they made few mistakes.  Big deal.  They got the number of traffic tickets Marco Rubio's wife got in the last 15 year.  Yeah, they nailed it.",0.296
95,"I would like someone who will avoid the geese, if possible. But more importantly, I want someone who knows what to do when a collision with geese happens. Give me experience over youth.<br/><br/>And let's give a shout-out to Sully's co-pilot, Jeff Skiles, who was 49 years old with 20,000 flying hours of experience. ",0.2862
96,"Well, what makes you think self-driving cars will be infalliable? ",0.2732
97,You don't have to pay that much. My daughter and I got $77 seats in the mezzanine and they were just fine.,0.2723
98,"So the other day when the geniuses in Congress were arguing about the highway trust fund, the Republicans opined that the federal government should perhaps not be in the transportation business and should leave it up,to the state's. I guess they have never driven on an interstate. What Governor Christie has done illustrates why the federal government needs to be more active and put more pressure on the state's to maintain and improve infrastructure. I regularly rode those trains and drove New Jersey highways over 25 years ago and I thought there was a problem then. I am sure Christie is listening to his supposed base, who sometime comment on these pages, about how they should not contribute to train infrastructure but the rest of us should build a road through Montana with federal taxes.",0.2617
99,"Fly Southwest if you can. They are as transparent as possible. No hidden charges.<br/>Never fly Delta again, unless you like being treated horribly.<br/><br/>If enough people do this, Delta, Spirit, Frontier and the rest of the inept crooked airlines will change or perish.",0.25
100,"One of the big life's decisions is to find the path which will make you a better person? Sorry! You are wrong Mr. Brooks. That is completely out-dated. Currently, the  big life's decision is the path which will make you a very wealthy person fast even if unscrupulous.Just look around. Everybody is on that crowded path, the 1% on the fast lane. No one is untouched!",0.1722
101,"completely agree. I fly SW whenever possible. when I fly those other airlines (full disclosure: I was gold elite on Continental for 10+ years) it seems they have never flown before - uncertainty, delays, strange facial expressions, haplessness all around. ",0.1603
102,"You really know nothing about horses. There's much to decry about horse racing but if you think these animals are being 'forced' to run, I go back to my first sentence: you know nothing about horses.",0.1154
103,"Capt. Sully Sullenberger quotes show a man who values people over the current approach of aviation management of longer hours, work rule destruction and pensions gutted by bankruptcy.  Based on Clint Easwood's performance at the G.O.P. presidential convention, they do not seem simpatico.  Only one is a gentleman, so this collaboration will be interesting.  <br/><br/>Clint Easwood is a talented man, but he showed who he really is with the profane performance with an empty chair.  ",0.0772
104,"Want to know how South Carolina would remove the flag in five seconds?<br/><br/>If their mainly EUROPEAN Automotive plants (Mercedes, BMW, Volvo, Michelin, Continental, Bridgestone) told them to, that's how...",0.0772
105,"The nightmare of riding the subways is the people you have to ride with.  It's like being in a third world country.  No one has any manners, including the personnel.  I feel menaced riding it.  People stand in the doorways just DARING you to ask them to move.  We've all seen the Youtube videos of people fighting and yelling.  Those are not isolated incidents.  If I possibly can, I'll walk.",0.0759
106,"Have hated those areas since their inception. Times Square completely lost its character. It's nothing but a few empty spaces with chairs and tables, a cheap imitation of Rome or Paris, without the history, surrounded by glaring neon billboards and giant streaming commercials. And I do not believe for a minute that they have eased traffic. ",0.0751
107,You forgot the Welfare Queens driving Cadillac's and buying houses they could not possibly afford as drivers of America's Domestic fiscal problems.<br/><br/>The network of right wing lies is truly pervasive and global.,0.0258
108,"The best, most important thing the independent, established car services could do is show up when they say they're going to show up.<br/><br/>I had been using various traditional car services in Brooklyn for years, before Uber, before the green taxis, and always booking via telephone.  I don't know if it's coincidental, but as soon as we got more choices, the call-for-service livery cabs started failing to arrive for pickups.  I understand ""5 minutes, 5 minutes"" is sometimes 2 minutes and sometimes even 10 minutes, but it should not be never.<br/><br/>Oh, and Uber finds green taxis for me for 2 bucks a pop.  The 2 bucks is worth it.  The green cabs show up.",0.012
109,"No wonder the wealthiest, who control every facet of the internet and the regulatory agencies, are getting more profit-bloated every day.  The article says, ""A traveler might assume that hotels could offer lower rates to guests who book directly. But generally they are barred from doing so, both by their contracts with the online booking sites and by government regulators that enforce price transparency for published rates.""  Independent and socially responsible hotel chains should get some courage and drop out of the online booking agencies (soon to be agency) and stop this price control through market manipulation.  I independently traveled in nine countries in Europe for two months earlier this year, depended on Expedia and Priceline to book hotel rooms as I went and paid way too much for poor or mediocre rooms because I was traveling on a 3-star budget and got 1-star lodgings for the money I had.  Tour groups are now using the online booking agencies and gobbling up all the decent accommodations with workable rates except the small chains and mom and pops who don't use online booking.  Next time I travel I'm going to figure out how to find moderate chains and reasonable mom and pop accommodations and have a much more enjoyable trip.     ",0.0102
110,In mid-June United left hundreds of passengers sleeping on the floor of the Houston airport because it would not hold outgoing flights for its own delayed incoming flights. ,0.0031
111,"So, now the Republicans are making mountains out of potholes?",0.0
112,"Google cars are constantly driving around San Francisco, San Jose and all the freeways in-between. Mercedes has had its driverless car rolling around S.F. Delphi just recently tested a highway driverless system that drove an SUV from San Francisco to New York (via El Paso and Washington D.C.). ",0.0
113,"his vows, his lookout. ",0.0
114,Exactly. You can tell most of these commenters have never been in a locker room environment in their life. ,0.0
115,Since when is a driver's license proof of citizenship? ,0.0
116,"I wonder I'm related to this guy.  He must have the same parallel parking gene that I and my wife have (and therefore our kids have a double dose of it).  Those with this gene can park in a space smaller than the vehicle while those without it can't get into a space twice as big without numerous tries, if at all.",0.0
117,Those who have a beef with this name reversion are making a mountain out of a mole hill.,0.0
118,This is strange.<br/><br/>I haven't possessed a front plate on my BMW in 3 years of ownership in Cincinnati. Previous German cars never had an issue of never having a front plate. Ever. And I know they all see it. <br/><br/>Odd he would get pulled over.,0.0
119,does this mean they are finally going to address aerosol spraying from aircraft?,0.0
120,Can you imagine if a black man walked through the Atlanta Airport brandishing a simi-autimatic. Look how they treated a 12 year old boy with a toy in Cleveland.,0.0
121,"Maybe if the airlines did not charge for the first checked bag, more people would not be stuffing as much as possible into their carry-ons and that would eliminate the need for people to buy new luggage to accommodate the smaller space.  The whole situation has gotten out of control.  ",0.0
122,"Most, if not all, horsemen consider Slew to have been a tremendous colt and horse.",0.0
123,Car could have been her husband's. ,0.0
124,Delta flies flight #2136 from Atlanta every day of the year from Atlanta to El Paso.  Check your facts.,0.0
125,"@ BKNY, NYC<br/>He can't make it...he's still under the bus.",0.0
126,Spot on!,0.0
127,"I don't use Delta air miles because they are the only US airline who still agrees to transport hunted trophy animal parts as cargo. Wouldn't fly them in a million years, no matter what the perks. ",-0.0772
128,"Sorry, Elan Musk already been there, done that. You too can have a Powerwall hanging in your garage to charge your car, run your house, whatever.",-0.0772
129,A motor vehicle is normally operated with both hands of a driver. The wheel is in plain view. If you are stopped by a police officer and he or she has to tell you to place your hands on the wheel then go ahead and experiment all you want but they are already preparing to survive you.,-0.0772
130,"Point of law, split decision?  I'm trying to get it all together.  I think it went like this:<br/><br/>Mr. Greenberg -<br/><br/>1.  I'm not responsible for running over the children and old ladies, because I jumped out of the car just before it hit the victims.<br/><br/>2.  And therefore, the government had no right to tow my car to the scrap yard, so you owe me a shiny new Caddy.<br/><br/>And the Judge said -<br/><br/>1.  Your brown paper bag was appreciated.<br/><br/>2.  But it didn't weigh quite enough",-0.0852
131,"In the spirit of Today's Brooks opinion, maybe we could also talk Time travel. We could travel back in time and stop the Vampires who took over the US in 1980 after Reagan election.<br/>Vampires (Wall St) whose daily meal is the 99% Blood , and who owe their  immortality to Politicians in Washington who will always find a way to bail then out.",-0.128
132,No airline has ever lost my overhead luggage.  The more space the merrier.,-0.1372
133,Death row is not meant to be pleasant.,-0.1531
134,Let's stop propagating a myth that Ms. Bland made a lane change without signaling. She was acting as a good citizen and was quickly getting out of the way of a speeding police vehicle.  The police used this as an excuse for giving her a ticket for an action he had precipitated.  No one gets ticketed for getting out of the path of an emergency vehicle..unless you're Black!,-0.1759
135,"Wrong!  When I was switched to Zocor from Mevacor, I thought that I was getting dementia.  I pulled out of a parking place and forgot which side of the road I was supposed to drive on.  I was going to work, zoned out,  and ended up a a job I had left three years earlier.  I felt like I was in a fog.  I switched myself back to Mevacor and the fog began lifting within the next three days.",-0.2244
136,"There is nowhere, anywhere, in 44 years of driving, across the country, that anyone drives 5mph.<br/><br/>5mph below what you want, is another thing.  I think that's a tad more likely the right description of your older relative's driving - no?",-0.2263
137,"I don't care which way they vote, as long as they are legal citizens who have proven they have a right to vote.  If those who approve not having to show identification then we should stop requiring ID to board a plane, purchase firearms, purchase alcohol, cash checks, open bank accounts, apply for social security and welfare, etc.",-0.233
138,there's going to be a shortage of claw foot bathtubs,-0.25
139,Thanks for reporting on this latest front opened in World War T.,-0.25
140,"Mass transit, such as in Japan and places in Europe, offers all that, and at a much lower cost.  ",-0.296
141,"Not all overhead space is available for passenger use. The crew uses some for equipment, etc. So, using your system, bulkhead seats would be allowed NO carryons, as those bins are frequently allotted to the crew, and there's no seat in front. That said,  it is considerate to stow your bag as close to your seat as possible.",-0.3034
142,You have to be nuts to walk without a helmet. Or drive.,-0.3182
143,". The self-driving car will save more than 10x the number of lives<br/>  there have already been accidents with Google's self-driving car and the problem , like anything automated is only going to get worse. Pure fantasy and a tragedy  in the making.<br/>"" It is my hope that my children will never have to learn to drive a car. ""<br/> mine as well.",-0.3612
144,"his light has been dimming since he won in 2012. his main base blacks do not like or trust him, his own party on the liberal side have turned the light off a long time ago. he is carter  78 riding out the months he has left till being replaced. a wasted 8 years with allot of damage left for others too clean up! he is carter redux just without the billy beer and i am sure no habitat for humanity building in his future, maybe wave riding with the shroom gang with ss men along for the ride!",-0.381
145,"Though in fact I think what you propose is a good idea, I must point out that Mr. Frauenglass's walking through the wilderness, and even someone's littering, is not going to get anyone killed.  Shooting guns out there already has done.  That's why it's not a simple matter of a person's ""right to use the space"".",-0.3968
146,New York will lose seats too.,-0.4019
147,And many more people falling for it. Striking how no one seems to want to touch that apparent third rail. ,-0.4173
148,Why are you so quick to react to empty media-driven gestures of propaganda?,-0.4215
149,"Yet another ripoff, and in a neighborhood that's still dicey in the safety dept. Culinary chutzpah &amp; greed await the suckers who trek out to Bushwick.",-0.4215
150,"I would never want my kids on a Razor Scooter to be in the street. The Scooter can not gain the speeds that someone on a bike or skateboard can. Most kids on scooters are younger as the size of the scooter is hard for an older child to handle. My teen is way to big for a scooter these days, but would fit easily on a bike or skateboard. A kid on a scooter would be hard for a car to see. Now kids on scooters need to understand that pedestrians do have the right of way, and they should just learn not to be rude. <br/><br/>The biggest problem we had with scooters was broken bones - from falling off.",-0.427
151,"Total waste of time &amp; effort. They own the pipelines. It won't matter who your carrier is, was or will be. All of our data is flying around in COLO space.",-0.4356
152,"Oops.  Did you notice that the word ""automobile"" has a French sound to it?  That's right;  it's a French word.  While the Germans originated many of the raw mechanical inventions that make up an automobile it's the French who embraced it first.  Who fought against the automobile at that time?  The British.  They imposed stringent speed limits, only ""relaxing"" the limit to 20 mph in 1903 and retaining that limit until 1930. ",-0.4515
153,"Now airlines do not allow passengers to select seats when they purchase their tickets about 30 days in advance.  With no competition in sight, GREED is taking over.  Next thing, they will be charging passengers for using the laboratories in airplanes.  I really hope Syracuse brings more airlines that fly to Atlanta directly.     ",-0.4777
154,"Lynching is back in effect in America.<br/><br/>And like someone else said, what is up with a university cop pulling someone over for a license plate violation?<br/><br/>What is the protocol for someone not getting out of a car?  It can't be shoot to kill.  And why would he have to get out anyway?  This is because the driver was a Black man.<br/><br/>Lynching has returned to America.  Or has it ever left?  I remember what happened to Eleanor Bumpers back in the 80s.",-0.4809
155,"I hate horse racing. It's a cruel practice - not even going to call it a sport. The animals have no say in this. They are in danger from the moment the gate opens. There have been too many unnecessary deaths. Images of horses being put down on the track are horrifying. And for what, so rich people can enjoy themselves and people can gamble. I hope all the horses racing in today's event make it down the track safe and sound. ",-0.4911
156,The virtual Bank must of course<br/>At the back have a virtual Horse<br/>In the course of a day<br/>A thieving Banker may<br/>Pack saddle bags with no remorse. ,-0.5106
157,"There is a vast difference between heroic and foolish, between admirable and idiotic. Listening to these guys whine about being cold and hungry, ""crossing the line"" of the undue able,  yet being drive by ""bravado"" to do this type of claiming places them firmly in the camp of the foolish and  idiotic, and while they may get some kind of adrenalin rush from all of this it is certainly not the type of activity to be lionize by the NY Times. ",-0.5106
158,"Maybe we don't want to distance ourselves from them.  Do you want to distance yourself from Clinton (BOTH of them), Marion Barry, Chaka Fattah and soooo many others.  You have enough rot in your own log to worry about.",-0.5178
159,"The federal government has a double responsiblity to its citizens to force automakers to insulate their computer systems from remote abuse: first, for the safety of drivers and pedestrians, and second, because if and when a sensational hack forces a major recall and loss of trust by consumers, automakers will come crying to Washington for another taxpayer-to-shareholder handout.",-0.5423
160,Odd that there is no mention of armored stretch limousines used by politicians and CEOs. ,-0.5423
161,"The California Public Utilities Commission ruled long ago that UBER, STASH, and other rogue unlicensed drivers were illegal.  The PUC regulates taxis, movers, and the utility companies. ",-0.5574
162,"K - Deaths from motorcycle accidents are down, due to helmet laws. Deceased motorcycle victims used to be a large source of kidney donations.",-0.5574
163,"Jan,<br/><br/>As far as I know he could get on the plane tomorrow, but he is too afraid.  Seems to me he is not as brave as many have portrayed him.",-0.5667
164,"I was recently pulled over by a female police officer in a suburb with a substantial minority population after going through a yellow light while supposedly talking on a cell phone.  I was not talking on a cell phone while driving my car and I did not have one in my car;  I am a white female; therefore, the targeting of my vehicle would not fall under racial profiling even though there was no visible evidence for this officer to pull me over.  I believe this officer targeted me and many others because they have ticket quotas to meet.  There quotas are in place because communities have lost the general revenue they used to get from residents when they were gainfully employed and paid much more sales and property taxes.  Communities use police ticketing as a way to pay for basic services in communities. I don't think these traffic stops are racially or ethnically targeted  and can fall on anyone who travels through a community where revenue is needed. Residents in these communities whether black or white will probably make up the majority of those ticketed because they live there and are most likely to be traveling the streets.  In fact if I remember correctly the term used to describe these police pull overs was speed traps.  And these speed traps were typically found in rural towns inhabited by whites.",-0.5719
165,I think it more likely that they just take their horror show on the road.,-0.5719
166,"I hope he doesn't get the nomination. He seems to have difficulty thinking on his feet. He projects a Casper Milquetoast (speak softly and get hit with a big stick) persona. Leadership presence doesn't mean everything, but to lack it and not be able to think on your feet suggests the job of President of the United States isn't a good fit. ",-0.5823
167,The idea of returning cars to what is now the Times Sqyare pedestrian plaza is absolutely horrifying. I guess politicians and bureaucrats really ARE quite simpleminded after all.,-0.6115
168,"This study does not even begin to measure the disparity in the stops.  <br/><br/>Subjectively, I've witnessed far more people with dark skin pulled over by troopers with their car doors and rear trunks open, obviously getting searched for drugs or contraband.  I do not doubt that there are subjective rationales that can be provided for those progressions, i.e. 'faint odors' detected by the officer in charge of the stop, 'objects possibly thrown out of the window prior to the stop,' etc.  But, I have difficulty accepting the defense that police 'can't observer the color of the driver of a vehicle,' as some comments suggest.  Because, I can, without using binoculars or other aids.  Troopers often hide out and observe, or pass and hide around the bend.  <br/><br/>Another subjective observation is that I can observe a great many more white drivers traveling at the 'acceptable limits' speed of 5-8 mph over the posted limit that drivers who are minorities.  That is undoubtedly because people of color are rightly much more concerned with being stopped by police and ticketed, often with 'complications,' as evidenced by the study that is the subject of this article.  This would suggest that on top of the 75% greater frequency, there is a natural disparity in 'equal application.'<br/><br/>It is not just a question of individual racism, it is a matter of self-reinforcing systemic and institutionalized racism inculcated within the whole system of law enforcement.  That is the essence of prejudice.",-0.6181
169,"Or there is an abuse of the system like I've seen in ERs in pass in that people come in and sit with families and then all decide 'while I'm here I'm going to get a BP check"" or ""My left leg has been bothering me.""  AKA as piling on.",-0.6486
170,Get real. She or he... whatever... is a killer in an automobile. Put her away,-0.6486
171,"@ mkstewart - those slim slots with the overly tight bungee cord are woefully inadequate to carry anything, much less the size of handbags most women I know regularly carry.",-0.6597
172,"Speeding also can kill.  Have you ever driven above the speed limit, even if just one mile above the speed limit?",-0.6908
173,"As for men being overall less considerate (vs women) of the space they take up on the subway, that is simply not true.  Sure, men are more guilty of 'man-spreading' versus women.  However, women are space hogs in other ways, i.e., putting their bags on the seat next to them, crossing their legs so that their shod foot protrudes out into their standing counterparts (in which instance btw I refuse to accommodate such women's legs and will ask them to please put their foot down!), leaning against poles, etc.  We are so focused on man-spreaders, but I find women who cross their legs just as rude.   I can't tell you how many times I've been 'kicked' by self-centered women who expect everyone on a crowded train to 'make a space' for her and her crossed legs.   Talk about self-centered!",-0.6947
174,"I can't believe you. The article describes exactly what Mr. Dubose did. ""He pulls the door closed and restarts his car."" The officer, who had no right to open the car door in the first place, immediately pulls out his gun. The officer was clearly frustrated at Mr. Dubose's noncompliance, but that should never, ever be a cause to shoot someone. ",-0.6956
175,"Traffic fines are useless, unless they are truly painful and consequential.<br/><br/>Show me a driver who can't afford a traffic fine, and I will show you a driver with a poorly maintained/unsafe vehicle, little or lapsed insurance, bad driving habits, possible alcohol or drug abuse history.<br/><br/>Such driver and vehicle does not belong on the road.<br/><br/>In fact, it would not be unreasonable to require drivers to maintain a minimum positive balance (say $500 or $1000) with the DMV, for the privilege of driving on our roads. That balance would be automatically applied towards temporary insurance if it ever lapses or for traffic fines.<br/><br/>This idea that Americans have a right to drive a car when they can barely afford the running costs (which should include good insurance, good maintenance AND an emergency fund for breakdowns, fines, etc), is ludicrous. <br/><br/>If you can't afford a fine, you can't afford the car. Period. Don't drive.",-0.7081
176,"Oh please, that's a false argument. To argue about the rare situation against the most common is nonsensical. I'd say 99.99999% of accidents don't match your criteria. I'm not sure why the <a href=""http://NYTimes.com"" title=""NYTimes.com"" target=""_blank"">NYTimes.com</a> picked this one.<br/><br/>And I'm sure Sullenberger, as all pilots, used autopilot on a regular basis to avoid fatigue and to use the advantages of computer controlled flight. In no way does that diminish his amazing feat. ",-0.7117
177,"Coercion is counter productive<br/>Albeit for hawks so seductive,<br/>Luckily the Pope<br/>Helped us off the slope<br/>So slippery and so destructive.",-0.7283
178,"What is this conversation with tax dollars?  That's a really slippery slope.  Everyone's tax dollars.  Maybe you can all buy small islands in the south pacific and live by yourselves.  Maybe you can start a tax-free Utopian community.  <br/><br/>Also.  Why do people focus on the legality of this?  When ever did laws equate to right or wrong?  Eminent Domain for shopping malls.  Alcohol legal/marijuana not?  <br/><br/>Isn't this about the fragility of life?  It's not an advertorial for BASE jumping.  Or a staunch opposition piece.  It's an account of two deaths and the surrounding circumstances (seen, perhaps, in a slightly generous way).  It's the story of two men driven by the strongest of adventure and how that frequently ends in death.  Maybe not this jump, or next, but you can't get them all right.  RIP Dean and Graham (and the hundreds of other mountaineers and alpinists who have died doing what people can just barely do).   ",-0.7754
179,"If you cannot AFFORD a family car, then NOT selling it will also lead to disaster -- the car will be repossessed. Or it will eventually need a repair you cannot pay for, and it will stop running.<br/><br/>Your problem (and that of Greece) is not thinking outside of the box (while also at the same time, not accepting the reality of the situation). You cannot afford a car? SELL IT -- use the money to pay bills, or at least provide your family with food and essentials.<br/><br/>Then look for alternative ways to get to work. It is a rare job where you cannot get a bus -- ride a bike -- WALK -- carpool -- pay an unemployed neighbor to drive you -- etc. etc.<br/><br/>Also very likely if it is a nice car, you could sell it, and take the cash to buy a much more modest car -- leaving you with cash left over for bills.<br/><br/>Your problem here is assuming that a CAR is an ENTITLEMENT -- that because you want it (or even need it), you are entitled to have car. That is a false narrative.",-0.778
180,"Lincoln was a trial lawyer for railroads, not a lobbyist. <br/><br/>Railroads burned farms with cinders from locomotives and killed people with a high rate of accidents along their right of ways, and Lincoln made much of his living from limiting payment for these things.",-0.7783
181,"I dunno, But watching dogs on the loose suggests to me that they don't naturally ""cruise"" the way they must when leashed to a jogger or cyclist. They stop, sniff, and go; stop, sniff, and go…. It's just a feeling, but I really doubt that steady state 'jogging' is healthy for them. Moving to an owner's pace is very different from moving to their own pace -- as if they understand 'interval training'.",-0.7869
182,"Then there are those of us who live where there is no light at night other than starlight and no sound other than nature, no human caused light and no sounds of human activity. Travel means noise and light no matter what countermeasures are taken even in the so called quiet hotels.  ",-0.836
183,"Anybody who flies would say the collusion is definite. Anybody could have told the Justice Department that if all those mergers were approved that passengers would pay for it. In fact, people DID tell the DOJ exactly that. And anybody with any common sense could have told the DOJ that airlines have been price-fixing and devising utterly incomprehensible fare and flight schedules for decades now. That kind of behavior should lead to prison terms, but then…Chase, AIG, BofA, Citi, etc. ad nauseam. If their CEOs are richer than ever, why should we expect airline CEOs to be treated any differently? We all know what the motto of USA Inc. is: ""The fix is in."" <br/><br/>Thus the US has the worst airlines and the worst airports in the First World, with smaller seats, bigger fees, and now, with the oligopoly, the airlines' attitude is, ""Take it or leave it, we're all you got.""<br/><br/>And under Obama, pigs will fly long before the DOJ takes any of these price-fixers to court, let alone send them to jail.",-0.8402
184,"It's definitely NOT just like mountain biking, hiking or camping. None of those activities can cause the death of innocent people - like stray bullets do. And it seems many of these gun enthusiasts are slobs - leaving garbage behind - and many are destroying trees and artifiacts. <br/><br/>It's dumb - not surprised the NRA supports it. ",-0.8437
185,"My ex-husband did this after twelve years of marriage. We hadn't fought (we very rarely fought), he gave me no clue that he was even considering such a thing. He told me how much he loved me up to the day he suddenly stopped talking with me, moved out, and then pretended not to know me when our paths crossed - even when our paths crossed within inches of one another. <br/><br/>Ghosting is clear demonstration of a cowardly lack of character.<br/><br/>Now I see I am well rid of such a spineless liar, but when it happened, I was devastated. No one deserves this kind of treatment.",-0.858
186,"Guji, you seem to have misread the article and jumped to a false assumption -- this NYT article did NOT say anything like ""people were stopped even when no traffic laws were broken.""  This article did not include information about the reasons why people were pulled over.   As many other other commenters have said, maybe they were stopped more because they committed more traffic violations.  Maybe they were more delinquent in their driving. ",-0.8599
187,"A futurist who doesn't realize electric cars are already here? The average range on these will be 400 miles in just a couple years. So no, there won't be charging stations in every parking space because there will be absolutely no need for them. Is he living under a rock? I weep for Mercedes.",-0.8687
188," ""Is it like a trainer slapping a boxer's face to make sure he's still alert and responsive?""  Really?  That is your example of something acceptable?  Boxing is itself a cruel, dumb sport in which we literally invite people to hit each other so hard they are either knocked unconscious or are seriously injured and cannot continue.  Any sport that requires slapping people to see if they are alert is objectionable.  In the case of racing horses, we know that it can break the skin, we know that horse's are sensitive to even minor touches, and we know that use of the crop is just one of many cruelties involved in racing, as is mentioned in other comments.  I do not see that reasonable people might differ, almost all of the comments recognize this sport for the cruel exploitation of animals that it is.",-0.8722
189,"You cannot have a cohesive and rational society without rules. Whether you're the Taliban or Jefferson. Lawlessness has become a national pastime in the US. From the illegal immigrants to the off-shoring boardrooms. As I drive around and observe other drivers I see the breakdown in order and civility. Then there are the broken roads and illogical traffic signals; all surrounded on LI by $100,000 cars by the boatload. The genius of this ""free market"" goes only so far -- and we have gone that far. We are destroying our environment and our common welfare. If not Trump then Carter -- someone with a stiff moral backbone who tells it like it is. And for all who denounce his Nativism, what would the US be now had the Nativists or some version prevailed? Worse? Or in what ways different?",-0.874
190,"As an avid pedestrian, who lives near two major bike routes, I have come to almost hate almost all cyclists in this city, whether they are male or female, on a citibike or their own. Many have this attitude that bikers trump everyone and everything, cars, trucks and especially pedestrians. They pay no attention to traffic signals or crosswalks and zigzag through traffic. I constantly have to stop for them when I am walking across the street, even when I have  the right of way and sometimes even on sidewalks. Citibike riders sometimes seem particularly clueless, so the thought of  adding more of them to the mix, male or female, makes me cringe. What is needed in this city is more enforcement of traffic lawsUnless something is done to curb the dangers from errant drivers and cyclists New York will no longer be known as a pedestrian friendly walkable city. ",-0.8824
191,"No contest for me.  Paul McCartney and Wings at the Garden in 1976.  It was their first US tour and McCartney's first performance in NY since the Beatles broke up.  Reading in the NY Times that there was speculation of tickets going on sale, my cousin and I - ahem - sneaked out of school in Jersey City, jumped on the PATH train and got in line for tickets.  And the next day for all to see, my cousin and I were dead center in the group photo in the Times talking about the concert.  Nabbed!  Proof below!<br/><br/><a href=""http://timesmachine.nytimes.com/timesmachine/1976/04/08/92220981.html?pageNumber=42"" title=""http://timesmachine.nytimes.com/timesmachine/1976/04/08/92220981.html?pageNumber=42"" target=""_blank"">http://timesmachine.nytimes.com/timesmachine/1976/04/08/92220981.html?pa...</a>",-0.8866
192,"An important fact left out of the sketch of the decline of NYC public transit concurrent with the rise in accommodation of the automobile is that the fares charged by suburban rail and urban transit were fixed by government decree. Bad enough at best, for the operators of such, but worse than bad during periods of inflation, and worse still when people like Robert Moses had their hand on the controls. Moses was transparently a pro-car-at-any-cost planner, whose consequences are everywhere to see (Cross-Bronx, anyone?), and regarded ""fixed guidance"" transportation as a dinosaur. He made public fun of frantic requests by the LIRR and the NYC for higher commuter fares, as rail infrastructure sank into the ground and cars fell apart. Build new tunnels?? WHAT can you be thinking of?? <br/><br/>The merged and publicly-owned NYC transit system tore down the 2nd Ave elevated to build a subway replacement (a major quality of life upgrade), and actually had the funds to do it. But WW II stopped everything, and after the war the city decided to use the money to make good on an eating-the-seed-corn vow to preserve the 5¢ subway fare. (To be fair, inflation had rendered the 2nd Ave Project kitty inadequate anyhow.) <br/><br/>It's a wonder that it works at all.",-0.8992
193,"Denise in San Francisco, I don't think anyone here is suggesting that the officer should have just let him drive away, especially if he suspected he had been drinking. <br/><br/>Yes, the driver displayed some erratic behavior, and seemed a bit confused. And yes, he absolutely was totally wrong to not obey the officer when was asked to step out of the car; and he should never have put the key in the ignition, start the car and begin the action of driving off. From the video it is unclear how the officer ended up on the ground. But what is very clear is that in the moments before the shooting, there is no justification for the officer to have his gun out, and fire it, fatally or otherwise.<br/><br/>I am a mostly law abiding citizen--I sometimes go over the speed limit by 5 miles only on 55 mph interstates. I've never feared having something like this happen to me simply because I've never done anything more than speed by a few miles. But these recent incidents have made me very afraid of being pulled over, even just for speeding. But they might make me slow down, out of fear for my life at the hands of police.",-0.9149
194,"The main reason women use citibikes so much less than men do is that NYC has just begun to take the measures needed to make biking on our streets as safe as it should be.  <br/><br/>The reforms most urgently needed are to cure the apparent 99+% failure of NYPD to enforce traffic rules against motor vehicles (particularly regarding failure to yield and speeding) and to rewrite our motor vehicle laws so as to hold any driver who harms a cyclist or pedestrian properly liable (starting, for example, by recognizing that any claim to have failed to see the cyclist or pedestrian is evidence of failure to operate motor vehicle with appropriate care).",-0.926
195,"I joined the delivery crew of the sailing ship INCA when she sailed from Halifax to Glasgow 30 years ago.  It was a grim and beautiful voyage with storms,<br/>a leaky hull, and a neurotic skipper.  But it taught me some lessons about myself.<br/><br/>I doubt any other modern transatlantic passage would have been able to challenge me physically and mentally with the same vigor.  I learned I was not as brave as I imagined myself to be nor as compassionate of fellow crew members as I wished to be.  <br/><br/>But the main lesson of the trip informed my sense of American history.  i had believed my ancestors left Germany following the American Dream and never looked back once they arrived in the land of opportunity.  But  why would so many immigrants stay in America when reality hit them after their arrival?  They faced prejudice, rocky soil, and poverty and must of wanted to go back home.  After my voyage I came to believe that many immigrants decided not to return to Europe because crossing the ocean was so dangerous they knew they had to stay and make the best of it.<br/><br/>If steamships were in service I suspect many immigrants would have turned around and gone home.",-0.933
196,"My experience is, in this very red state, if you drive an expensive automobile, speed limits are optional.  Daily I see people in expensive cars driving 75 to 85 in a 60 MPH zone, sometimes even passing police cars on the road.  But if you can only afford an older model car, and dive in the poverty stricken neighborhood in which you live, your chances of being ticketed for minor infractions, like failing to signal before a turn or having a broken lens on your brake light, you are eventually going to be given a ticket. Often such tickets carry a ridiculously high fine.<br/><br/>Racist?  GOP originated?  Like I always say, if you are on your knees, you don't have to see the face of the one who is kicking you when you're down.  You can tell who they are by their rhetoric.",-0.9356
197,"I think it helps if one has faced death before.<br/><br/>As a younger person I was an extreme outsdoorsperson and Third World traveler who usually did extreme activities and trips to obscure places alone.<br/><br/>But my first known brush with death was in 1984. I was driving on the freeway in a blizzard. I stopped to assist a woman who had driven her car off the road. But before I could get her into my car and off the freeway she was run over. I then I had to spend what seemed like eternity providing her with first aid, as car as car slid by us. It was kind of like being in a war with enemy shells landing all around me. But adrenaline got me through it.<br/><br/>And by 1992, when I was being trained for a job as an outside education instructor herding 20 or so 18-to-21-year-olds inside a large wilderness area for a month, during the training process we were given 10 minutes to think about and then discuss in front the group of new instructors *the* most stupid thing each of us had ever done in an outdoor setting. And I was truly stumped. I said, ""I can't even narrow the list down to the 10 stupidest things I ever did in an outdoor setting in just 10 minutes. I need more time.""<br/><br/>But I can say that I have never done the same stupid thing twice. And I can also so that if our plane goes down, or our boat sinks, and we are both alive and intact, you will want me there. I know this from experience.",-0.9462
198,"I stopped flying Delta about fifteen years ago, except when there is absolutely no other choice, because of their appallingly bad policies about frequent flyer mile redemptions. I will go out of my way to avoid them, sometimes adjusting flying times and dates accordingly. Of all the airlines, they have historically been the very worst at this - seats just never available.",-0.9476
199,"10,000 a year?<br/>More die in pools and car crashes. Perhaps we should ban those racist pools and cars, too. Oh, and prescription medications, which kill 20 times that number per year. ",-0.9509
200,"The over and underpasses provide seamless travel for autos traversing between the east and west side without putting pedestrians at risk. <br/><br/>I don't use me car very often and generally cross Central Park on my bike, and I think this is a really stupid idea. Whether it's setting light patterns on the West Side Highway that stop cars every 5 blocks above 14th Street, thus spewing exhaust while idling ( which was not the case 15 years ago ), this will only result in increasing greenhouse gas and drivers frustration. When drivers are frustrated they challenge yellow to red making the streets less safe for pedestrians and bikers.<br/><br/>If NYC is serious about too many cars on Manhattan, then we would create zones of travel like London to reduce non-commercial traffic. Unfortunately our streets are regulated by the state, so NYC is stuck making life miserable for it's residents so those who don't live here can drive into Manhattan and suck up the cost of parking based on a cost benefit ratio. This plan also punishes livery drivers and other commercial vehicles. <br/><br/>I do hope, and it's not a topic raised in this report, that the roads continue to be open for buses and emergency vehicles, and if that is allowable, then we keep the crosstown routes open to all vehicle traffic.",-0.9636
