,comments,scores
0,"Todd, joint responsibility is inevitable. You yourself say that you hold yourself responsible for our nation's missteps in Iran. I don't -- I wasn't old enough to vote -- but our *country* was responsible and as citizens of our country, we, like the Pakistanis, have to accept that we will be held accountable. This is true whether national actions are morally or legally justified.",0.959
1,"Go Don, keep up the good work! Tell it like you see it, expose the true virulence of the republican party. You surely speak for the vast majority of them!",0.915
2,"If this is true, Trump should use this to discredit Erick Erickson for disinviting him to Red State and he should use it to expose the dishonesty of the media; that would be smart politics on his part.  You simply can't say it relates to menstruation when you said the exact same thing about a man.  If this is true and they play it smart, it will reinforce the whole PC narrative that Trump is talking about.  I, for one, am extremely wary of anything PC and if this is true, it reinforces all of my suspicions.",0.9022
3,It is so true and positive.,0.8166
4,"It's pretty hard to imagine getting the truth out of Chris Christie about anything, and I think for most of the nation, the expression on his son's face (right next to his right elbow) pretty much sums up our reaction). ",0.8074
5,"Jack, Spoken like a true plutocrat. Nicely said except everything you said is false.",0.802
6,"Just because a politician has no ethical qualms about telling a lie to get votes does not mean that same politician is incapable of sincerely believing something preposterous.<br/><br/>Conservatives, both in Britain and in the United States, seem to dedicate their lives to proving the truth of this aphorism.",0.7717
7,"leftcoast - ""...what kind of parents throw their child under the bus like that?""<br/><br/>Telling the truth in your world is throwing someone under the bus?<br/><br/>""getting you back""<br/><br/>Telling the truth and correcting a LIE is ""getting you back"" really?",0.7677
8,Wow.  Leave it to New York to somehow feel that nobody is good enough for them and that somehow Jackson needs to prove himself there to matter. ,0.765
9,"What your first quote means is that Hillary Clinton has been at the intersection of shattering amounts of money from people who want things, and the power to deliver those things, which it appears she has delivered in some cases, and been paid for.  Personally, I would love reporters to do digging for actual facts, and determine whether or not malfeasance occurred, and if a candidate intentionally obstructs that digging, I'm fine with reporters interpreting it negatively.",0.743
10,"Well said. It's not that we the people are against most of the practices, it's that they are hidden. Hidden from us, even hidden from other lawmakers.  I would have liked all this to be publically decided, I mean it's OUR security and OUR privacy we're talking about.",0.743
11,"""Strongly rumored""? Yes, but only by the cacophonists. Good word, by the way.",0.7391
12,"I don't think you understand the concept of charity. Instead, I suggest you disregard the fact that this piece of legislation is here to help you at your lowest point and then fool yourself into thinking you're being charitable. Because you'll never be in a situation where you need help. You're special.",0.7184
13,"Apparently they are.  Sorry.  You may just have to live with the fact that you live in a country where people can get health care, an education, make enough money to live on and get a job improving our infrastructure.  I know, I know, it's like a Wes Craven horror movie but maybe you'll learn to like it.",0.6705
14,"But since they don't believe in science, no amount of economic info will ever convince them that their theories are hogwash.<br/><br/>NEVER trust Scott Walker!",0.6643
15,"She can choose but not deceive.  By deceiving, she takes away other's right to choose.",0.6642
16,"I am somewhat surprised that James Risen uses the euphemism ""harsh interrogation"" instead of the accurate and publicly accepted ""torture."" I suppose our society started becoming desensitized to reality when, during the Viet Nam War, it accepted ""collateral damage"" as a sanitized euphemism for ""civilian casualties."" A decade later all semblance of shame at prostituting language dissolved, when ""anti-abortion"" became ""right to life.""<br/><br/>The truly sad part is not that partisan advocates for a policy had and have no shame at such practices but, rather, that their activities have become mainstream acceptable, so much so that even the Times, N.P.R., and P.B.S. accept it.<br/><br/>As to the psychologists: though I am 100% opposed to psychologists, doctors (or anyone else, for that matter) being involved in torture, it strikes me as ridiculous to say they should not be involved with the military or with intelligence agencies. If the issue is credibility, the ruling is counterproductive. How am I supposed trust psychologists, if they are afraid they are not able to act effectively and ethically in a military or intelligence gathering environment?",0.6374
17,"Well said...but let's be honest, either Joey doesn't know that facts, or he just doesn't want to use them...",0.6343
18,"AACNY seems to believe that before the ACA, health care was ""free at the ER"". Also it needs to be recognize that preexisting conditions must be accepted by insurers. This needs to be paid for somehow. In sort, this is a highly biased comment that ignores facts and real life. And completely untrue. ",0.6258
19,"""Derp"" is an interesting category because it seems to combine the disconnect between fact and word that is highlighted in ""They make a desolation and they call it peace"" (Tacitus), with the denial of inconvenient evidence in ""Never the let the facts cloud the issue.""",0.5859
20,Another zombie lie the Times is happy to perpetuate.,0.5719
21,More than I trust the party that has been 100% wrong on every evaluation of the Middle East situation since 2001.,0.4902
22,"Mrs. Hall is clearly NOT in the same league as your hard hitter.  You miss the entire point of the article.  Why don't you consider that the policeman refused to show the true speed to the accused?  ""Speeding"" is only an excuse to get money.  And there are plenty of small towns that live at expense of perfectly innocent drivers that happen to cross those towns, unaware of their predators, that claim ""To serve and Protect""...  shame on them.",0.4767
23,There is so much SO wrong with so much of what is reported in this article. I trust our government (and their corporate partners) as much as they apparently trust me and my co-citizens. We are not guilty. <br/><br/>Why is everyone suspect?<br/><br/>When will this end?,0.4687
24,"GOD in Heaven, spare us this fool!",0.4678
25,I appreciate your cynicism and skepticism....it's a healthy way to live!<br/><br/>Enjoy Piedmont.,0.4574
26,"Whole Foods, just like any other publically owned corporation, is accountable to its shareholders.  Do not be so naive as to believe they have, and will continue to do, the 'right thing' unless that is defined as most profitable. ",0.45
27,Leave it to someone from Chicago to inject a much needed dose of insight and intelligence into this discussion.  The problem here is that some people are taking themselves and a 'best of' list *way* too seriously.  If you don't like the way one 'best of' list evaluates their choices just ignore it and find one that uses a methodology you do agree with.  The charges of 'sexism' against the W50B is downright laughable--you can make a case that the culinary industry as a whole is sexist but W50B has nothing to do with that reality.,0.4301
28,"I see we're repeating this lie--okay, these TWO lies--apparently on the theory that at some point, they magically become true.",0.4215
29,"The problem with this thinking is that, because Democrats show no stomach for politics, Republicans have free reign to manipulate public opinion with its lies, misinformation, red herrings, and obfuscation.  Should the Supreme Court have gone the other way, I have zero confidence Democrats would have even attempted to forcefully place the blame where it belonged and every confidence Republicans would have been able, as well as very willing, to lie about where the fault laid.  ",0.3612
30,"It is far easier to know beforehand what a group stands for or against than it is to know random facts about an individual.  <br/><br/>Republicans would do better to admit their mea culpa than to dispense with the laughably weak ""Who, us?"" pretense.<br/><br/>That shouldn't have to be pointed out, but such is the defensiveness of the right wing.",0.3182
31,"... HP went corporate.  I was a frequent visitor to the site in the first few years.  Now I hardly care to even read or browse anything on the site if I bother to visit at all.  Salon, Mother Jones, Slate Magazine, The Atlantic, or The Daily Beast has more interesting &amp; engaging twist on contemporary issues.  <br/><br/>Huffington Post is now blatantly commercialized, and has lost its soul.  Shame!",0.263
32,"I see you wacky kids are still trying to pass off articles that flatly contradict your claims as support for your claims, at least judging by the Abstract.<br/><br/>May one help with the big words? you need but ask.",0.2617
33,"Mr. Huckabee's comment about the ""oven"" is more than ridiculous and I wish Mr. Obama had made that clear.  It is, in my lifetime, among the most astonishing comments I've heard from anyone in the public eye.  In a word, despicable.   Mr. Huckabee will have it both ways, claiming to be a defender of Israel while using, for his own manipulative political gain, an horrific aspect of the Holocaust.  ",0.2315
34,"If he's really telling the truth about telling the truth, he can start, under oath, with ""What did you know and when did you know it?"" regarding the Ft. Lee bridge fiasco. Then we can compare what he says with what his minions have to say, under oath.",0.2089
35,"Kurt, you are a fine one to talk about ""smearing.""<br/><br/>You have smeared me continuously for years. ",0.2023
36,"It is utterly remarkable how the denialists have worked their voodoo so well as to blind people that we are/have been/will be in an economic Twilight Zone where all the usual assumptions don't apply - the zero lower bound Zone.<br/><br/>Why is it that out here in the flyover hinterlands, with no economics degree and just the normal amount of wits about us, can we grasp the concept (thanks to Dr. K.'s long labors) and apply them to circumstances of the last 8-9 years, yet so many in the actual economics profession seemingly cannot ?<br/><br/>How is it that 8-9 years of our own economic history seems to ignore the history of Japan from 10 years before that - BOJ experience from almost 20 years ago, now ?<br/><br/>How it is possible that economists still get tripped up (repeatedly) by concepts proved useless almost 2 decades ago; a whole generation ?<br/><br/>Inability to perceive the Twilight Zone is not just the fault of the politicians and their determination to fiscally neutralize monetary policies.",0.1858
37,No the comments are not unsettling.  They are the truth.  Political correctness cannot hide everything.,0.1576
38,"""Everyone is on board to support Bruce Jenner turning into Caitlyn, and the obvious multitude of lies that preceded that both with his family and over the course of his life.""<br/><br/>Be careful when you say everyone; I'm not on board with it.",0.128
39,"marian,<br/>A - You are plain ignorant of the Church's teachings on family planning. Please go and familiarise yourself with them. Do not rely on the mass media distortions and lies.<br/>B - There is no ""overpopulation"" problem. This is a myth deliberately fabricated to serve the interests of rich economicaly advanced countries. The problem is with the production and distributon and with the inefficiency [For instance a half of food production in India rots or is destroyed before it reaches the consumers]. The Earth can feed the number of people that is many times greater than the present number. ",0.0772
40,I'm glad I went to college before this complete nonsense took hold.,0.0772
41,Not to be contrary but you need facts/links to back such claims up.   I suspect the truth is somewhat more moderate and mixed than the extreme you suggest. ,0.0387
42,Why is this a public matter?  ,0.0258
43,"I'm somewhat off-put by the attempt to spin her story in a way that normalizes it. It is apparent that, whatever her intentions, she is clearly a very disturbed person. I can give her a pass for ""identifying as black,"" (feeling an affinity for blacks and their struggles) but her attempts to pass for one clearly have an element of the pathological - the modifications to her appearance, her posts about allowing her hair to go ""natural,"" the attempts to pass off a black man as her father etc. In addition, she's claimed other's artwork as her own, and told fabulous tales about a false childhood spending her youth in South Africa and being born in a teepee. Putting aside considerations of political correctness, she should be called what she is: a pathological liar with an obvious personality disorder.",0.0138
44,They didn't go unnoticed.,0.0
45,"""Crazy"" is having the audacity to vote for Obama twice, defend him vociferously through all his stumbles and then claim everyone ELSE is crazy for agreeing with him and them.",0.0
46,Complete rubbish!,0.0
47,Proof that angels walk among us.,0.0
48,The audacity!,0.0
49,"Ummm, apparently not?",0.0
50,"If he does, then we'll get just what we deserve I suppose.",0.0
51,"I think the term is ""libel"".  Claiming someone said something they never did, putting it in print.",0.0
52,"Gee...You think??? Any monkey with a shred of critical thinking could have reached that conclusion if they did a shred of vetting of their own. Once again mainstream media proved their lack of honesty and infiltration. Alt news beat the mainstream media by about a year - if not more, on this ground-breaking story",0.0
53,So true...,0.0
54,"Written so naively well, sir. Your words betray your true understanding of this game.",-0.0056
55,They didn't mention Obama's imaginary failures because their audience of True Faithful takes it as given that those failures are real. They can't afford to deal with fantasy unless and until they dispose of the reality of Trump.,-0.0772
56,She LIED.  That's the issue here.  Not if she considers herself more black than white.  She misrepresented her true identity and ethnicity.  That now questions her credibility.  Which is a shame..,-0.1363
57,"Your opening statement has no basis in fact, just repeating lies from Faux News. Explain how this agreement insures Iran has nukes in 10 years . . . silence. Truth is, the evidence was never important to you, just your predetermination that the deal was bad. Actually, the deal is unprecedented in its reach, and it is far superior to anything most thought was feasible. Truth hurt, doesn't it?",-0.1386
58,"These men who sit on the board and have not made a conscientious and concerted effort to advance their own organizations public policy stance with regard to smoking should immediately resign their positions with Steward,  Indiana University Health Services, and Anthem.  Their lack of responsibility with respect to the public health concerns of this issue is reprehensible and unconscionable. Maybe they should run for Congress.  ",-0.1531
59,I don't like liars.  I cannot trust people who do not know reality from fantasy.  This woman is more of a liability to society than an asset.,-0.1567
60,"Having claimed so fervently and for so long--even as the proof became ever more overwhelming--that their father was a spy for Stalin, before taking these claims seriously, they should:<br/><br/>1. Admit (not just now, decades after it was true and they still denied it, say ""scholars mostly agree"") that their father was a spy for Stalin and <br/><br/>2. Admit that Stalin was a monster, not just ""our archenemy"", which, along with their McCarthyism reference, is designed to suggest that helping Stalin was ok.<br/><br/>McCarthy was evil, but his crimes are multiple orders of magnitude less than Stalin's.",-0.1779
61,"Incompetence always pairs up with corruption and sometimes, for stupid persons, delusions. BdeB is not, shall we say, too bright. Intelligent and perceptive people know their limitations.",-0.2023
62,"It is difficult to weigh responses intelligently, when relying on faked ""information.""<br/><br/>So I ask again: what are the chances that you are wrong?",-0.2023
63,"Man, this is one ridiculous waste of words and brain-power. The fact that this claptrap features in a national paper of record should prompt a philosophical debate on 'Americanness' as a source of absurdity and intellectual distortion. ",-0.25
64,Me thinks thou doth protest too much.  Show proof of any of your fatuous claims.,-0.25
65,"The NAACP did not inquire about her race.  She made claims that she received threats in the mail.  There was an investigation, and and during that investigation, they tracked down her parents...the real ones not the blakc man she had playing her father. Her parents told the truth.  She is posing as something she is not, her whole biography is a lie, and it makes you wonder where reality starts and ends. I wouldn't want someone like that working for me.  ",-0.2575
66,You would find out how laughable and impotent they are if it was you they were after !,-0.2942
67,Except for the fact that no one is 'forced' to work there.,-0.296
68,This important SC decision is proof that the light will eventually break through the darkness of obstructionism; no matter how long it might take.,-0.3182
69,Ridiculous.,-0.3612
70,Because Ramos was wrong.His behavior was appalling.,-0.3612
71,"I've heard this comment many, many times.... that Trump 'tells it like it is'.<br/><br/>The problem with this analysis is that the way he tells it is most definitely NOT the way it is, it's a bizarre fantasy.  That fact that he's offensive in doing so doesn't automatically add any credibility to his statements.",-0.3626
72,It is a matter of dispute whether the Germans have taken complete accountability for their actions.,-0.3818
73,I'm afraid this may be true.  Western democracies are too open and vulnerable to allow returnees who can easily meld into the community before reeking their misguided havoc.,-0.4019
74,Sadly that includes just about everything. This needs to change.,-0.4215
75,Another person who actually wants to use facts! It's an outrage! ;-),-0.4374
76,Scalia is am embarrassment.  The absurd position was his.,-0.4404
77,And yet people continue to blindly forward and re-post the most inflammatory nonsense imaginable.,-0.4549
78,Actually there was. But why bother with facts?,-0.4767
79,"Dan Savage is really clear that cheating and lying are wrong and that spouses are in agreement for whatever arrangements.<br/>Monogamish doesn't mean the end of  either common sense or ethical behavior.<br/><br/>Common sense indicates that the guy likely was likely  lying from the get-go and  that casual sexual liaisons in the work environment create drama and damage to professional reputations. Find someone outside of work.<br/>Ethics means being honest and not hurting others, in this case the wife.",-0.4789
80,Why can't you call a senator a bald faced liar?  Do it.,-0.5106
81,Perhaps the arsonist becomes a terrorist when a sleeping family is intentionally and deliberately burned alive! ,-0.5255
82,They SAY it was new software.  They can SAY anything they choose.  Who is there to refute it?<br/><br/>Face it.  We only know what we're told by the big people.  <br/><br/>Better to believe your own lying eyes.  Bet ya there will be more to this story.,-0.5267
83,Just another example of the right wing fetish with ideology in spite of overwhelming evidence to the contrary.,-0.5267
84,"A lie, and a lie covered by arrogance.",-0.5267
85,disgusting ,-0.5267
86,If a group puts such an obsessive effort to  prove they  are equal; it starts to cast a doubt.,-0.5267
87,"Maria - When do we stop publicly shaming anyone for choices bound by circumstances that no one can guess at, nor necessarily understand, and should therefore not be fodder for public shaming? ",-0.5267
88,"""Just asking questions,"" eh Craig?  Sorry, but that's one of the oldest tricks of disinformers, be they climate science deniers or anti-vaxxers.  <br/><br/><a href=""http://rationalwiki.org/wiki/Just_asking_questions"" title=""http://rationalwiki.org/wiki/Just_asking_questions"" target=""_blank"">http://rationalwiki.org/wiki/Just_asking_questions</a>",-0.5499
89,She is annoying &amp; a complete and utter disgrace. Please remove her from your finest journalism.,-0.5574
90,"Liars, crooks.Boycott Coke!",-0.5707
91,"He is not a Muslim. You may have whatever opinion you like of his competence, but give the phony conspiracy theories a rest.",-0.5927
92,"So if Donald Trump is such a threat to the Republican Party, where are the Republicans that should be trying to stop him?  Nowhere.  None of them has made even the meekest attempts to directly take him on and tell him he is wrong.  Why?  Because they all agree with him.  Nothing he is saying is any different from what they represent.  He just says it louder and more brazenly.",-0.594
93,"Many personal tales grow over time. If Mr. Williams ever told a direct falsehood as part of an original, on-the-air piece of news reporting, he should be fired. Seeing that he embellished his stories in later iterations, I think his punishment is appropriate.<br/>  On the other hand, many ""reporters"" on Fox regularly intentionally mislead the audience, tell half truths, and outright lie (labeling a politician under arrest with a ""D"" before his name, when he's actually a Republican, for example) and are never called to account. Probably because everyone understands the historically fraudulent nature of Murdoch's empire going in .",-0.6249
94,"Chuckling at all the comments about ""why this is newsworthy"" and ""sexual matters are private,"" etc., etc. One wonders if these folks are willfully ignorant or just so blinded by bigotry that they fail to understand. Either way, I'll never understand why these folks want to broadcast their ignorance in a public forum.",-0.6486
95,"So is the deal that when you get called on making stuiff up, you just escalate?<br/><br/>But by all means, show that I'm wrong. Not off c3: real science only, please. And I WILL be reading the material, and calling you when you cherry-pick, deliberately misread, and ignore what the articles actually say.",-0.6597
96,Those alleged problems you bring up ever had a scintilla of truth about them. Stop repeating lies.,-0.6597
97,"@rebecca 1048<br/><br/>The country, especially women, are struggling with Clinton because of her character.  It is difficult to watch an adult sit down, stare straight ahead at you, and say that something isn't happening when you can see with your eyes that it is simply unbelievable.<br/><br/>You start to imagine all of the fabrications they will create to get you to do that are simply untrue.  You go back to the elementary lessons that lying is corrosive.  You try to imagine why, in a country of 170 million, she is the only woman we are capable of raising to public office.<br/><br/>Putting a woman like Hillary in the White House will do no more for women than allowing any other shady character to manipulate people.  It's unnerving.  It will be interesting to see whether she can turn that worst of reputations--untrustworthiness--around.",-0.6666
98,He's not ignorant thought. He's a mentally ill fake business man with serial bankrupt businesses. Anyone who has the slightest shred of respect for him should wonder about their own mental health.,-0.6794
99,"He's making a complete fool of himself. If he can't see that, that's his problem.",-0.6808
100,"Agreed, Wayne!<br/><br/>""Privacy"" ... if it ever did exist ... is clearly a lost cause now. The public was stampeded into adopting this act with hysteria before and now they're being bamboozled again. All the furor over this act is mainly misdirection.<br/><br/>We the people would serve ourselves much better by insisting that the power brokers are ""Public and Accountable"" in all that they do rather than crying over the loss of any mythical ""privacy"". ",-0.69
101,"The word was invented because no one would dare call these self-portraits.  They seek neither to scrutinize, examine nor understand; rather, they simply say ""Here I am.""  Not a great achievement and certainly no one anyone else need pay attention to.",-0.6902
102,"<br/>Politics and show business are kissing cousins, both infected with rabid cases of phony sincerity, blatant dishonesty, and rampant egotistical behaviors.  That people believe one is an antidote to the other shows just how deluded we are about the power of deceitful appearances in America. Stewart is not the answer to anything except what's on Comedy Central at 11:30 pm. Or, at least, he was. <br/><br/>If you want to see a comedian attempting to make a difference, look to  Senator Al Franken. He'd be the first to admit what a tough slog national politics is, and how it is all about building coalitions and consensus opinions, something not easily accomplished in today's Washington, DC. I'm guessing that is not Stewart's strength, except among a group of his writers, who he could easily overrule. ",-0.6914
103,"Factoid alert!<br/><br/>South Korea has had the fastest internet in the world since 2001.  And the rest of this apologist post has similar bogus claims. <br/><br/>We just paid $640 for a 2-week supply of antibiotic eye drops [84 drops].  May the Pharma CEO's, Government lobby, and politicians that sold us out-rot in Hell.",-0.6996
104,"Promises?  No, just lies. Voters are too stupid to tell the difference, Gruber told us that. ",-0.7003
105,"Let's see:<br/><br/>She claimed a black man was her father. Lie.<br/>She claimed her stepbrother was actually her son. Lie.<br/>She claimed to have grown up in a teepee, and hunted for food with a bow and arrow. Lie.<br/>She claimed to have lived in South Africa. Lie.<br/>She claimed to have been the victim of hate mail. Lie.<br/>She checked the box that said ""Black"" or ""African American"" on government forms. Lie.<br/><br/>You still think she wasn't trying to put anything over on anyone?",-0.7003
106,"And there you have it: Democrats excuse fraudulence and deceit by their kindred spirits.<br/><br/>If she was a Republican, you'd be carrying a pitchfork.",-0.7184
107,"Joshua,<br/><br/>The simple existence of this article proves your argument conclusively false. Something like this about the ACA, a very similar situation, would NEVER, NEVER be mentioned on Fox News or anywhere else in the conservative news sphere. No one here is afraid of facts. There aren't swarms of liberal commenters here claiming that the outline of the proposed Bush era deal is a lie, as so many have with regards to the Heritage Foundation plan. You won't see progressives holding their fingers in their ears and screaming it's not true.",-0.7296
108,"Trump is a pathetic excuse for a man. Someone should've knocked some sense into his head a long time ago. Sadly, he's got fans. ",-0.7351
109,"Comparing the Tea Party to The Sons of Liberty is a shameful insult to actual patriots who fought King George, as opposed to a cadre of fools created and manipulated by the Koch brothers and their ilk. Believe a corporation is a person?. . . then you deserve what you get.",-0.7579
110,"Voter fraud has been proven. Widespread fraud haas not been proven. virtually impossible to prove regardless of its existence, and would be very costly. Cheaper and easier just to require an ID.<br/><br/>If the left is so stressed about minorities not voting for this reason, help them get ID's.<br/><br/>Btw - seems to me that blacks voted with higher percentages than whites in the last presidential election. That appears to prove that if they want to vote, they can.",-0.7656
111,"So is this what we should now expect as a journalism standard from Ms. Macur? If I shout about it long enough maybe it will become true. To reiterate, for those who haven't been following the news: no rape allegations against Mr. Winston have been substantiated in a court of law or by an independent counsel or autonomous arbiter (despite the fact that five assessments of the allegations have been made). No charges, either at the university, state, or federal level have ever been filed. The plaintiff has, finally, filed a civil suit against him. Will the Times and Ms. Macur admit that they've mounted a baseless witchhunt against Mr. Winston if the jury ultimately rules in his favor?<br/><br/>One can only hope that this paper is big enough to admit when it has published egregiously unsubstantiated and hurtful claims.",-0.7691
112,"That's chutzpa !  <br/><br/>Greece asking for yet another bailout. <br/><br/>The Court and Character of King James by Anthony Weldon, 1650, page 52:<br/><br/>The Italians having a Proverb, He that deceives me Once, it's his Fault; but Twice it is my fault.",-0.7712
113,"Conspiracy theories?  Any one of those ""conspiracy"" theories is more plausible than the claim that Guzman simply escaped from prison.  ",-0.7717
114,"So if lies &amp; manipulation sell better than journalism, more power to the liars!  Why should I believe anything this man says?  Why is the Times printing this ""interview"" that doesn't even ask Mr Wolff to explain his advocacy of dishonesty?  We are truly a sick culture.",-0.7802
115,"Professor Krugman, you are a Derp.<br/><br/>You have demonstrated a willful ignorance of basic economics, that of how a human being must produce something before it can be consumed. Your idol, John Maynard Keynes, set you on this path. And you keep believing it, no matter how much evidence is piled up to demonstrate that it's completely wrong.<br/><br/>Inflation is caused by the Fed. You cheer this on, to the extent that you refuse to remember that life wasn't like this always. Why? Because it enables you and the politicians you approve of to get something for nothing. This is the mindset of a thief. And, apparently, a Derp.",-0.7912
116,You got any ACTUAL proof of Greek fraud?  No. No you don't.,-0.802
117,Incredibly arrogant AND stupid!,-0.8151
118,"There are cynical, calculating minds at work, and sadly there are an ample supply of shills willing to take the ship of fools over the cliff.",-0.8225
119,"Utterly naive and insensible. A little life experience is obviously in order, once you get beat up and ripped off by the people you think are underdogs and victims you might, it's not definite, wake up about the nasties out there. They are real, and they don't change with ""services.""",-0.8228
120,"What's shameful is the self-serving, ignorant denial of conservative racists.",-0.8316
121,"I suppose you think rape victims were 'asking for it' and got what they deserved. Thank you for proving there are inhumane people among us, as if this report didn't already prove this unfortunate fact.",-0.8402
122,"All old high school stuff.... Shortly after the ""Fiasco of Nixon Shock"" I was in High School...We had an acronym, ""The 3 F's""...The ""3F's"" had little substance to them, no truth, no verifiable value, no validity....Markets are discovering the ""Financial 3 F's""... Fraudulent FED Funding, Fake Fiscal Finance, Final Fiat Failure...Or, 9 x F....  Nothing follows up breaking down to zero like integrity.",-0.8402
123,"Evolution does not always improve a species,<br/>as proven by megalomaniac Donald Trump and<br/>17 discredited, dishonest and dishonorable<br/>Republican presidential candidates. ",-0.8404
124,"It is shameful that most ""racial bias"" stems from whites and makes no sense  -- even more so in the US, where every citizen is what I describe as ""A freakin' American.""  People who allow themselves to be manipulated toward such biases are also being manipulated into other false beliefs that do themselves and the entire nation harm.<br/><br/>Leo Toribio<br/>Pittsburgh, PA",-0.8548
125,"It's unfortunate that an apologist for the failed former Greek government, a government  that the author served in, is given an opportunity to point his finger and say ""the other guy did it"". If only politicians and academics would admit their faults rather than trying to deflect blame and deny responsibility.",-0.8625
126,Nah; he's just fed up.  And after six-plus years of being regarded as an illegitimate President he can scarcely be blamed for finally treating the contemptible with contempt.  ,-0.8632
127,"Isn't it interesting that every fact that shows Obama is a liar ""comes from FOX News"" and never CNN, ABC, NBC, MSNBC or the NY Times?<br/><br/>That's because the mainstream media doesn't REPORT it when Obama lies.  We have to see it live on CSPAN (like we did when Obama lied 27 times about Obamacare and keeping your plan) while the MSM didn't even REPORT on Jonathan Gruber until Fox News made it a national story.",-0.8738
128,"Gene, it's very simple: the man has no concept of shame, or of the accepted norms of serious adults behaving in a public forum. No sense of shame = impossible to embarrass out of the race.",-0.875
129,abie normal: no doubt San Marino would view gravely even ONE rocket fired at it from Italy!,-0.8777
130,"They mostly ignored it, because it didn't fit the narrative of the innocent black youth being bullied by a racist cop. Some even contended the video was only released to smear the deceased's reputation, which is quite rich since it in fact better informed about his character (albeit in a negative way), and helped confirm Wilson's story, both inconvenient news for those trying to ignite a racial upheaval.",-0.8983
131,"""They put their life on the line every single day for you and me, protecting our freedom. Have you done that? If you haven't, then don't question something you know nothing about.""<br/><br/>So you're saying I should remain silent because I am ignorant about that which I have been deliberately kept ignorant? But how is that my fault? I am sorry for the death of your son, but I have no intention of giving up my rights as a citizen because you wish to keep him and his comrades on a pedestal. I want to know exactly why and how each and every soldier died ""protecting my freedom"". Anything less would be an abrogation of my responsibilities as a citizen in a democratic society.",-0.8999
132,"The right to choose is not the right to lie.  Plenty of individuals identify with cultures that do not represent their ethnicity.  It appears this woman misrepresented herself for secondary gain.  Identity diffusion is associated with personality disorder, so most likely this represents a level of dysfunction and confusion she suffers.  Some people also do not back down because they are incapable of admitting wrongdoing... unable to say they are sorry as a sign of compromised ego strength.  This reminds me of a recent NYT story about a guy in Europe who became a leader within an Nazi Prison Camp Survivor Organization through claims of being one of the victims only to have been proven never to have been a prisoner himself.",-0.9136
133,"The right to choose is not the right to lie.  Plenty of individuals identify with cultures that do not represent their ethnicity.  It appears this woman misrepresented herself for secondary gain.  Identity diffusion is associated with personality disorder, so most likely this represents a level of dysfunction and confusion she suffers.  Some people also do not back down because they are incapable of admitting wrongdoing... unable to say they are sorry as a sign of compromised ego strength.  This reminds me of a recent NYT story about a guy in Europe who became a leader within an Nazi Prison Camp Survivor Organization through claims of being one of the victims only to have been proven never to have been a prisoner himself.",-0.9136
134,"As Bill Maher once said about Mitt Romney ""He's only pretending to be stupid."" Similarly, a lot of Republicans are not stupid themselves, but cynically manipulating the stupidity of much of their base. Witness the hysteria in Texas over the military exercises taking place there (""Obama is invading Texas!"").",-0.9202
135,"Outrageous. Simply outrageous...and very sad. The sanctimonious declarations by senators and representatives regarding ""closing the income gap"", ""rescuing the middle class"" and ""protecting American jobs"" are cheap propaganda in the electioneering media game in pursuit of retaining their precious, lousy jobs.<br/><br/>Is there any doubt that the moneyed interests control the legislative agenda and outcome? I am now 63 years old, and the cynicism I feel regarding our country's political process just keeps increasing with each passing year...<br/><br/>Thank you, NYT for your continuing integrity in news reporting...even when the news is so sickening.",-0.921
136,"He didn't respect us - he stole the 2000 election (or rather his father and his cronies did that for him.) He lied to us about the reasons for going to war, he lied about his own military service record, and he continues to collect unearned money.  What's there to respect?",-0.9218
137,"Here we go again! David Brooks, one of the many around this country with a short memory and a blind eye to responsibility, now says we should arm another faction of the Iraqi religious segments. How can this guy keep a job and write a consistent dribble of not only incorrect, but irresponsible articles which contradict each previously held opinion? What an insult to real thinking, real responsibility and the Times!",-0.9285
138,"@Will Collins<br/>You know what is worse?  Agitators who slander the police, claim racism, absolve criminals of their behavior, and then claim all white people are racist because they don't believe those lies.  ",-0.9379
139,"We all joke about self-delusion and politicians, but self-delusion is not a joke at all. For all the people who must have been terribly scared with two killers on the loose, this woman deserves all the jail time that she'll receive. ",-0.9455
140,"""I almost want the ACA to be declared void just to watch the GOP clown car in action after the fact.""<br/><br/>Then you want to watch them gloat and cheer the loss of healthcare for millions.  Because that's what they'll do.  Add to that listening to the lies they'll concoct to rationalize and justify that it had to killed in order to give their cruel voters a retort to charges of well, cruelty.  <br/><br/>No, you don't want it to be declared void.  It would be a tragedy larger than just for the millions who lost healthcare.  It would be an outright assault on court legitimacy.",-0.9763
141,"I'm reminded of an old question: ""At last, sir, have you no decency."" <br/><br/>As someone whose relatives where murdered by the Nazis in Poland, I can only feel revulsion and horror by this cynical ploy to turn the Nazi nightmare into soft core war porn. Sad, sad, sad.",-0.9779
142,"When I said that ideology underlies our views of macroeconomics, I was writing about self-deception. We all think we're truth-seekers and that we read the evidence impartially. But it turns, we tend to cherry-pick the evidence that aligns with our ideology. So Krugman never seems to show any doubt about whether the stimulus worked, only that it was too small. Those like me, who opposed the stimulus argue that it was ineffective and there is plenty of evidence on our side, too. Why do you think other Nobel Laureates think the stimulus is a failure? But we ignore (or dismiss) evidence that conflicts with our worldview. This is human but unpleasant to realize and confront. But in macroeconomics there is essentially no accountability. There is always a story to tell after the fact. Should make us skeptical of ALL macroeconomists and not just those on the other side, whatever side that may be.",-0.9796
143,"David Cameron is British, and I don't like him.<br/><br/>Both of those statements are ""factually true"", but utterly unrelated (I'm also British).<br/><br/>The problem with the article was conflating having a drink and the balcony's collapse.  The balcony collapsed because (allegedly) the wood (!) was rotten and snapped.<br/><br/>It was lazy journalism, and caused unnecessary offence and hurt to families already grieving.",-0.986
