,comments,scores
0,"The article that interested me the most this week was ""Supreme Court Ruling Makes Same-Sex Marriage a Right Nationwide"". I thought it was interesting because of all the controversy about it and how even though the Supreme Court passed the right people still oppose it. Most people who oppose it are doing so from religious standpoints and by saying things such as it is a choice to be ""gay"". I think what both groups of these people lack to see is that if God really did ""Hate Gays"" then there wouldn't be any because God is love right? And people don't just choose one day that they'll like the same-sex. They were born that way. All the so called ""Christians"" protesting aren't doing a very good job of being a Christian when all they are showing is hate and animosity toward this group of people. Because again, isn't God love?Homosexual people do nothing to affect every day life. I think the people who are against it fail to see that just because someone is gay and just because they marry someone they love it doesn't affect them. You won't lose a job or anything because your boss is gay and you're straight. Even after the law was passed it stated in the article some states are still opposed to it and refuse to recognize the marriages. Like the supporters have been saying ""Love is Love"" and ""Love Wins"". Whether people like it or not you cannot change or force another person to be the way that is convenient to your everyday life. Love is Love whether you support it or not.",0.991
1,There used to be a stigma in our world that if you were not married you did not have love in your life.  That is slowly changing which is a very good thing.  The nicest part of being single but in a relationship is that the default position is that you will NOT be together unless you have said you will be.   Which leaves you and the other person free to do things that you like to do but he or she doesn't.  You make plans to do the things you enjoy together and you don't feel guilty or have to compromise on the things you enjoy separately.  With women more able to support themselves than years ago it frees them up to do all kinds of things that would have formerly been impossible.  And if you are not in a relationship you can still enjoy friends and activities whenever you choose.   ,0.9895
2,"I am a devout, practicing Christian.<br/>It makes me so terribly sad that people who claim to be Christians don't understand three things that are fundamental to the issue.<br/>1) Jesus Christ said ""Love thy neighbor as thyself"". In other words, God made everyone, God loves everyone, and so should you.<br/>2) In nature, about 10% of everything, plants, animals, fish, whatever, are ""homosexual"". Which is about the same ratio as gay humans, according to many studies.<br/>3) Gay marriages are more stable than straight marriages, and the children raised in same sex households tend to thrive. Those of us who are straight could learn a lot from the examples commitment and stability gay marriage provides.<br/>So what is the  point in getting all upset about some manufactured moral position that has no basis in spirituality, religious faith or nature? <br/><br/>Very personally, one of my dearest friends, a woman who was happily married to a man for many years, widowed, and has several children (both her own and adopted) and was alone for many years, just told me she is now engaged to her (female) life partner. I am thrilled for her, for them both. They love each other very much, and they just want to be married. <br/><br/>Nobody has the right to steal or interfere with anyone's happiness. It's guaranteed in the US Constitution and is the most basic of human rights.<br/><br/>My fellow Christians who have trouble with gay people: Get over it. Read your bibles. Remember what Christ said. Be supportive or shut up.",0.977
3,"I am single but I feel that marriage is still the best situation to be in, if it's a happy one. I am content being on my own but I would marry again, or live with someone, if I met a compatible person because I truly dislike dating and traveling between two households. My single male friends are even more keen to find a partner but they all say they would not marry again. I guess most people do want companionship but not necessarily full time or under the same roof.",0.9719
4,"""Of course, you’ll need to talk someone into coupling up with you in the first place, after explaining that you’re not so big on financial obligations but that you really, truly intend to honor marital ones.""<br/><br/>The author's strong implication is that to renege on a student loan is comparable to disloyalty in marriage.  But it isn't.  One can treat financial institutions in a way that is wholly separate from how she treats friends, family, and spouse.  And do so with a clear conscience without having a character disorder.<br/>Joseph in Missoula",0.9644
5,"I am the mother of a 24-year-old young woman with Down syndrome, She is, with my other two children, the joy of my life. <br/><br/>However, It was very hard for my husband and me to face that diagnosis in the first days after her birth. I wanted things to be different. And I was sure I was not cut out to be a ""special ed parent."" <br/><br/>It does not surprise me that so many parents choose to terminate a pregnancy if prenatal testing indicates DS. I might have done that had I undergone amniocentesis early in that pregnancy. I think the decision about termination is is made for most parents, whether or not they realize it, when they choose to do the testing.<br/><br/>If legislators want to assure that more babies with DS are born, they should focus their energies and their funding on providing support and information at the point when the DS diagnosis is made prenatally when parents need to hear that they can raise those children to have good lives, lives that are valued by society. And legislators also need to prioritize Medicaid, SSi, SSDI, daycare, education and other funding that supports people with disabilities into adulthood--especially in families with limited private resources.",0.9628
6,"No one is demanding that any woman must have an abortion if she becomes pregnant by any means. But it remains that legal termination must be safe for those who do. Free choice for women is implicit in the constitution : life, liberty and the pursuit of happiness for all, women included! ",0.9628
7,"No one is demanding that any woman must have an abortion if she becomes pregnant by any means. But it remains that legal termination must be safe for those who do. Free choice for women is implicit in the constitution : life, liberty and the pursuit of happiness for all, women included! ",0.9628
8,"a) I hope your daughter's IVF was successful; I know it can be difficult so bravo to her for going through it.<br/>b)  which organizations did she approach?  I would be surprised if Planned Parenthood were not be out there championing said issue.  I have a friend who has undergone the procedure several times and has received 100% support from the women's organization for which she works.<br/>c)  you're crabbing about women's organizations for allegedly not demanding health insurance coverage for IVF, when the point is we should not be in the situation of having to demand it!  That's the outrage.<br/>d)  Opportunity for women and a lack of freedom of choice is an oxymoron.  By definition a lack of control over one's own body is a reduction in one's access to opportunity.<br/>And just to be clear, 'mandated birth control' is not correct;  ""mandated insurance coverage for birth control"" is what you mean.  ",0.9626
9,"A friend of mine was told in the early months of her pregnancy that her baby might not be well and hinted at her terminating the  pregnancy. She was extremely worried during the entire time but she and her husband decided to continue the pregnancy due to strong religious convictions.  <br/><br/>Her ""baby"" is now 38 years old, 6 feet 2 inches tall, handsome, and a Captain in the Marines with a very bright future. I know she is glad that she did not listen to this insensitive and foolish doctor who had her sick with worry.  <br/><br/>I know people who could not abort an unhealthy baby and that is their right.  As a pro-life woman, I could never abort a baby but I am not God and would not judge a woman who had an abortion due to a baby that was unhealthy.  They know there capabilities.  I do not admire a woman who aborts a perfectly healthy baby due to inconvenience or some other selfish reason.  There is adoption and many couples would love to have these children as part of their families.",0.9507
10,"VanPastorMan,<br/>Fear not! Most likely you will never be asked to perform a marriage ceremony for a same sex couple let alone be forced to perform one. Let's face it, you would just be one huge negative energy ball casting a pall over the ceremony. Why would any same sex couple ask someone who is opposed to their marriage to be at their wedding, let alone be the officiant? Do you perhaps think that same sex couples are more interested in forcing you to do something you find abhorrent than they are in having a beautiful ceremony? Guess what. When two people get married it is about them. It is not all about you. So, maybe you could think about just getting over yourself; I would guess that your chances of officiating at a same sex wedding are minimal. <br/><br/>We have choices, as you point out. And there are many wonderful, loving and deeply spiritual men and women who will happily officiate same-sex marriage ceremonies, blessing the union and celebrating with the couple. So, relax, you are probably not going to be in demand for same sex weddings anymore than take pizza is. <br/><br/>My hunch is that your fears about your tax status being denied because you refuse to marry same sex couples are just another waste of your energy. Think Hobby Lobby and the Supreme Court. Not exactly the same thing but you get the drift. <br/><br/>And just so you know, I don't hate you or wish you ill either, VanPastorMan. I just can't condone your practices or be a party to them.",0.947
11,"I'm against abortion personally but am convinced that giving women medical care and options will REDUCE the number of abortions. How can all these (mostly) men be so sure that their control over women will produce more ""life""?",0.9467
12,"I assume therefore that you support abortion rights and free contraceptives for teenagers. (And these should be effective contraceptives, like IUD's.) And don't forget sex education in schools! If you don't - if you follow the conservative ideology that this is wrong - you will have to accept the existence of unwed mothers with children, and accept the fact that they will need government support.",0.9465
13,"This issue could be firmly put to rest if States would declare marriage a religious designation in which they have no business and which has no legal status. Then comply with the supreme court and allow legal unions for gay and straight couples. The ""marriage license"" becomes a civil union license. Churches are then free (or not) to offer their ""marriage ceremony"" based on their beliefs. Freedom wins all around, and we can move on.",0.9451
14,"as far as I know, the only non-barrier birth control for men is a vasectomy.  It's a simple procedure, but reversing it isn't.  Whoever invents a male contraceptive pill will be rolling in money. Imagine a world where men never get blindsided by real or imaginary birth control failure! On the other hand, apparently the female reproductive system is easier to chemically prevent conception.  Not every woman experiences side effects.  Quite a few have no side effects, while many have only minor ones which they consider a worthy trade-off to pregnancy.  Your use of the phrase ""chemical castration"" is both inaccurate and implies that you may have personal issues which influence your opinion on a general matter.  Castration is permanent, hormonal birth control is not.  And there is nothing wrong with women taking charge of their bodies (as well as their future prospects), by making pregnancy a choice, not an accident. ",0.9338
15,"If you feel so strongly about people in the developing world limiting the number of children they have, I am sure you must be donating money to ensure they have access to effective birth control like is easily available in our country, allowing you to limit your family to one, right? Otherwise would be hypocritical....",0.9318
16,"Well, well, how nice of the VATICAN to weigh in.  We all know what the Catholic Church preaches and teaches on this subject.  You have anything NEW to add?  All abortion should be legal, up to the moment of birth, especially for those women who have the rough luck to be carrying a child with abnormalities.  I knew a woman who was in her 8th month when it was discovered the fetus had a hole in its heart and its kidneys were developing on the OUTSIDE of the body of the baby.  It was going to die.  She went home to think about her options...the baby died in her womb that nite.   She, if the child had continued to live, should have been allowed to have an abortion easily and quietly.  The idea that we are going to force women to carry these kinds of children to term is barbaric.<br/><br/>Not everyone is cut out to care for special needs children, and Republicans certainly don't want to fund lifelong care for these kids.  The Vatican isn't going to kick in either, so until you guys are ready to pony up, I suggest you leave these decisions to the women making them.",0.931
17,"The law can call homosexual unions marriage, but that doesn't make it marriage according to the millenia-old definition of the word.  The institution of marriage was created for one reason:  to protect women and children from predatory elements in the culture.  It has existed for that reason in various forms for thousands of years.  It was not necessary to re-define the term to give homosexuals equal rights under the law.  Those rights were coming anyway and most Christians were supportive of them.  All the Supreme Court decision does is muddle the language.  <br/><br/>Christians and cultural conservatives need to concentrate on improving the condition of actual marriage in the culture and extoll the virtues of it.  Unions based on sodomy are not the same as marriages whereby we perpetuate the race in something resembling orderly fashion.  The proof:  there would be no homosexuals if there were not heterossexual sex.  You cannot say the opposite is true, that there would be no heterosexuals if there no homosexual sex.  <br/><br/>There was no need for the Court to change the millennia-old definition of marriage to guarantee equal rights for gay couples.  It was coming anyway.  All they had to do was call unions based on sodomy civil unions and extend equal rights to all.   The decision as written constitutes a gratuitous insult to religious believers of all faiths and cultural conservatives who are trying to preserve some sense of sanity in our national life.  <br/><br/>The fight is just beginning.  ",0.9306
18,"No, we won't tell them to put down the forceps and just become a clinic because, however queasy we may become at discussing medical treatments, they, including abortion, are sometimes necessary. I don't know of anyone who regards an abortion as a happy event. We all wish there were fewer of them and welcome any program that contributes to a reduction in the number of abortions. But someone will provide abortions when they are needed, and Planned Parenthood is certainly among the most responsible such providers. They deserve the support they get. Period.",0.9299
19,"Though a conservative-leaning libertarian, I've long thought this should not be an issue. Two consenting adults should be able to do as they please. Period. Freedom includes the freedom for others to do something you don't like.<br/><br/>But let's be honest: forcing a Christian baker to make a gay wedding cake violates that baker's rights, as well. So the radical homosexual activists are simply pushing it too far.",0.9287
20,"The Loving case was decided half a century ago. As a black woman married to a white man for almost 30 years, we just chuckle when asked, ""separate checks"" when we go out for a meal, or are asked individually if we need assistance when we walk into a store. Early in our relationship, an eastern European immigrant refused to rent us an apartment because she didn't approve. Rich, that.  My point is just because it's legal doesn't mean everyone is on board. <br/><br/>As one who recognizes that a change in the law won't necessarily change people's opinions, I wish every citizen a long, happy marriage with whomever they love. ",0.927
21,"Rea Tarr,<br/><br/>I am a pro-life woman and never agreed in the decision of Roe  vs. Wade.  I should have gotten involved in the anti-abortion movement back then but had other  commitments.  Of course, the ultrasound has been a godsend and now I have more time to devote to the pro-life cause.  We have made great inroads but the fight is not over.  We march on and have many young people joining our cause.  ",0.923
22,"I wonder how many stating theirs is a happy marriage are still on their first? Like some prominent Republican politicians, many of my Republican friends like to expouse family values and the sanctity of marriage .... until their first sign of marital unhappiness. Then they start shopping around for their next spouse while still married to their current. They change partners and remain in the next marriage until the first sign of unhappiness and then start the cycle all over again.<br/><br/>My point is that, unlike committment, happiness can ebb and flow.",0.9118
23,"Of one thing I'm certain: current and future marriages of gay people or, indeed, of straight people will have no effect on MY marriage.  But it does seem that the more love there is in the world, the better off we shall all be.",0.9098
24,"This is certainly a step worth celebrating in the fight against pimps.  <br/><br/>On the political front, the states of Nevada and Arizona recently passed laws imposing harsher penalties on pimps convicted of peddling youth, thanks to the interventions of local broad-based organizations 'Nevadans for the Common Good' and 'Arizona Interfaith'.  Both organizations accomplished this feat by talking with their neighbors, inside and out of religious congregations, identifying legislative allies both Republican and Democrat, and thus creating the political will to strengthen the hand of law enforcement against pimps.  <br/><br/>It'll take civic, public AND market sector strategies to end abhorrent trafficking.      <br/><br/>Arizona Interfaith's work was documented here: <a href=""http://valleyinterfaithprojectaz.com/2014/04/vip-ain-leaders-celebrate-passage-of-hb2454-increasing-penalties-against-sex-trafficking-of-minors/"" title=""http://valleyinterfaithprojectaz.com/2014/04/vip-ain-leaders-celebrate-passage-of-hb2454-increasing-penalties-against-sex-trafficking-of-minors/"" target=""_blank"">http://valleyinterfaithprojectaz.com/2014/04/vip-ain-leaders-celebrate-p...</a><br/><br/>Work in Nevada is covered here: <a href=""http://www.swiaf.org/news/nevada-governor-signs-anti-sex-trafficking-bill-into-law/"" title=""http://www.swiaf.org/news/nevada-governor-signs-anti-sex-trafficking-bill-into-law/"" target=""_blank"">http://www.swiaf.org/news/nevada-governor-signs-anti-sex-trafficking-bil...</a>",0.9022
25,"Quite a few years ago a friend and I were discussing ""gay"" marriage.  We live in CA and at that time ""marriage"" for gays was civil in CA and there were several votes on making it legal which several were defeated and then it passed.  My original response was, if it makes people happy why not, it's not going to affect me at all.  Now it's legal in all the states and ""portable"".  For those it affects best wishes, it may seem it took a long time but this country moved on this issue and moved pretty quickly.   ",0.8945
26,"Given that 70% of births to black women are illegitimate -- 40% of births to white women -- and 65% of births to hispanic women -- apparently nobody is denying women in the US the right to get pregnant or have a baby. <br/><br/>It is hilariously wrong to think that government policy forces women to abort (due to lack of .... public transit?).<br/><br/>Women on welfare, teenage unwed girls, are having babies in record numbers and there have NEVER been more women with kids on welfare in history -- never. God knows, we do everything imaginable to help such women including 100% free healthcare, free education, subsidized or free housing, free food and even a free cellphone.",0.8906
27,"The new tactic to fight homosexuality is the heteroization of gay people -- getting married and having kids just like straight people.  And to do away with sissy queens, the medical industrial complex is pushing trans-ism on us -- have surgery and take hormones and you can be straight too!  We were better off being proud of our deviance, because no matter how accepting people may seem, behind your back straight people still think less of us.",0.8858
28,"Few of the very best scientists and mathematicians, artists, sculptors and architects, musicians, poets and playwrights of all time had children. Few of them married. It was impossible for me to work at my full potential and to care properly for my wife and children. For better or for worse, I chose the latter. You can't have your cake and eat it. If we're fortunate, we have choices. So choose.",0.8858
29,"It is much smarter to have a few sugar daddies than to sell sexual favors to a bunch of dangerous total strangers. An educated woman might choose that option. It appealed to me when I was young, but now I want freedom, and if you depend on a man to pay your rent, you have no freedom. I'd rather write and teach for a living. Most sex workers are drug addicts. They can't get more drugs unless they become sex workers. This is slavery, not freedom.",0.8807
30,"It's called ""Pro-Life right up to the moment of birth. While you're a fetus, you are a precious life that must be protected. After you're born, please don't bother us. In fact, you don't smell very good.""",0.8731
31,"Excellent article on how the recruiters work.  Recruitment methods work for a variety of people:  military, churches, cults, gangs, etc.  To say this method is solely used by Islamic extremists is overly narrow and simplistic.  Her FAS (fetal alcohol syndrome) makes her even more vulnerable than most.  I wish her the best.",0.8658
32,"I agree completely. And all the women, like me, who used their facilities for birth control and advice should also speak up. And all the couples who made wiser decisions with the knowledge that there was a safe, legal means of ending a pregnancy if they ever had to make that decision.",0.8625
33,"People who have no religion have no protection under the law, only religious people get special treatment for their choices in life. Sad but true, there are still 13 states where atheists are not allowed to run for office and most states say that you can discriminate against atheists for pretty much any reason. <br/><br/>Here, pretty much every hospital is a Catholic hospital and they do not care if you are an atheist, the still send in priests to talk to patients.  They give women a hard time about getting a tubal ligation after they have babies and they make the husband ...NOT the mother decide if she can have the tubal ligation or not.<br/><br/>It is ok for the religious to discriminate, like Hobby Lobby and and anyone who does not want to serve gays but everyone else gets no special rights for things they chose to do. Religion is a choice a choice that can be forced on everyone else. ",0.8582
34,"Why should any taxpayer have to support anyone who brings a child into this world without the proper support system? Poverty should be it's own best deterrent. Poverty should never be made easy. Me and my wife went through credit card debt not once but twice. After the second time, we cut up the cards and live on cash only. One of the best things to ever happen to us as far as financial security goes. We did without a lot and our kids didn't really realize it at the time. With the availability of abortion clinics and birth control, there should be very few children out of wedlock. It really is as simply as that",0.8223
35,Rohit - If a father chooses not to pay child support it doesn't even go on his credit rating.  Very few men are forced to pay support.  It's easy to get away with non payment.,0.8172
36,"I thought that abortion is one of the services offered because it is doctors who decide what services are offered, not pundits or politicians.  I thought the basis for allowing the offering and not criminalizing it is rooted in privacy right, that the government cannot interfere in the zone delineated in Roe v. Wade.  Why does the column read as if what constitutes medical practice is something up for grabs, to be determined by legislators, politicians, and commentators?  Are we also going to second-guess whether we like colostomies, too?  amputations?  hip replacements?  And why doesn't the column recognize the determination that has already been made by the Supreme Court that the government not interfere in this decision in the way its author happens to prefer?  Reminds me of the arguments President Obama was debunking earlier today about the Iran nuclear deal -- opponents seem to want to make up a new reality, a new starting point for discussion and argument, rather than dealing with where we actually are on these issues now, the point to which we've actually come.",0.8053
37,"I've long felt that the push for gay marriage was an effort to obtain ""respectability"" by certain elements of the gay community. I would add that I'm gay myself and have been out for 25 years. I do agree that being legally married is simply one way of living one's life, neither better nor worse than being unmarried. What I took from Justice Kennedy's opinion was his very idealized and traditional view of marriage, perhaps which arose from his own long and, apparently, happy marriage. There are many of us who have no interest in marrying and who lead happy lives. I'm happy for those who now have the right to legally marry the partner of their choice, but I can't help by thinking that as the gay community becomes mainstreamed, its concern for the other, the unorthodox, the different in society will diminish. ",0.8037
38,You're welcome to it. I prefer the autonomy I have now to the controls of a bureaucracy doing what it thinks is best for me. ,0.802
39,"...which is an entirely different issue. Pro-life does not mean pro-gun, generalize much? And yes, PP is definitely profiting off the deaths of children. On their website an abortion is listed a costing $1500. They perform approx 300,000 a year. You do the math. ",0.7906
40,"Amen.  its very easy to become so combative about being right, and making sure everyone knows it, that when it spills over into your personal life it means trouble. What equals success there is not how people on the outside want to be treated at all. ",0.7778
41,"If gay marriage cannot now be prohibited under the Fourteenth Amendment, can churches continue to discriminate against gays and still keep their tax exempt status?  <br/><br/>I think not.  The next thing we will see is churches reversing their anti-gay stance because they cherish the tax deductibility of contributions made to them even more than their fondness for discriminating against gays.",0.7759
42,"A landmark decision in its symbolism, and good news for the cause of equity in sexual preference as well as race and gender.  A day to celebrate!<br/><br/>But this decision leaves untouched one major issue that will keep on plaguing us in everything from health care to education:  the role of religion in American life, and how far our laws must go to support it.<br/><br/>The Court found a muddy, garbled definition of 'marriage' reflecting our roots as a de facto white, protestant society, and left it just as muddy.  It has a number of unsavory implications.  Will every minister, rabbi, imam, or priest be forced to conduct marriages their faith hold abhorrent?  Will churches risk their tax-deductible status if they discriminate against same-sex couples?   As much as I dislike his vote, gotta agree with Justice Alito's analysis that this decision gives the state power over personal conscience.<br/><br/>The Court missed a golden opportunity to sever church and state for good. It could have established a Constitutionally-guaranteed right for all couples, gay and straight, to enter into a complete civil union with the same features we associate with marriage.  That would leave each church the right to bestow its sacraments as its sees fit -- but without using the state as enforcer.",0.7752
43,"Many people can successfully be single parents provided they have the tools and resources.  Those typically require the mother or father to wait until they've established themselves.<br/><br/>We're not going to stop teens and young adults from having sex until that point, so the obvious solution is comprehensive sexual education and low cost or free access to birth control.<br/><br/>Those well proven approaches do not however work for the GOP because many of their most vocal members have a problem with premarital sex.  So instead they call for more marriages and nuclear families and ignore the consequences of their preferred policies.",0.7751
44,"Let's start asking all male candidates intimate questions about their sperm, and the health of their sperm, and ask them to submit to regular ultrasounds of their sperm if they want to have sex, and the motility of their sperm. Just to be fair, you know. And when they call for Congressional hearings, make CERTAIN that all of the ""experts"" called to testify are women. Just to be fair.",0.7739
45,"This isn't about abortion or women's rights.  It is about infanticide and the ghoulish selling of infant organs and the ""less crunchy parts""  of babies.<br/><br/>At this point most Republicans and most Americans believe in a Women's right to contraception, the morning after pill and first trimester abortions.<br/><br/>But the moment the fetus reaches viabiltiy, and can legitimately be expected to survive outside the womb separate from the mother - the fetus becomes a baby.  <br/><br/>At that point the debate is over.  It is no longer an article of faith based on religion - there is no atheist in the world that can look at an ultrasound of a fetus that has reached viability and say ""that's not a life, it's  just a lump of cells""  Nope, anyone who looks at that ultrasound will say ""wow, it's a Boy! or It's a Girl!<br/><br/>So for the Democratic Party to support the legalized slaughter of these innocent infants absolutely horrifying in its inhumanity and callousness.  <br/><br/>I really do hope the GOP sticks to their guns on this one.  Because for Obama to threaten to close the entire government down in support of infanticide, is  a bluff that needs to be called.   The entire moral soul of our nation depends on it.",0.7697
46,"Since according to Guttmacher.org, ""six in 10 American women having an abortion already have a child, and more than three in 10 already have two or more children"",  perhaps they are more concerned with caring and supporting the children they already have, instead of pursuing their ""self-indulgent, narcissistic pleasures"".",0.7479
47,"This guy is an oath-breaker and sectary.<br/>The GOP is the party to keep the conservative ideas, such as religious beliefs and traditional heterosexual morality. I'm not sure this candidate is capable of giving America what she really needs!",0.721
48,"Decriminalizing sex work is great for countries that have properly-functioning governing bodies. Norway and Sweden governments and police forces are open and held accountable. <br/><br/>Decriminalizing sex work is terrible for countries that have corrupt governments, police that aren't held accountable, and are societally less inclined to help women whether it be because of archaic principles or religion.<br/><br/>There is a huge difference between how decriminalizing sex work will impact sex workers in both environments. We cannot pretend there is a universal solution for this. What works in Europe will not work in India. It's awfully ignorant to think that it will. ",0.7131
49,"he talks about 'enthusiastic churchgoing' but what lessons have he &amp; those screaming for him on the right learned?<br/><br/>Matthew 19:21 ""Jesus answered, “If you want to be perfect, go, sell your possessions and give to the poor, and you will have treasure in heaven. Then come, follow me.”<br/><br/>Matthew 19:9 ""And I say to you, whoever divorces his wife, except for sexual immorality,[d] and marries another, commits adultery; and whoever marries her who is divorced commits adultery.”<br/><br/>doesn't seem like that much. btw, Frank, i think you'd need more than just 1 page of the NYT for your list.....",0.7127
50,"1) If a teenager has to get consent to see a naked person in a movie, a potentially deadly (for the mother) and certainly deadly (for the baby) procedure should have at least the same level of parental consent.<br/><br/>2) Planned Parenthood was founded on stopping the ""browning of America.""  The sheer fact that conservatives are pro-life for everyone, regardless of class and station in life, should be enlightening to the starry eyed liberal mob, and show the true colors of who would like to see the advancement of all people and not support the government enforced poverty of the left. ",0.6948
51,"How do you know when life is ""present""? What is the definition of life? How can you force your definition of life on others? If you feel that life begins at conception, fine, don't terminate your pregnancy. But for those who disagree with your ""biblical, 2000 yr old"" definition of life, please respect their (and my) opinion.",0.6848
52,"I liked your analysis of the changes in our trust over the years due mainly to the organizations we trusted breaking faith with us.<br/>I do disagree with your statement about allowing parents to make individual choices. NOT where the health of others is concerned. We have departments of children's services for when ""parental choices"" are not good. Not all parents make good choices.",0.6796
53,"Nonsense.<br/><br/>I only smoked for a few years of my life, but I liked it then and still like it now.<br/><br/>There are many things people like that they choose not to do because it is bad for their health.",0.6652
54,"If I took my partner's last name, I'd be Eileen Leen, which sounds at best singsongy. That's a practical reason for you.",0.6369
55,Should elderly people who fall in love not be allowed to marry because they can't procreate?,0.6369
56,"""Your body, your choice."" . . . Unless of course you're being dismembered. Then I suppose your freedom of choice doesn't much enter into it. ",0.6369
57,"Stambo - I am trying to respectfully read and understand you comment. I disagree with much of it, but do not wish to argue, but I would like to comment on the last paragraph. <br/><br/>You speak of mothers ""believing in abortion"", implying that those mothers would have no children. Take a deep breath and understand: you can believe in the right for women to choose and not have an abortion with every pregnancy.  . My mother, like many mothers, supports the rights of other women to control their bodies. I guess you could say she ""believes in abortion"", and yet she had a number of children.<br/>People are both pro-choice and pro-family.<br/>There is no irony or absolutes with this issue.",0.6145
58,"I am all for gay marriage and would welcome a gay couple as neighbors and invite them over for dinner, drinks, etc.  Being gay is not a disease - it is who you are.  BE who you are.  It is your life and your right.<br/>I agree with some of the other posts when they question why David feels the need to make a public announcement.  Not just him but gay people in general.  You don't have to tell people you're gay - just BE gay, live your life.  There will always be people who do not accept who you are and what you do.  If they don't pay your bills give them no concern.  Live your life and be happy with who you are.  Simple. ",0.6083
59,I guess it is hard for a group to give up on the monopoly  of marriage that straight couples have enjoyed since the dawn of civilization.,0.5859
60,"Debbie,  as pointed out PP is one of the most effective ways to reduce abortions.  Why would you want to cripple that effort?",0.5709
61,"Sounds like polygamy is next... “These justices know,” Justice Scalia said, “that limiting marriage to one man and one woman is contrary to reason; they know that an institution as old as government itself, and accepted by every nation in history until 15 years ago, cannot possibly be supported by anything other than ignorance or bigotry.”",0.5481
62,"Well, there is the small matter of married people having sex (and of course thereby having children) together, and also the now well documented fact that married people have happier sex lives than non-married people.  But hey, aside from that, sure, no relation between the two.",0.5423
63,"Actually under Obamacare, IUDs have been 100% free for years now.<br/><br/>Under Medicaid, which all poor women have, IUDs had been 100% free for DECADES now.",0.5423
64,"""Tell me what right do they have now that they didn't have before.""<br/><br/>The right to marry, duh!  Inheritance rights.  Health care rights.  Being treated as equals before the law and in society.",0.5411
65,"I am agnostic on the issue of same sex marriage and am happy for the countless couples who will now be able to marry. However our democracy does pay a price when the court declares the matter closed.  Consider this:<br/>The right to an abortion, the right of corporationsand umions to spend endless cash on campaigns and now the right to same sex marriage are all constitutionally protected because Tony kennedy says so.<br/>Whatever one thinks of those rights thats an awful lot of power for one man to have",0.5106
66,"Oh, these comments are making my heart hurt. And also my head nod. Divorce isn't really divorce with someone like who we're dealing with, right? It's a lifetime of maneuvering and navigating and having your defenses and wits sharp and at the ready. It feels like battle, day in and out. It's crazy-making. I naively thought that with divorce came a kind of freedom, but with two children between us, I still struggle to know that freedom. It's exhausting. He was charming. I had on blinders. Things really came undone after the first child, and then he was masterful at helping me believe it was all in my head. This - marrying and divorcing someone like him - has been the most painful lesson of my life. It IS a kind of brutality. ",0.4998
67,"After much thought, I have decided you are right. So I am going to divorce this lady that I have been married to, for far too long, and seek out some new relationships before it is too late. Happiness and contentment can be so boring.",0.4782
68,"No one is going to force any church or minister to perform a wedding they are opposed to on religious grounds. They already do have the right to refuse to marry anyone they wish, and they regularly exercise that right.<br/><br/>Someone with a business license to provide services to and accommodate the public, isn't in the same league at all. Their religious practices and beliefs are not central to their business, nor was it a part of their application process and what they agreed to in accepting their business license. ",0.4588
69,"It is the pregnant woman's choice; not yours, not some ignorant witch doctor nor anyone else.  You are forcing your myopic views on someone else, someone unknown to you.  ",0.4449
70,"Where would you like me to be ""serious"" about politics? MSNBC/Foxnews/Cnn/Network news? The only choice I have is perhaps BBC/Frontline.One choice was Jon Stewart.",0.4329
71,Would be interesting to trace bailbondsmen's campaign contributions to judges.,0.4019
72,"The GOP manipulated America's politics with nearly four decades of ""culture war"" over gay rights that were entirely unnecessary.  In the early 70s, Democrats and Republicans, for different reasons and to varying degrees, sometimes found themselves on the pro-gay side and on the pro-feminist side.  Instead of moving forward, the GOP funded polarization to keep themselves going, marrying (ahem) themselves to the Religious Right, not because of any great affinity, but because it allowed them to hold onto fiscal and foreign policies that were otherwise unpalatable.<br/><br/>Now they want to do it again over ""religious freedom"".  Can we please not let them?  ",0.4019
73,"No, it's theory blather intended to disarm gay men who choose to live in any kind of non-alternative manner. It's rhetoric intended to make anyone who doesn't hold the same values as the speaker feel as if they are sell outs. It's a way of preferencing certain lifestyles above others. ",0.3818
74,It might protect the child's' health while in the womb.,0.3818
75,"Yikes, I had to do it 3 times before I got all those squirrels straight.<br/><br/>Next time how about a theme, say female anatomy and reproduction?<br/><br/>And, don't be so Republican and limit yourself to only the top ten. It's the R's who gerrymander and limit options, rig voting machines and shut out all participants. We're not Fox - we're democrats! Bring out all the lunatics!<br/>And, no, I didn't recognize that Rand Paul 'abortions are low-flush toilets'.<br/>I'll have to goggle that one..... after my coffee. Thanks, Gail.",0.3786
76,"Supreme Court Ruling Makes Same-Sex Marriage a Right Nationwide<br/>By Adam Liptak<br/>Published June 26, 2015<br/><a href=""http://www.nytimes.com/2015/06/27/us/supreme-court-same-sex-marriage.html"" title=""http://www.nytimes.com/2015/06/27/us/supreme-court-same-sex-marriage.html"" target=""_blank"">http://www.nytimes.com/2015/06/27/us/supreme-court-same-sex-marriage.html</a><br/>As of last Friday gay marriage was finally illegalized for all 50 states. In my opinion this is a step in the right direction. Personally I've never had an interest or an opinion on the fight for gay marriage, but I do have a strong opinion on equality. I believe America's history is pretty messed up by believing a certain race, gender, or person is above all others. To my knowledge the vote on subject was a five to four majority vote and I believe that's wrong. Now I want those four people to realize what they where doing. They are basically saying I refuse to give 5.6 percent Americans the rights of the other 94.4 percent. ",0.3736
77,"bmmg39: FYI, ""cells"" are not Americans until they are born, or minimally, viable outside the womb. Duh...",0.368
78,"Jurisdictions with the most stringent restrictions on abortion also attempt<br/>to limit or prohibit access to contraceptives. Instead of fewer abortions, they end up with more, though not necessarily legal or safe.",0.3674
79,"So many unkind responses.  Allow me to make a decision within my value system, circumstances and the law.  In turn you make your decision without my interference in a situation that I know nothing about.  Pro choice is not pro abortion but simply a choice not to involve myself in someone else's difficult decision.  Luckily I never was faced with needing to choose.",0.3423
80,"Marriage is a civil ritual that Christianity inserted itself into only in the 12th century.<br/><br/>Civil recognition of marriage brings on many civil rights and privileges that prevent the citizenry from having a court decide every little thing like who makes medical decisions for you or who inherits your money.  <br/><br/>Sure, continue to have whatever religious recognition you need for your marriage (and subsequent divorce for 50% of us), but your version of God has no place in discussion of civil marriage.",0.3206
81,"My understanding of pregnancy (and I've been a health professional for some 40 years) is that it requires a male also. I suppose it is possible that, as an alternative to Planned Parenthood and other contraception, we could confine all unmarried males, as well as those who have sex with anyone other than their wives. Perhaps a desert island would do? ",0.2732
82,Dennis - You had an abortion?  Pardon me for asking but isn't Dennis a man's name?,0.2523
83,"Posting by jroll:<br/>In the Roe decision, SCOTUS never defined Life, even tho it declared it was not known when ""it"" began.  Many people, particularly men and older women supported abortion, believing any attempt to describe fetal development was rooted in religious belief not scientific fact and cited the Justices in the Roe decision. The video clearly describes the evidence of fetal development. For many pro-choice people this is a shock.  The Republicans, however, are not saying let us reopen the conversation about all abortion. Nope. The focus is to attack Planned Parenthood, whose crime is not that they proform abortions but that they support Democrats.",0.2382
84,"Marriage is a legal convenience.  And, sometimes it's a legal inconvenience.  Marriage is certainly not required.",0.2263
85,"Backwards, backwards, backwards we go.  Make it less accessible and women who have $$$ will go to New York or wherever...and women who do not have $$$ will either get back alley abortions or give birth to unwanted children who will appear on the welfare roles.  Note to the conservatives:  You CANNOT have it both ways.  Either provide helpful PRE-CONCEPTION education and protection or get out of the way.  ",0.2263
86,"This idea may be true, but only until you find you need to be divorced: then marriage is a contract situation mainly involving money and possibly kids.  It has next to nothing to do with religion when it ends.  Plus, they don't have divorce cakes.",0.2263
87,"""I do not believe that just because you're opposed to abortion, that that makes you pro-life. In fact, I think in many cases, your morality is deeply lacking if all you want is a child born but not a child fed, not a child educated, not a child housed. And why would I think that you don't? Because you don't want any tax money to go there. That's not pro-life. That's pro-birth. We need a much broader conversation on what the morality of pro-life is.""<br/>Sister Joan Chittister, O.S.B.",0.1531
88,"First of all, yes they can. Secondly, why do people talk about the ""morality"" of the issue? There is nothing that same sex couples do in private that heterosexual couples don't do, so exactly where is the ""moral"" argument?",0.1431
89,So true. So obvious. The pro-birth movement has nothing to do with children or families. It's been clear for very long time that it has nothing to do with women. Demanding unwanted children be brought into the world and doing nothing to help them is truly immoral in my book. ,0.1368
90,"These people are irrational. Do they mean to say that they are fine with abortion for any other reason, just as long as it's not Down syndrome?<br/>I doubt it...",0.1306
91,Perhaps all men were created equal but that is where the equality ends both by outside influences and personal decisions.,0.128
92,"In New Zealand, prostitution is legal and regulated.  There is very little pimp-driven trafficking there.  Keeping the industry completely underground invites trafficking, it would seem to me.  ",0.128
93,"Interesting that some conservatives consider having a baby as proper punishment for women having sex out of wedlock, or even if married, when they can't really afford it.  All children deserve to be wanted and loved.  They should not be considered as punishment!",0.126
94,A cogent riposte. All sorts of power discrepancies are tolerated in every other sphere of life... but in the area of prostitution the bar suddenly becomes much higher. <br/><br/>If that's the game then dating and marriage has to have a 10% rule: no partner can be permitted with an income 10% less than their mate. No gifts and meals allowed either.<br/><br/>There. Perfect equality for all.,0.1154
95,"Infant mortality rate studies by state show those states which have stronger anti abortion laws have higher infant mortality. Seems once the kid's born, he's on his own.<br/><br/>As I say, the sure way to convert a prolifer to pro abortion (not pro choice) is to say the fetus has no  health insurance.",0.1027
96,"Both gun control and environmental regulation have strong financial interests opposing them.  We know the NRA receives a great deal of funding from gun manufacturers and obviously industries polluting the environment oppose anything cutting into their profits.<br/>As to abortion and the death penalty.  There are no doubt some who oppose the first and support the second who do so based on moral beliefs (although it should be noted that by doing so there appears to be a great deal of inconsistency in those beliefs).  However, the primary reason is politicians finding them easy issues.  If there was a moral basis to their beliefs then how could Ronald Reagan have signed one of the most liberal abortion laws in the country when he was governor of California or how come George H.W. Bush wasn't bothered by his mother being president of Planned Parenthood in Connecticut.  As long as politicians believe they can get votes on these issues and avoid doing anything about the real problems in this country like economic inequality it is doubtful they will ever change.",0.0931
97,Definitely can’t deny that.,0.0772
98,"That last sentence, other than your imagination, From where do you get that statistic?<br/><br/>You are gay bashing couched as a call for equality.",0.0772
99,"decades of vaccine use by pregnant women and almost always with positive results  is proof enough.  That is, of course you weren't aware of it all of these years.. Being stuck in the closet reading anti vax literature would explain it though.",0.0094
100,The decision was about CIVIL marriage. Religious marriage is still separate.,0.0
101,What specifically makes these clinics unsafe?,0.0
102,"More nuttiness. ""Life begins at conception"".  Potential life begins at conception. Fetal life begins at implantation. Human life begins at birth, and we protect potential human life by restricting abortion after the point when a fetus is thought to be viable outside the womb. ",0.0
103,an embryo,0.0
104,Isn't this the man who would force women to give birth to a baby with Down Syndrome?  Seems a little to science fictiony for me.,0.0
105,"""they seek ways to intrude on women's bodies,""<br/><br/>Do you consider requiring abortion clinics to meet the same standards as other surgical centers to be ""intruding on women's bodies""?  The person who is literally ""intruding on women's bodies"" is the abortionist.",0.0
106,Anyone who thinks the internet is tv is so going to get blindsided when the current trend is washed away by the next big thing whatever that is.,0.0
107,"The NYT's coverage of reactions in Texas needs updating - Travis County began issuing marriage licenses to gay couples at 10:30 a.m. local time today (Friday) and several marriages have already been performed, according to the Austin Statesman.",0.0
108,"What is the practical method for a ""john"" to know whether the person selling sex services is under coercion or is a willing participant?",0.0
109,"I've been thinking more and more, with efforts made against contraception as well as abortion, that the right -to-lifers believe that women should not have sex without consequences. The Scarlet Letter was worn by the woman, not the man. ",-0.0258
110,Clearly none of you have actually watched the full videos. Legal or not the tone of the executives voice when discussing selling HUMAN body parts was disturbing - pro life or pro choice should not matter.,-0.0449
111,"It's ironic that supporters of HB 2 call it important for protecting women's safety, because the issue of women and their health is NEVER mentioned by anti-abortion forces - whether they support criminalizing abortions in all cases, including rape and incest, or knowing that laws restricting abortions will force women to seek unsafe and illegal procedures, women's safety is never anything but an afterthought, an also-ran, a non-issue. Except in Texas, apparently, where a move to tighten rules on the already very few abortion providers is a ""victory for... women's health."" At least be man enough to straightforwardly acknowledge what you are trying to do. ",-0.0516
112,To terminate with extreme prejudice is sometimes a necessary thing I am glad we have them. Let them be.,-0.0772
113,"Nobody with any credibility considers homosexual behavior ""mental illness"" but an increasing number consider homophobia a form of mental dis-ease.",-0.1027
114,"Given that Margaret Sanger was a firm believer of eugenics and thought the population of colored people needed to be controlled, I'm not surprised PP backs aborting children with Down's Syndrome. Why force people to be inconvenienced?",-0.1326
115,"a) In conversation, people follow the cues of those with whom they are speaking (especially in roles that serve the public).  Were the false interviewers speaking with concern, or were they leading the conversations elsewhere?  (We both know the answer to that.)<br/>b) Why do you think more black babies are aborted? My thought is that the babies were not planned and not wanted by mothers who couldn't handle the burden of another child.  Do you think that defunding Planned Parenthood would change that?  Planned Parenthood does not market abortions.  No group does.  There is no taxpayer money in it and no profit potential in it, despite these false videos.  (The only profit in abortion is if it should return to the back-alley days -- but desperate women will still seek them.)",-0.1638
116,"Nancy of Nowhere: kudos to you and your sister, but not everyone is as tolerant and compassionate as you are and if people decide they are not so blessed, then they should be allowed to terminate a pregnancy that they do not want.",-0.169
117,"There is no ""pro-abortion"" side.  The opposition wants ""choice.""  They do not want anyone but the pregnant woman and her doctor to decide what action she ought to take.  We call that ""freedom.""  You know, ""put your lips together and . . .""",-0.1806
118,"I'm still waiting for the GOP's plan to adopt and raise the one million UNWANTED fetuses brought to term annually were abortion outlawed.  Oh, and a list of GOP women who've had abortions.  ",-0.2342
119,"Your message is false.  ""Harvest"" implies that they are knocking down pregnant women and aborting their fetuses.   Planned Parenthood charges ONLY for shipping and handling for tissue from fetuses which come from women who *gave their permission*.<br/><br/>Would you rather these fetuses be burned in an incinerator than used for research?  <br/><br/>If you believe these to be sacred, than don't have an abortion. ",-0.2732
120,Choices are choices.  No one conscripted cops.,-0.296
121,"Same thing people said about interracial marriage ""they has all the same rights, and, um, such"". That didn't work out to well for you back then either.<br/><br/>Marriage is a contract between 2 persons, and 2 deny any 2 persons access to marriage based on mainly religious beliefs and/or despising them is clearly unconstitutional.",-0.3182
122,"Unfortunately, life is full of choices and trade-offs.",-0.34
123,Add to this that the conservatives are moving backward in working to deny women their right to control their reproduction.,-0.34
124,"Finder123 - Your experience has nothing to do with this.  A woman's right to an abortion is not about ""life with a Down's child.""<br/><br/>Anecdotes such as yours are very personal and not helpful to the discussion.  They do not connect to the principles that lie behind either the law or a woman's choice.  <br/><br/>You may indeed be lucky, but it's actually not about you.  You may precede your son in death.  Perhaps he is lucky enough to be well-cared for after you're gone, but this is not a common situation for many women seeking abortions.",-0.3434
125,"Call me, vishmael.  <br/><br/>(I can explain... or you can simply choose to believe as I do that, were we not laughing, we'd be crying...)",-0.3875
126,"All too often, prostitution is the last economic choice for women and even more likely, a coercive one. There is a reason why you almost never see men as prostitutes for women. The inequity is endemic and that is where the problems begin.",-0.4019
127,"@KevinHill as pointed out by another commenter, women empowered and educated have fewer babies... religious opposition to birth control should cease... education and gender equality is the cure; too many babies is the problem.",-0.4019
128,"Elephant lover:<br/><br/>If you cannot be honest about abortion and acknowledge what actually happens when a fetus is aborted and its organs harvested, you probably shouldn't have one either.  ",-0.4023
129,I AGREE!!! There are plenty of women out there who are struggling with this. I would pop this pill in a nanosecond if I lost my sex drive.,-0.4104
130,"Fine.  You know what?  Fine.<br/><br/>Maybe it will take several states breaking out into a rash of STDs, more pregnancy complications through lack of prenatal care, more unplanned pregnancies, more women harmed by self-induced abortion attempts, and more strains on services to the poor due to increased need, just to get people to stop and freaking think for a change.  <br/><br/>I would rather err on the side of caution and not conduct this experiment, because no personal ideology should ever trump reality and endanger someone else's life.  <br/><br/>But these pro-lifers don't really care about people's actual lives.  These fetuses in question are just a concept.  Like kittens on the internet.  Because if they actually valued human beings, they would look at everyone involved.  They would try to help.",-0.4159
131,"So many hysterical  comments ranging from assertions that PP sells baby parts, to accusing women of using abortion as birth control should be challenged by as many women as possible.  Not just the NYT, but with every media outlet that addresses this topic.  It is time to stand up and confront the bullies.",-0.4194
132,"I am hearing over and over again that these women have no choice due to their socioeconomic challenges.<br/><br/>I would submit that while most prostitutes are socioeconomically challenged, most socioeconomically challenged women are not prostitutes. <br/><br/>This point of view is as absurd as saying that because most inmates are minority therefore most minorities are inmates.",-0.4588
133,"I got some really mean spirited comments when I posted a question on a related story about whether or not ultrasounds were standard procedure.  I'd read that they were.<br/><br/>The point I was trying to make is that liberals need to be careful about blaming Republicans for something that might be standard practice.  <br/><br/>The multiple articles I read indicated that ultrasounds were routinely done to assess how far the pregnancy had progressed and determine which method was needed.<br/><br/>There's plenty of blame to go around when it comes to medical care and Republicans, and it's a bad idea to lose credibility on this (or any other) issue.<br/><br/>By all means blame them for the stupid laws requiring hospital privileges and for forcing doctors to say things they wouldn't ordinarily say but tread carefully when it comes to the ultrasound claim.  ",-0.4697
134,"I can hardly wait for the sure-to-emerge movement to strip the name ""Barack Obama"" from schools across the country, because - in his first term - he was opposed to gay marriage.  But first will come the movement to deny that he ever was opposed to gay marriage.",-0.4767
135,"An effort that's not just poorly conceived and cruel, but ineffective.",-0.4854
136,"It's not the non-monogamy, it's the thefts--and the pain the thefts bring--that people are objecting to here.",-0.5106
137,"If you can't be happy, with a life that god sets fourth for you then it going to be an unpleasant life, until seeking help is required or suggested destroying your body before it hits maturity isn't helping anything but hurting your brain and your body. The only gay guy I look up to is probably Neil Patrick Harris, because he is fully gay, he likes guy he is a guy, great there is no confusion and he is comedian.<br/>How about the people with autism, and who are disfigured and deformed, people that would never get to lead, what they believe is a real life, they aren't busy thinking about if I want to change sex, but really about fitting in, there worried about all those bad mannered kids making fun, or what not, they would trade there life for ours any day.",-0.5342
138,"so the girls were unaware of this ""practice?"" They went to the ""room"" apparently without the use of force and then all of a sudden ""no"" becomes an issue? Yes, we do need to reconsider sex assault laws as I'm sorry, this doesn't qualify.",-0.5514
139,I grew up in the sixties and by the time I finished high school I knew the names of two women who did abortions in their homes.      Any one who thinks making it illegal means that it isn't happening is delusional.   Women have been finding ways since the beginning of time.,-0.5574
140,"""Two of the prostitutes who testified in court described Mr. Strauss-Kahn’s sometimes brutal sexual practices, but they acknowledged that money had never been spoken of ""<br/><br/>He doesn't deny that he does these things.  He just denies that the women are paid to do it with him.  ",-0.5713
141,"So women have a ""right"" to their body when the argument is about abortion, but lose the right when it comes to sex.  Its legal for a woman to accept dinner and a gift from a man prior to sex, but if she cuts right to the chase and asks for $$$ that makes her action illegal.<br/><br/>It's just silly to keep the oldest profession illegal.  Women have a right to earn a living, and to take away the one profession where they can really balance their earning potential, is a disservice to women everywhere.",-0.5927
142,"""It's sugar thats the problem.""<br/><br/>No, it's individual choice.  No one is forcing anyone to buy sweet stuff in any form.  Typical liberal tactic to claim some form of victimhood - it's always somebody else's fault.",-0.5994
143,"All true, but let's address the REAL issue:<br/>a pregnant woman's body belongs to that woman, and she alone is the one who has the right to make any and all of her reproductive decisions. SHE ALONE – not any legislative body.",-0.6369
144,"I sell my body every day, in the form of eight hours sitting at a desk, using my brain and hands for administrative work. It is a known fact that women have fewer employment opportunities than men in all corners of the globe. Prostitution, in many cases, is no more degrading than janitorial or fast food work, industries that also profit from human trafficking. Why should an avenue of gainful employment be denied to a woman just because someone else says it's wrong? It's a very paternalistic approach. As Ms. Abel says, decriminalization of prostitution does not mean that we can't prosecute for human trafficking, forced labor, exploitation of minors, etc. - it just makes detection of abuse easier for the authorities, and provides protection for the exploited. Of course, that would also require more robust and responsive policing systems, which I'm afraid seem to be out of the question.<br/><br/>We will NEVER be able to end the demand for prostitutes. We might as well accept them as human beings.",-0.6461
145,"The crime he was accused of was having sex with a prostitute. That is, someone who takes money from men to have sex with them. It's utterly ridiculous that that would be a crime in 2015. The fact that DSK is an ugly old man doesn't change that in any way.<br/><br/>""the lower house of the French Parliament debated a bill on prostitution that would decriminalize soliciting but would make it illegal to buy sex.""<br/><br/>So a woman can offer sex for money to a man, but if he takes her up on that offer than he goes to jail but she doesn't. How sexist is that. It's like throwing drug addicts in jail but letting the dealers go free. ",-0.7137
146,"The right proposed allowing the sale of birth control pills in drug stores. But the left, for some reason is opposed. Maybe you can explain that. Perhaps it is because women will no longer need PP for the pills, and PP will lose millions of dollars of business.",-0.7469
147,"Yikes--""pregnancy"" in quotes!<br/><br/>You can't just redefine pregnancy to meet your political goals.<br/>You can't delete a woman from the concept of a pregnancy.<br/><br/>A woman is pregnant, if there is no pregnant woman, there is no pregnancy.<br/>A fertilized egg is not a pregnancy until it implants.<br/><br/>If you really believe a fertilized egg is the same as pregnancy, why aren't you down at the fertility clinic, protesting all the babies in the freezer?<br/><br/>This is really about controlling women, since the only time you conflate a fertilized egg with a pregnancy is when there is a woman who dares to be in control of her own body.",-0.7574
148,"I do believe you’re about ready to punch someone.<br/><br/>Abortion, after all, is a form of birth control, the extreme one, and therefore must be considered a necessary adjunct of women’s healthcare. Why they won’t say that this is their view, I don’t know.<br/>Sometimes, I think that pro-abortion people believe that abortion is always the right answer if a woman has any doubts, but the condensed decision-making timeframe of pregnancy can make any doubts seem many doubts. Out-of-wedlock pregnancy or even birth need not mean that two people don’t later marry. Unplanned, whatever exactly that may mean (maybe it should be called ambivalence), need not mean doomed. Maybe the heart of is that women may have something in mind that men don’t know about, to make a fact out of a plan that seems unlikely to materialize if it waited on a man’s sense of time, and then it doesn’t turn out as they thought. Instead of one brief and tongue-tied moment of “How did this happen?”, the response may be negative. There are so many possibilities that unless you’re firmly against abortion, it’s hard to judge.",-0.7613
149,I'm shocked that you equate gay people with murderers. One would think the two classes of people have different rights. ,-0.765
150,"""Her own evidence ... Is often proof"" - wow - that is a recipe for abuse. Have second thoughts? I did not consent! Relationship develops in wrong direction. I did not consent! If your assertion is true, then Relationships in Canada will be troubled.",-0.7661
151,"A lot of the poor become even poor because the Catholic church is against condoms and abortion. The less educated poor thus have very large families, making it harder for them to provide for education for their children and they never come out of poverty. The poor live in low elevation areas of the city which are subject to flooding and face the direct consequences of climate change. The Catholic church needs take a holistic approach and not get too fixated on social issues such as women's access to contraception, safe abortion and gays. It is tome they accepted the theory of evolution. I am happy that they have accepted that the earth is indeed round.",-0.7906
152,"Planning? Logic? Coherence? Hah. Remember the real target of<br/>the anti-choice crowd is Griswold. They have been at war with<br/>birth control and contraception since jumpt street. As Barney<br/>Frank quipped, for them life begins at conception and ends at<br/>birth.<br/>It is part of the war on women. As the Times' Jackie Calmes noted<br/>in a recent paper, they do not give a damn about governing.<br/><br/>They keep telling us who they are; believe them.<br/>  Michael Tomasky",-0.7954
153,"Not wanting to barbarically kill an unborn fetus has no connection to wanting all women in the kitchen. And, besides, his wife is a distinguished journalist herself!",-0.8016
154,"""We still don’t know whether Obergefell will produce an enduring backlash, as the abortion rights decision in Roe v. Wade did.""<br/><br/>Perhaps you have forgotten that abortion is (to the extreme right), the ""slaughter of the innocents"", similar to what King Herod fictionally did in the Bible,  genocide and murder.  Roe v. Wade inspired fundamentalist guerillas to kill abortion providers.  It threatened the eternal salvation of those who failed to oppose it.<br/><br/>Your judgment is questionable if you honestly think that SSM is even close to the level of eternal spiritual threat that abortion presented to a certain audience.   Perhaps to ISIL members ... but they don't really get the US Constitution anyway, do they?",-0.8151
155,"If the law were really about making abortions safer, Texas could have insisted that abortions be available in all ambulatory surgery centers, of which there 364 (2012 data) in the state. <br/><br/>To me, 17 percent (the percentage of women who live more than 150 miles from the nearest facility) is a ""large fraction."" It's more than one in six. If one in six women died in childbirth, would that not be a ""large fraction""?<br/><br/>Tell us, what is the ""large fraction"" of abortions with negative outcomes that justify this legislation? The national rate for 2004–2008 was 0.64 legal induced abortion-related deaths per 100,000 reported legal abortions. [CDC Data] During this interval, there were zero deaths from illegal abortions.",-0.8156
156,"Presidential candidate and Louisiana Governor Bobby Jindal today canceled a state contract with the Planned Parenthood abortion business that provides it with family planning funding with state taxpayer dollars via Medicaid.  Which means that poor women in Louisiana will have fewer choices of clinics to provide them with contraceptive prescriptions, breast screenings and cervical screenings that can identify early signs of cancer, and general health care.  <br/><br/>And this man wants to be President.   Poor women - watch out!",-0.8268
157,"Perhaps we are on the defensive because the narrative has changed.  Planned Parenthood likely stayed within the boundaries of the law but the literal visceral reality of abortion has been brought to light for much of the American public with these videos. It's suddenly more difficult to frame the abortion debate in terms of when life begins- it's becoming clear to many that indeed abortion ends a life. This is an uncomfortable acknowledgement that the pro-choice movement must come to terms with: we advocate the legal ending of a human life. We may argue persuasively that this should remain a legal right, but it is difficult to talk about once euphemisms have been removed.",-0.8372
158,"It seems to me, that in the issue of gays, an aggression breeds an aggression, LGBT activists behave very aggressively, rather than live and let live, they demand more and more new rights, and those who oppose them begins to take retaliatory aggression actions, and this is stimulates LGBT activists, it is a vicious circle, recursion.",-0.8479
159,"Last Saturday there were pro-life rallies in front of Planned Parenthood clinics around the country.  There were 70,000 people taking part in these demonstrations and not one single TV news station reported this except for EWTN.  This is the largest pro-life rally in the history of our country.  <br/><br/>They showed a young woman with her infant and she said she had attended these before the birth of her child.  People are catching on to this horrible atrocity called abortion and are speaking out against the taking of innocent human life.  I was not able to attend in Manhattan due to a previous commitment but I will in the future.<br/><br/>The democrats are silent on this issue and do not feel it is important.  Republicans are speaking out against the murder of these vulnerable babies and are showing some backbone.  They are not cowards.",-0.8612
160,"I think you might be confusing arguments for personhood with the scientific argument about what a human is. Here's what several embryology textbooks have to say. <br/><br/>Keith L. Moore &amp; T.V.N. Persaud write, “A zygote is the beginning of a new human being. Human development begins at fertilization, the process during which a male gamete or sperm … unites with a female gamete or oocyte … to form a single cell called a zygote. This highly specialized, totipotent cell marks the beginning of each of us as a unique individual.” - Keith L. Moore and T.V.N. Persaud, The Developing Human: Clinically Oriented Embryology (Philadelphia: W.B. Saunders Company, 1998) p.2.<br/><br/>Former Planned Parenthood President Dr. Alan Guttmacher was perplexed that anyone, much less a medical doctor, would question this. “This all seems so simple and evident that it is difficult to picture a time when it wasn’t part of the common knowledge.""  - A. Guttmacher, Life in the Making: The Story of Human Procreation (New York: Viking Press, 1933) p. 3.<br/><br/>See also  T.W. Sadler, Langman’s Embryology, 5th ed. (Philadelphia: W.B. Saunders, 1993) p. 3 and Ronand O’Rahilly &amp; Pabiola Muller, Human Embryology and Teratology, 2nd ed. (New York: Wiley-Liss, 1996) pp. 8, 29. for more of the same. <br/><br/>Whether they are human or not is a scientific question with a scientific answer.",-0.872
161,"Many, maybe most of those opposed to gay marriage are homophobic.  I believe the finding that gays have an equal right to marriage strikes plenty of fear in these folks. To argue that fear is not a factor here for homophobes requires an explanation which is not given.",-0.8834
162,What about all the americans being punished by being forced to pay for Bush's war of choice? What's a few $trillion anyway as long as it is being spent by and for republicans?,-0.8924
163,What about all the americans being punished by being forced to pay for Bush's war of choice? What's a few $trillion anyway as long as it is being spent by and for republicans?,-0.8924
164,"<a href=""http://mobile.nytimes.com/2015/07/28/health/fetal-tissue-from-abortions-for-research-is-traded-in-a-gray-zone.html?_r=0"" title=""http://mobile.nytimes.com/2015/07/28/health/fetal-tissue-from-abortions-for-research-is-traded-in-a-gray-zone.html?_r=0"" target=""_blank"">http://mobile.nytimes.com/2015/07/28/health/fetal-tissue-from-abortions-...</a><br/><br/> this article is quite controversial, just the idea of pro life and pro choice in itself will always be a topic of discussion, but no matter what side you are on, I can't imagine that anyone would think that selling aborted babies fetal tissue, is an any way ethical. Planned Parenthood may say that they are not affiliated with the buying and selling of fetal tissue, but based on the accusations that have been made, it's hard to believe they are not. Although it is illegal to sell fetal tissues for a profit, there is no cap on how much money can be charged for the shipping costs. That notion that a company, who wants to research the tissues and stem cells, can charge any amount of money for "" shipping"" is ridiculous. That is just an under the table method of making money for a heinous reason. Now, I understand that research can be very beneficial in furthering our understanding of the human body and its functions, but the idea of getting that from millions of dead babies, is appalling. But, this article is not about being pro life or pro abortion, it's about stopping the selling of the unborn's bodies. So the law should be amended. There should not be any loopholes, researchers should find a different, more ethical way, the go about the studies. They should let the defenseless, and aborted babies, rest in peace.",-0.8926
165,President Obama calls the videos of Planned Parenthood discussing the sale of aborted babies body parts fraudulent.  Is he serious?  Has he viewed the videos of PP discussing the prices of various body parts like it was an auction?  They keep showing him hugging Cecile Richards of Planned Parenthood on TV and this is repulsive.  He is the most pro-abortion politician this country has ever seen.  Hilary Clinton is still supportive of PP and has only made a passing comment criticizing PP in regards to this matter.<br/><br/>The Republicans are the only ones with any backbone in discussing their horror and objection to this Planned Parenthood culture of abortion.  Where is the cry from the left-wing liberals about this murderous action of PP.  I admire the Republicans for speaking out and not being afraid to stand up for the most vulnerable -- the unborn in the womb.,-0.8946
166,"It has been illegal to use federal funds for abortions for years.<br/>PP saves lives of poor/disavdantaged womeen through cancer treatment and screening and prevents abortions through their contraception services and education.<br/>That is the culture of life, sir: not your frothing excoriations.  It's sad that you would prefer to go back to the days of women presenting to the ER dying of sepsis after trying to abort themselves with a coat hanger.<br/>E Wylen M.D.",-0.8957
167,"This is quite a disturbing article. My bigger concern is the carnage they'll leave behind for the society to deal with in the form of broken families, sick individuals, divorced couples, angry people etc.",-0.9259
168,"As a retired obstetrician, I must speak for the voiceless. I performed abortions in my training as required, but I now know that I was taking a life away for not very good reason and that I had justified in my mind as acceptable.  I know now that of all the abortions that are performed, there are very, very few that actually are for the mother's health; they are done because it is not a desired pregnancy.  Please realize that a life  is ended when a pregnancy is terminated, it is not just the removal of unwanted tissue.  Let's work on improving other options that will stop this brutal destruction of the unborn.",-0.9424
169,"The apparently well-financed attacks on women’s reproductive rights in states like Texas are relentless. Planned Parenthood and other organizations have not had much success in stopping or even slowing the inroads made by the anti-abortion crowd.<br/><br/>We need to continue support for pro-choice groups, but an additional focus is clearly necessary. If poor women are the people who really suffer from the Republican attacks, then a separate charitable foundation should be created<br/>to perform no service other than be a source of funds for obtaining an abortion in cities with clinics.<br/><br/>The poor women’s foundation would not only pay for the medical procedure, it would do much more. The foundation would purchase plane or bus tickets, find and pay for hotel accommodations, provide arrival site guides and drivers, and arrange and pay for child-care for the kids left back home.<br/><br/>If there already is such a fund to help poor women with unwanted pregnancies, what is the name and contact information of the fund?",-0.9451
170,"Why don't Republicans just end the shenanigans and call for women and their doctors to be prosecuted for abortions. At the end of the day - this is what making abortions illegal should be all about. The fetus is a person, abortion is murder - thus the doctor who performs and the woman who terminates should be charged with murder. If the husband/boyfriend is an accomplice - he should be charged as well. Perhaps even contraception falls into this category - then we should prosecute pharmacists as well. Quit hiding behind a facade of small steps - get to the real deal.",-0.9633
171,"I experienced extreme depression and sadness, anxiety,  grief , denial and terror during my first pregnancy. . I knew that at the end of the pregnancy I would have to give birth alone, and then give away my baby, sight unseen- all because I was unmarried and so shamed as to have to hide, change my name and never speak of my beautiful baby again.  That was some kind of  unspeakable misery. It has never lifted. It was 1070.",-0.9683
172,"TPierre Changstien,<br/><br/>""There is broad consensus that abortion after 20 weeks should be curtailed.""<br/><br/>Maybe for the elective abortions of healthy pregnancies, but the vast majority of abortions at that stage of pregnancy are either (1) for the health of the mother or (2) due to a defective fetus.<br/><br/>The ""consensus"" you think exists dissolves when people are asked specific questions instead of generalities.  Try asking ""Would you allow a woman to abort a pregnancy if her life were in serious danger?""  Try asking ""Would you choose to let a baby die in pain shortly after birth rather than abort a defective fetus before the pain begins?""  Try asking ""Would you choose to let a suicidal teenager abort a pregnancy and let her grow up enough to be able to handle such a life changing event?""<br/><br/>NOTE:  It is a LOT easier to lie with statistics than it is to produce factual numbers.  Statistics are only as good as (1) the questions asked, (2) the method(s) used to gather the data, (3) the mathematics used to evaluate the data, and (4) the ethics of the statisticians.",-0.97
173,"A teenager can be condemned to a life as a convicted criminal for a sexual liaison, even if no one was really injured by his actions.<br/><br/>And yet this same teenager, even as a convicted felon, will have no problems finding a gun and using it to kill if he so chooses because our gun laws are so lax.<br/><br/>And if the girl stands a good chance of getting pregnant, because the same people who condemn the good man usually oppose birth control on moral grounds.<br/><br/>And, of course, an abortion for the girl is out of the question. Better than she be forced to pay for her sins.",-0.9726
174,"Generally I am heartened by reader comments in the Times. But not on this one. The positions expressed by the most endorsed comments show no recognition of any moral issue in late term abortion, or the dissection and sale of the body parts of fetuses that after three months will be simply be very small human beings, down to eyelashes and fingernails.<br/>I am all for implants and most other means of contraception, but abortion after three months is seldom available in other liberal democracies, and I find it abhorrent. People must be responsible about procreation, and abortion after three months should not be available on demand. I am also skeptical that irreplaceable scientific advances are made possible by fetal body parts. There are always other ways, including our own stem cells, to reap these benefits. There have to be some limits to what we do to people an animals to serve our own interests. I oppose this kind of violence and commodification as I do war, capital punishment, rape, sex trafficking, and so on. I simply do not understand why so many people who consider themselves kind and reasonable humanists, even extending those concerns to animals, can support abortion on demand, at any stage, even if it means delivering a baby near or at viability and strangling it on the table, or dismembering it in the womb. ",-0.9773
175,"This whole issue is fake. De-funding Planed Parenthood will kill women, bring unwanted children into the world and make religious zealots ready to attack the next bogus target.<br/><br/>97% of Practicing Catholic married women have used a banned contraceptive. The % of women having a marriage before first intercourse is vanishingly small across every US demographic. It is estimated that, as of 2008, about 28% of U.S. women ages 15-64 have had abortions.<br/><br/>If an embryo is a full-fledged person, then abortion is first degree murder. If the Republicans want me to believe they actually believe their own propaganda, let them sponsor legislation charging every women who has ever had an abortion with first degree murder. There is no statute of limitations on premeditated murder. Only after putting 28% of the women in the country on death row should they be worried about ""facilitators"" like Planned Parenthood (or most of the gynecologists in the country).  Otherwise, you are simply lying about your position. <br/><br/>Making a safe abortion harder to get for poor women while allowing better off full abortion access is hypocrisy.<br/><br/>If an embryo is not a full-fledged person, we can have a discussion about reducing the health care available to poor women by explicit government policy. The immorality of that position should be clear to all. ",-0.9885
176,"I disagree that, if sex work is illegal, penalization should focus on men who purchase sexual services rather than the prostitutes. As Ms. Abel points out, the overwhelming majority of those who perform sex work do so as a choice. It's true that many may not believe that they have other great choices, but the same excuse is made for drug dealing, robbing stores, and other criminal activities. To say that men should be punished for prostitution rather than women simply reflects our society's tendency to see women as victims, men as victimizers, women as weak and needing protection, men as responsible for suffering to protect women, and so on. Personally I think sex work should be legal and regulated to protect both sex workers and their clients. However, if society does decide that sex work should be illegal, then it should be policed and enforced like any other crime. Those who make a living by the regular selling of an illegal product should be the focus of prosecution, and those who just occasionally purchase it also are breaking the law, but should not be the primary targets of enforcement. It's like selling drugs, stolen goods, counterfeit items, running an illegal gambling hall, and so on. We punish men much more severely in prison for the same crimes women are let off the hook for or given probation in our society and we should stop the double standard. Women who to break the law should be dealt with just as sternly as any man would be under similar circumstances.",-0.9948
