,comments,scores
0,"My initial reaction was disgust.  However, upon further reflection of my own career, I don't think Amazon is any worse or any better than many large corporations when it comes to treatment of their employees.  It seems to me that at least they don't talk the talk but not walk the walk.  Many of their employees are talented, intelligent people who don't need to be there if they didn't want to, just as I didn't need to spend nearly 20 years in large corporations, working nights and weekends, doing conference calls while on vacation, drinking the Koolaid and feeling like I was saving the world.<br/>At the end, I was fortunate enough to jump off the treadmill and I am sure with the revolving door at Amazon, many also jumped off the carousel, hopefully not too late.<br/>All I can say is that now I love my boss, since I look at him in the mirror every morning.",0.9792
1,"As a current Amazon employee: this reads as a sensationalist piece largely comprised of commentary gathered from disgruntled ex-employees of the company.<br/><br/>I can only speak from personal experience, but I don't feel as though my story is entirely unique.  I feel challenged in my role. I work hard, and generally put in a 50-55 hour work week.  There are occasional nights to get things done; these are usually the result of an internal drive I feel to make sure I've executed to the best of my ability.  Management is not breathing down the back of my neck, or asking me to work these hours.  When I have obligations with friends or family, those take precedent.<br/><br/>I take my vacations without any connection to the office, and have plenty of time to pursue my passions outside of the office.  That said - I'm sure this article will garner a lot of clicks, and produce a lot of ad revenue. Well done, NYTimes!",0.9771
2,"And we are very happy for you. Really. It sounds like you have a wonderful life, set up exactly the way you like it. And there is no doubt you ""are the only one"" who could do what you do, and no one else's ideas in a meeting would be any good. It is a very satisfying thing, to find a workplace where one ""fits"" so well - in your case, hand in glove. Many happy returns of the day to you, eviscerating your co-workers!",0.9743
3,"""To find happiness, perform the task well"" that jumped off the page at me. I heard those words before. From my dad back in 1973. He worked as a copywriter and had been laid off when he hit 50 and replaced by someone much younger. Lucky for me he hung around the house for a while finding his bearings. I have never forgotten some of the wisdom he shared with me which helped me to prepare for all of life's inevitable disappointments and challenges. Dad was washing a sink full of dishes one day. A task that I must say required organization and effort considering the small sink and the pile of dishes from a family of seven.  He turned to me when he finished and said ""if you ever find yourself struggling in life do the dishes and do them well. There's value in doing that simple task""<br/>There was a wonderful sense of satisfaction in making order out of chaos and it made an impression on me that has lasted all these years. Doing a simple task and doing it well can lift your spirits when you are down and often jumpstart a day. It worked for dad and it works for me. I highly recommend it.",0.9668
4,"When I was Alex' age I had just moved to a far away city. I was profoundly lonely in a way I didn't even realize was loneliness. I sat on a bench on a busy urban outdoor mall and was pleased when a young woman about my age sat beside me and struck up a conversation. Asking the most general questions, she drew me out and got me talking philosophically. Soon we were engaged in a deep discussion, and we decided to continue it over lunch in her ""dorm"" (I leaned the truth of my whereabouts later) with her friends. When we arrived, a large banquet like room was set with about ten 10-tops. I sat with my new friend, 7 of her friends and one other person who was joining one of those friends. The meal went on for hours and hours, but I had no where else to go and the conversation was incredibly engaging. Occasionally there was some table hopping among the regulars, and I realized that there were a few newcomers like me at every table. These folks are so nice, I thought. Eventually, the day grew dark and we were invited to a lecture across the hall. With no where else to go, why not? Curiously, none of the others had anywhere to go either. The lecture ended with an opportunity to sign up to go off on a 3-day retreat the next morning at 6 am, and nearly all the newcomers were eagerly at the sign-up tables. I declined and headed for the coatroom to collect my things and leave. My coat, and keys, were missing.  For over an hour, during which I realized I was among Moonies. Cult recruiters.",0.9666
5,"A topic close to my heart... sound comes from all over in hotels.  While I know to request rooms with no doors to the adjoining room, and on a corner if possible, often the top floor is a must.   A few weeks ago in Latvia, I stayed in a gorgeous room in a splendid hotel, but was on level 5, not 6 (the top floor)... and the people above me seemed to enjoy walking around above my head until late into the night (1am or so) and again from about 6am... Peace and quiet - and true rest - were just not achievable there... A shame, as the rest of the hotel, staff included, were excellent... so it's hard to win... But as someone who doesn't even turn on the hotel room's tv, it's hard for me to find other guests as quiet as I am...",0.9552
6,"What matters to those in their last days is the key, and they need some one or some people willing to listen and pay attention.  I was fortunate to spend the final week with my Dad this past January, one of the greatest gifts I have ever been given.  The ""conversation"" took many forms:  sitting next to him on the bed while he was saying his prayers and whispering, ""you're talking to Mom, aren't you?""; making his evening meals as comfortable as possible (which meant making sure there was vanilla ice cream!); and sleeping on the floor next to him to hear him during the night, sometimes talking out loud about his cousin who just found out key information about Dad's grandfather.  Thanks to Ellen (whom I met years ago in Boston) and her colleagues for this important work.",0.9485
7,"Well, for what it is worth....technology was supposed to free us from the shackles of the office cube. It made things worse. I spent 3 hours with my boss, this past Friday, because he needed to waste time. What I had planned to do, which would put me ahead for 2nd quarter, was cast aside, to sit with hom, on a meaningless exercise. I am exempt but have come in on weekends, major holidays and worked countless late hours and got nothing in return. No comp time, no OT cash, nothing. But they say that when you need to go to a doctor, or have an appointment, you can do so because you are en exempt employee. Well, that is just great but my boss deducted that hour from your vacation time!  We cannot work from home because the micro managers, employed here, would not here of it! I just cannot see that things will get any better!",0.9482
8,"But what are you paid?  I'm guessing more than 23K/yr.   I have worked you situation myself and generally found that for DC work &amp; travelling from the west coast I set up to travel on Saturday.  Why, I was more alert and ready to attend to my clients needs with two decent nights sleep and a full day to acclimate.   And, RT airfares over weekend were less than half the Sunday - Monday  $$ and weekend room rates were lower too.<br/><br/>Save project money, I'm more effective  &amp; feel better overall.",0.9263
9,"So much of my life is in that essay. I am laughing out loud. We have been back in school for 3 weeks now (being the South and all), but this happened exactly at my house 4 weeks ago. Including all the cleaning (yard sale this week-end). Had to do it by myself though...  Cleaning with your mother is much more fun, as your daughters (and your sons) will discover in 20 years or so. Have fun!",0.9212
10,"M.L., I also have tinnitus, but I can adjust my Dohm to cancel it out when it's time to sleep.  My wife does not have tinnitus, but the Dohm helps her sleep better, too.  Great invention.",0.9081
11,"It comes down to a quote attributed to Albert Einstein (or a sign hanging in his office)"" Not everything that counts can be counted, and not everything that can be counted counts”. <br/><br/>That is the issue with the corporate mindset of ""metrics"": There is no room for the intangibles. One cannot measure decency. Establishing expectations, and accountability does not preclude  treating employees with respect and humanity. Indeed, temporarily reducing workload for an employee dealing with a personal event or illness, serves to promote dedication, increased productivity, and loyalty upon their return. <br/><br/>Corporate culture today demands more than a 40 hour work week. Most employees can accept that as long as their sacrifice (working holidays, 60+ hours a week, time away from family, etc.) are recalled when they have a personal or family crisis to address. It is a two way street: if you want to take the best from your employees than you must be willing to give a little when it counts...<br/><br/>Too much emphasis is placed on metrics, and not enough on the emotional/intangible items that are just as much a part of it. You can't measure these things well, so they are ignored. <br/><br/>Ultimately, one must ask:<br/>""What price are you prepared to pay for the money you make?""- Simon Sinek ",0.9062
12,"""Today's Exhausted Superkids""<br/><br/>It’s rather safe to say that if we had less to do each day as students, athletes, and musicians, we would get more sleep.  We assume that stretching ourselves in so many directions, despite our constant state of fatigue, will help us get ahead in the world.  However, we don’t consider the fact that our success could actually be hindered by the lack of sleep our busy schedules cause.  Many students are afraid to take a step back from their hectic schedules in fear of not being able to keep up with their peers.  In addition, schools regularly assign hours of homework to students, which causes them to become easily overwhelmed by adding the smallest of obligations on top of their academic tasks.  It is important for students, parents, and educators to take a step back and analyze what matters the most in life.  The priority should not be placed on studying for hours each day in order to receive straight A’s (which can lead to lack of sleep, anxiety, and depression).  The priority should be placed on students’ happiness and health.  As students, we should be allowed to explore our own interests and enjoy life, instead of spending our youth racing against thousands of others for those few hundred Ivy League spots.",0.9062
13,"I love swimming. I do it mainly for enjoyment but the bonus is that it provides me with a really top workout. Great for those folk with sore and damaged joints.<br/><br/><a href=""http://www.amazon.com/Swimming-Goggles-Comfortable-Non-Allergenic-Shatterproof/dp/B00NBZCCOI"" title=""http://www.amazon.com/Swimming-Goggles-Comfortable-Non-Allergenic-Shatterproof/dp/B00NBZCCOI"" target=""_blank"">http://www.amazon.com/Swimming-Goggles-Comfortable-Non-Allergenic-Shatte...</a>",0.9049
14,"Yes, the times are perfect for exploitation, for the unmentioned, somewhat sadistic, self promoters to crawl out of the wood work. They now have a champion!",0.8908
15,"I can trace the shift in my attitude toward work -- from liking all my jobs to suddenly disliking them.  It coincided with the advent of the internet and the expectation that employees should be reachable and ready to respond at all times, even while on vacation. Because no matter how much the boss respects you or how much you otherwise like your work, it ceases to be enjoyable when you are never allowed to completely step away from it.  The older people who say, ""I worked hard and long hours in my day, blah blah blah"" will never understand that feeling of never being able to completely disconnect from the job.  I theoretically can take all the vacation days I want.  In reality, I now have far fewer true vacation days than at any time in my life.  What progress.",0.8868
16,"Drinking 8 glasses is unnecessary in the winter, or when you live in an air-conditioned house, drive in an air-conditioned car to your air-conditioned office, and don't spend much time in the summer heat. But when I exercise in the Texas sun, I bring a half gallon of water and I drink it all.  And I'm usually still thirsty and drink some more when I get home. <br/><br/>The bottom line isn't that ``8 glasses are necessary'' or that ``8 glasses are a myth''.  It's that you have to respect your environment.  If you're out in the sun or exercising hard, bring lots of water and drink it. If you're somewhere comfortable and not sweating, don't sweat it.  ",0.8402
17,Best laugh I've had all day.,0.8316
18,"With all the challenges facing the USA, it says something the brightest and most dedicated among us are working their butts off so someone can get a roll of scotch tape a little faster.",0.8221
19,"“Three things happen when they are in the lab: You fall in love with them, they fall in love with you, and when you criticize them they cry.”   <br/><br/>Even if that is his true experience some things are left better unsaid. I have witnessed all of those things myself. Especially on the third point. Adding fuel to the fire, not a week goes by that my wife doesn't come home telling me about one of her female coworkers crying at the office because of criticism from someone. I also hear a lot of stories from my female friends saying the same thing. All of that aside, we live in times of excessive political correctness and sensitivity. Mr. Hunt should've been aware of and considered that, along with the consequences, before making those statements.   ",0.802
20,"Jeff<br/>Thank you for the first laugh of the day and placing my funereal outfit back in the New York closet, while saying Cheers!",0.7901
21,"I'm inspired! It won't be this weekend, but I'm definitely going to try it. Sue, you have to as well!",0.7772
22,"Oh, for heaven's sake, T.E.N., count your blessings. You're upset because Carroll Park is filled with nicely dressed couples with their children?<br/><br/>The streets of my neighborhood are filled at all hours of day and night with men lounging against, or atop, other people's cars, young men selling dope, and women screaming at one another because of some obscure reason best left indoors. Loiterers keep an eye out for who leaves their houses at what time, and as a result break-ins happen regularly. Half a dozen eating and other establishments have been robbed at gunpoint in the last nine months, and knifings and shootings are not uncommon.<br/><br/>You want to come my way? If not, could you send some of those other people who ooze money? ",0.7729
23,"Elizabeth Warren do you hear the crescendo of those with no voice who you have fought for most of your life? The time is not 2020 the time is now.<br/><br/>If this man from Brooklyn is elected the 45th President of the United States of America, we have to understand voting him into office is a vote placing us into office. Our work, as the abandoned classes buried by special interest groups &amp; money, begins now and it will not end on January 20th, 2016 at noon. <br/><br/>I realize most of us are so very tired, worn down by the onslaught of inequality, work with no security, and division, via policy, that only furthers our decline. But, we must understand he'll need our support and our hard work or he will accomplish nothing when he attempts to push back against Wall Street, for-profit health care, tax shelters overseas, and a congress that has long since demonstrated we do not matter to them.<br/><br/>Any candidate who unequivocally exclaims 'If you're too big to fail you're too big to exist' while directing that clarity toward Wall Street, as Sen. Sanders has, will face Herculean opposition in the months ahead. Opposition that will stop at nothing to keep the average American at bay; we cannot let that happen. If we do let MSM or attack ads. or the Koch’s triumph we cannot blame Bernie Sanders. We will have only ourselves to blame for our lack of effort and the consequences of that, quite literally, could be the final nail in the coffin of our Democracy.",0.7572
24,"Innovation solves a problem. Test the solution with real people (including women and all ages). Look at Nest. Nest and East Coast weather extremes plus wildly different daily coming and going means you are always too cold, too hot, or fiddling with the thermostat. It does not substitute for multiple heating zones. It is expensive. Ductless cooling inclusion is unclear. Probably great in Silicon Valley's California weather with people who are always at work and never home. ",0.7506
25,Evidence please?<br/><br/>America has enjoyed uninterrupted job growth in the 5 years since passage of the ACA. <br/><br/>And how's your retirement portfolio doing under Obama? Mine's kicking butt.,0.7399
26,"Ah, yes, another day, another forum in which to rail against Obama, no matter that the topic at hand has nothing to do with him.<br/><br/>Counselors sure have a lot of time on their hands these days. Hope for your clients' sakes those aren't billable hours.<br/><br/>As to the topic at hand: the police acted appropriately, but that isn't a reason to paint the Black community with the same broad brush.  One wonders why whites aren't generalized in the same way.  ",0.7269
27,I am very privileged here I suppose. As a teacher I get 3 months in the summer and another month in total for Christmas and Easter. Although I don't go away fro 4 months I still take two full weeks to go to Asia and another 2 to the Greek islands. Your system is draining and unfair. It sounds to me more like the Lutheran philosophy of life ...work and save until you die..yikes,0.7258
28,"""In the Summertime"" from the 70's.  Heard it played in several countries (including Switzerland and the U.S.) on a fabulous summer vacation.",0.7003
29,"Forget the fence, Gail, I have them jumping out of the clown car and then off a cliff as I happily doze off for a peaceful night's sleep.  Something hard to find for this 61 year old!",0.6996
30,"John, just tell me when and I'll be there!  Unless I'm busy solving Lollapuzzoola puzzles, or killing Bermuda grass in the lawn.<br/><br/>The weather here today is cool and murky -- quite a change from the recent hot dry heat.  I hope it's better next week at Duck!",0.6892
31,And people do what while they're waiting the glorious day? Whistle?,0.6767
32,"""Smart people don't work late.  Smart people get done early.""",0.6597
33,"Back in the 90s, when I was a C++ programmer, some of the top guys came up with a C++ test we gave to all job applicants.   A surprising number of the candidates were unable to answer any of the 20 questions.   A few of them answered all, or nearly all, of the questions correctly.   We interviewed those guys to see if they were OK personally and would fit into the team.   <br/><br/>Personal fit is very important.  There are hard-core places where everybody works day and night, and only the toughest survive.  If you have to attend lots of stupid meetings and still code and test twelve hours a day, most of the applicants won't be very successful in the job.    ",0.6413
34,"You mean lucky for us, who wants to spend a day in tomorrowland listening to the needle play that over and over?",0.6369
35,IF that is all they wanted they can simply go there on summer vacation. Greece has cold winters and ownership implies many costs that would best be left untouched. ,0.6369
36,Funny story.  One of my female employees who always wore fewer clothes in the summer had a space heater under her desk.  Where was the thermostat?  Next to her desk.  The thermostat saw the heat from the space heater and called for more and more cooling in an attempt to get the entire zone cool.,0.6369
37,Stuart – its not necessarily the pay at all - the jobs only last for the harvest season - which is often just a matter of weeks - and which weeks are determined by mother nature. My farm pays its workers very well and even provides basic housing. The job lasts nine weeks. Thats it. Then winter sets in. Nothing in this hemisphere is harvested in winter.,0.6356
38,"Good to know since I will be vacationing there next week. I didn't think there would be any problem, but it is nice to know.",0.5859
39,"Hogwash.  I remember keeping my head down and working ten hour days while my two male co-workers surfed the net and watched sports.<br/><br/>I had a lot of incentive to work hard, I had a family to support.  I'm not the only woman who has had this kind of experience.",0.5859
40,"“At the end of the day, it is a lot easier to write another check.” And then, another one? Then yet another after that? And so on? And so forth? <br/><br/>At some moment the spigot will be turned off. The question is whether that moment has arrived or if it will occur later. There is little question, however, that it WILL occur.<br/><br/><a href=""http://www.endthemadnessnow.org"" title=""www.endthemadnessnow.org"" target=""_blank"">www.endthemadnessnow.org</a>",0.5803
41,"I have had and paid for health insurance from time to time, but also did without health insurance from time to time. The money I saved helped pay my kids way through<br/>school. A risky thing to do, but it worked out well for me.",0.5499
42,What goes around comes around Mitch.  Karma at work.<br/><br/>I shall sleep happier tonight.,0.5267
43,"The GOP is based on the concept that people believe what they want to believe - and nothing else, and nothing can change their minds.  Statistically, this works out well for them and it's not too much work.  After all, the world was created in six days (plus one extra for rest) about 8,000 years ago.  See? Simple, right, and not too much work.",0.5267
44,He appears to have realized he actually has a shot at winning so he's blowing himself up.,0.5267
45,You need to find something to do with all of your obvious free time.,0.5106
46,"There are no summer jobs. They are all filled by adult immigrants or the ranks of the desperate unemployed. The kid who once would have spent the summer working at McDonald's is buying from the 54 year old Honduran national who is sending money back to his family so he can bring them over in a few years. That spot mowing the lawn is also filled by one of the many (usually Hispanic) men who line up bright and early outside of Home Depot, waiting to be snagged by the contractor of the day. Temp work, which was my standby, is now given to the many men and women with college degrees and no prospects of full time work.<br/><br/>Your writing is lovely. Your perspective is way off.",0.4939
47,"I haven't known a suit-requiring office in 25 years, Dan. Have your top producers lead the way: dress lightly, keep a suit in the office for formal client meetings, and turn the thermostat up in a responsible manner. 75-78 is where it should be in summer.",0.4767
48,"People are afraid of democracy. Maybe, all of a sudden, all these sleepy masses may wake up and start asking questions about how their countries are run and for whose benefit. ",0.4588
49,"WHatever happened to working smarter, not harder?<br/><br/>WR",0.4588
50,@John. Unions were the voce of the workers in ages past. My field was Nursing. In 1962 an RN working in a hospital could work three shifts/week. Work schedules were posted weekly. You could work 12 -&gt; 14 days successively and three shifts in that time. Unions stopped that practice and I was mighty grateful. ,0.4588
51,"If anything shows ""you didn't build that...."" this is a good day.",0.4404
52,"A decade ago I had an extended discussion with students who were<br/>drinking water all day. One student carried a gallon of water around.<br/><br/>I pointed out that it was rarely over 70 degrees and that they would<br/>not be exercising until the late afternoon. Given that they said they<br/>had to urinate several times each morning, I suggested to them that they<br/>might be better off drinking less water in the morning and then<br/>a bit more as the afternoon progressed.",0.4404
53,"Made my day. thanks, Mr. Becker.",0.4404
54,I totally agree with you. Obama doesn't wake up each morning ready to anger the U.K. He wakes up every morning thinking how can I further my agenda to rid the U.S. of it's Constitution and make everyone with money share it. In other words become a socialist country. ,0.4201
55,"The last three days' results are the equivalent of a back-to-school sales-tax holiday. Perspective, folks.",0.4019
56,"Interestingly, last weekend's telecasts garnered higher ratings in markets such as Tulsa and Norfolk than in some of the ""international cities"" that you mention:<br/><br/><a href=""http://tinyurl.com/opening-weekend-ratings"" title=""http://tinyurl.com/opening-weekend-ratings"" target=""_blank"">http://tinyurl.com/opening-weekend-ratings</a>",0.4019
57,"Maybe one day, there could be a pill to increase our capacity for common sense.",0.3182
58,Well the last several times it happened...oh wait....,0.2732
59,"OK, but how do you tell the time?",0.2421
60,"Varidesk Plus + Dansko clogs (i.e. nurses' shoes, which are designed to fit loose and have a lot of cushion.)  I can now stand up close to 6 hours a day without fatigue or swollen feet.",0.2359
61,"That's right,  Blame a dead man.  Californians have brought this on themselves.  Blame the people for NOT preparing.  Most Californians (and I lived there for 60 years in Southern California) believe in the Hollywood dream of a picket fence, the couple walking hand in hand into the sunset and under the rainbow.  It's like the song ""Tomorrow, tomorrow, tomorrow.""  ",0.2023
62,"A-MH,<br/>They want their war and they will have it. America will love it, for the first two weeks or so.",0.1531
63,"It is a shame that the way to get days of national attention is to do something outrageous, such as to self- promote through lies. <br/><br/>There are so many people, of all races, working quietly and effectively each day for social justice.  Let's move on and put some of them on TV, don't read this woman's inevitable book, don't go to the inevitable movie.<br/><br/>As to who has African heritage, the answer is obvious: we all do.  Human life began in Africa, then spread around the world, those moving to northern latitudes losing the pigment that protected them from burning in the sun while keeping them from enough vitaminD in the north",0.0772
64,"Go before or after you work, please. I work full time get no time off for voting but have always managed to vote in every election including local ones. I've had part time jobs as well and never missed an election. Such nonsense.<br/><br/> That's a tired arguement that's a complete lie.",0.0469
65,"Not just the hard way, but also the right way.",0.0382
66,"Kevin, no clue what you're up to here. Plenty of people use cannabis to do everything from housecleaning to yard-mowing to overcoming a particular writer's block. It's often used to get through this or that hard physical labor or odious task.<br/><br/>And yes, it's also used to relax or sleep or listen to music, along with many other activities.",0.0258
67,many drs do several per day; it takes an hour,0.0
68,It seems that Pete has had run-ins with restaurant proprietors two weeks running now.,0.0
69,"Either of them still would have to work with Congress to get anything lasting done.  Therefore, I'd put my money on Bernie, who knows a whole lot more about working in and with Congress.",0.0
70,You may be right.  Decide which member of the asylum will be the director.  So you end up with nuttiness vs ...what? Murkiness? Shifting sands? You'll find me under the bed.,0.0
71,Except the U.S. population 150 million in 1970 and is 320 million today and the spread of civilization goes further and further into the countryside from the cities.<br/><br/>What worked 45 years ago does not work under today's context. Just because something worked for a long time does not mean it works forever.,0.0
72,The undocumented immigrants I know work 7 days a week and send money back to their families whom they haven't seen in years.,0.0
73,"""Everyone is forgetting the 500-pound gorilla in the room:""<br/>Oh that's not the only one as far as Sanders is concerned.  Stay tuned.",0.0
74,They shouldn't. The last few weeks have shown that things are changing in the U.S.,0.0
75,When will we finally say enough?,0.0
76,Bingo!!,0.0
77,A friend of mine had a family member who did construction work.  He's lost a lot of wages because of the number of days work had to stop because of excessive heat.  People were literally keeling over on the job site.,0.0
78,That is what FDR said in his speech.  I heard it on Ken Burns documentary earlier this week.,0.0
79,Wait until morning when we have more information.,0.0
80,September -October. The summer tourists have left but the weather is still great.<br/>I know I've lived here for 30 yrs. ,0.0
81,"The information is out there, but people don't know how to access it or to read it. Scientific articles abound, but people have to have access to a university library to be able to download most articles. Here is a link to a video presented by a physician who teaches at UCSF explaining, in regular English, how this all works. Of course, most Americans have the attention span of a flea, so who will watch an hour-long video of someone talking about high-fructose corn syrup? <br/><br/><a href=""https://www.youtube.com/watch?v=dBnniua6-oM"" title=""https://www.youtube.com/watch?v=dBnniua6-oM"" target=""_blank"">https://www.youtube.com/watch?v=dBnniua6-oM</a>",0.0
82,Outlawing won't work. It has been shown that prohibition has never worked.,0.0
83,"Did I miss something not having a summer job while in college? I started college on the Monday morning, after coming out of the army on Friday in October 1945. After 32 month overseas, I thought I had to make up for lost time and went straight through, 12 months a year to my MS degree. Then a year   as a research assistant before heading back for a PhD.<br/>   In retrospect, the rush was a big mistake. I lost out on too many activities, experiences and making friends at strange places. Summer jobs, not matter what they are, give you time to reflect and think about your life and goals,meet more people and make friends. ",-0.0961
84,"They've run the thing like twice in a lab, and are still arguing over whether or not anything's going on at all.<br/><br/>Zillions for more fancy, but not one cent for turning the light off when you leave the room, I guess.",-0.1406
85,"Day in and day out. Is the Times editorial board really so stuffily humorless, or is this, contrarily, an elaborate joke? I think your ombudsman columnist might take up the question.",-0.1635
86,"Gee, you nailed it! <br/><br/>And how hard is this to understand?",-0.1759
87,enzo11 - We're talking about Republicans now.  Why is it so hard for conservatives to stick to one topic?,-0.2183
88,On Squawk Box and the first half hour of Squawk on the Street (9-9:30 AM) they obsess over *futures* and in which direction the market will OPEN...,-0.25
89,I can (almost) see my breath in my office today! My fingers are slightly numb with the cold. I fantasize about buying one of those Amish fireplaces for my office because my little portable heater just isn't cutting it. I might bring in a hat and scarf and my winter coat tomorrow. And I'm a woman who is always hot everywhere else. ,-0.2568
90,"To the commenters saying ""just wear a sweater,"" what am I supposed to do about my arthritic thumbs, which ache when they're cold? Wear gloves at the keyboard? From a personal perspective, it does seem crazy to have a space heater on in the middle of the hot summer in order to work at a comfortable temperature; more importantly, it's a terrible waste of energy. Kind of like retail stores blasting their ac with doors wide open.",-0.2572
91,"Wow, you make it sound as if you're living in ""A Tale of Two Cities.""  It's not a given that just because someone is able to leave the area to take time off, they are part of some sinister aristocracy or that they're wealthy to the point of being in the 1%.  If you've seen the story on Amazon, you've probably seen that it's not always obvious how hard people pulling in large paychecks work.  In any case, fantasizing about pitchfork wielding mobs because your ""pleasant week ... nowhere resembles the kinds of vacations the upper crust takes"" is incredibly immature for someone old enough to have adult children.  You said yourself that you had a pleasant week.  Must that week be on par with the most extravagant vacation ever taken in order to stay your avenging hand?  There are real injustices related to inequality but your ""staycation"" is not one of them.  You are not a martyr and I doubt the people who may have seen packing for vacations are ""lording over you.""  They may even be your neighbors.  Whatever revenge you think you are owed, know that your moral indignation on this particular issue is laughable.",-0.2698
92,"Wow, you make it sound as if you're living in ""A Tale of Two Cities.""  It's not a given that just because someone is able to leave the area to take time off, they are part of some sinister aristocracy or that they're wealthy to the point of being in the 1%.  If you've seen the story on Amazon, you've probably seen that it's not always obvious how hard people pulling in large paychecks work.  In any case, fantasizing about pitchfork wielding mobs because your ""pleasant week ... nowhere resembles the kinds of vacations the upper crust takes"" is incredibly immature for someone old enough to have adult children.  You said yourself that you had a pleasant week.  Must that week be on par with the most extravagant vacation ever taken in order to stay your avenging hand?  There are real injustices related to inequality but your ""staycation"" is not one of them.  You are not a martyr and I doubt the people who may have seen packing for vacations are ""lording over you.""  They may even be your neighbors.  Whatever revenge you think you are owed, know that your moral indignation on this particular issue is laughable.",-0.2698
93,"I work in an office where it has been so cold that I haven't been able to think because my head is so cold and I haven't been able to type or turn a page because my hands were so cold.  When a person uses so much energy trying to keep warm and they can't sit at their desk and do the job they are employed to do, it's not productive and it's definitely not healthy.  Most guys in our office wear vests, so it's not just a 'female' thing, but for those who think you can just layer up, when was the last time you read a book outside in freezing temperatures and how long did you last.  Instead, why don't you just get a fan or layer down and quit complaining if it's not your ideal temperature.  What's going to happen if we turn the temperature up, you get a little drowsy, but you'll still be able to do your job.  ",-0.2855
94,"maybe the old Times Sq was bearable during the day,  maybe,  not at night though,  no way.",-0.296
95,"At $15 per hour, 40 hours cost $600. 52 weeks costs $31,200. A Social Security recipient gets about $16,000 or so. Sadly, the numbers do not add up.",-0.2996
96,"Yup! That's exactly what the desperate, financially strapped and sold-down-the-river inhabitants of the flyover states need--a multimillionaire megalomaniac who wouldn't know an honest day's work if it bit him and cares less about working people than Cecil Rhodes. ",-0.3169
97,"We rebuilt a very nice office in our factory building -notoriously difficult to maintain even heat in these substructures.  After a year of complaints (no real sex basis) we put a ""dead"" thermostat in the middle of the office on a column with a note to keep between 68F and 75F.  Everyone played with it and all the complaints ended.",-0.3415
98,I doubt that anyone eligible for Medicare will get elected this time around.  The baby boomers have had their day.  Time to move on.,-0.3612
99,"I once worked in a mail order fulfillment warehouse (Actually mostly Phoned in sales) business where 80% of the business came in on Monday.  Intense pressure to get it done before the UPS pickup time, and then pressure to be usefully occupied for the rest of the week, despite days when all there really was to do could be done in twenty minutes.<br/><br/>Working for not much more than minimum wage, well, a lot of tension there;  After all, I was there to make a living, even if that meant riding the clock four days a week.  Sorry about that Mr. Businessman, but if you only want to pay me when you ""need"" me, and I end up living in my car, well, it is not very good for me or Society, especially my landlord.  Oh, and don't tell me to get a second job, part of the requirement was that I ""Be There"" the other four days, and I already had a second, part time job.<br/><br/>A LOT of confusion about work and hours out there, I guess I am too old school for the modern economy where ""Human Resources"" are just like any other natural resource, something to be exploited.",-0.3888
100,"This, if true and I doubt it wasn't sensationalized , is a mere FRACTION of what happens in Detroit and Chicago each and every day or night. Put your outrage where it belongs.",-0.4588
101,"How crazy can it get? How about having your bathroom habits turn up on your annual review? That happened to a young relative who works in Amazon's headquarters. Having kidney problems, she was advised by her doctor to drink more water. She did. Her boss, who monitors her underlings computer time for efficiency and productivity, noticed that several times a day my relative was unproductive. Why, she asked. In the bathroom, my relative said, after drinking water as per doctor's orders.<br/>Unacceptable! That earned my relative a ding on her performance review -- a not small consideration as stock options are tied to performance.<br/>My relative is now drinking less water.  ",-0.5027
102,"The letter I wrote was ""Sorry Nora and Ali, I have failed"".<br/>but has never actually had to use it. It was 12 am in a Saturday night then I called him. He doesn't know that I wrote what I wrote but he is the one why I didn't leave that note on my dorm room's desk and make that fly I had in mind. I'll never forget that phone call. I'll never forget that night. My school wasn't that prestigious like Penn but the that fact that I have never failed so bad was the fuel of my motive. ",-0.5071
103,"The letter I wrote was ""Sorry Nora and Ali, I have failed"".<br/>but has never actually had to use it. It was 12 am in a Saturday night then I called him. He doesn't know that I wrote what I wrote but he is the one why I didn't leave that note on my dorm room's desk and make that fly I had in mind. I'll never forget that phone call. I'll never forget that night. My school wasn't that prestigious like Penn but the that fact that I have never failed so bad was the fuel of my motive. ",-0.5071
104,"I worked as a parole agent for the California Department of Corrections for 23 years and while I realize we are talking a out the courts I would like to see that for myself and the people I worked with,  we worked very hard to show the inmates respect. If I made a mistake I had no problem walking up to them and apologizing. We did not tolerate any staff who tried to play Rambo.  We turned them in<br/>In prison the only thing they have is their self respect and we were all very aware of that. I always called them ""Mr"" and at the end of our conversation in my office I would extend my hand to thank them for their time. People talk about solitary confinement as if we can't wait to use it. The fact is it is very frustrating because it means you've exhausted every opportunity. It is used for inmates who assault other inmates, many times with weapons and staff. What are we suppose to do, leave them in general population so they can continue? They are often transferred to a more secure facility to lessen the chances of repeating.<br/>I gave everything I had for 23 years. I tried to teach my guys life skills because I took my responsibility very seriously and I really cared for my guys. Some like Hillary, Jeffrey, Chris will stay with me forever. But when people lump you in with the dirty staff and make these all encompassing statements that we all violate their rights when you don't? I finally had enough and quit. I should have been able to go out on my terms, not be driven out. Thanks all",-0.5509
105,I didn't get to Iceland this summer either but I did make it to the top of a mesa in New Mexico for a few hours of limitless horizon.  You are correct in thinking there is something out there for you.  <br/><br/>Thank you for offering this to those who might need it.  I've always had the end-of-summer feeling but ever since a terrible event occurred in my life on this weekend several years ago I can no longer remember how I felt before.  ,-0.6124
106,"But do not sleep with them. You are not 'special' in this way, you are just young and naïve.<br/><br/>That this needs saying is unfortunate.",-0.6124
107,"Maybe try not over scheduling, but in the American system nothing matters more than greed.",-0.6222
108,WTF with this puzzle.  Do you guys think it's Friday already?  This is Tuesday.  Reset your calendar.,-0.6739
109,"I'm with you, Garnet.  Try Newport, RI in summer, with tourists over a million, more than 2 dozen bars in a town of 25,000, and police who won't enforce the noise laws.  No possibility of sleep for 3 months straight!  There was a case there a while back, where a distraught native leaned out his window with a shotgun, cocked it, and drew down on the drunken tourists below--be quiet or else!  Another native died of a heart attack while trying to hush up a drunken party that was keeping him awake.  So glad I moved away.  Noise is theft of other people's serenity and sleep.",-0.6826
110,"Perhaps the parents of the children should be the ones who are scared. But lessons should be learned when you openly break our laws, you shoudn't get rewarded you should be sent back and if you want to live here and enjoy all that this country has to offer perhaps you should start by obeying our laws and waiting your turn in line. While most of those coming here tend to work hard and find employment they should still come here legally and apply for citizenship and not cross our borders in the dead of night.",-0.7644
111,"Get a grip, people. At the worst, your air-conditioned office is probably in the high 60s -- and if you were walking outside in that temperature, which is springlike, you wouldn't be wearing a huge blanket and a Snuggie. I'm a woman, and I see a lot of this -- folks dramatically shivering while wearing a scarf or a silly blanket in the office. Bring an office-appropriate sweater if you're cold and stop complaining. ",-0.8386
112,"No, no, no.  They did not wait 3 months till Feb'09.  The closed door mafia sit-down of Senate Repubs, swearing an oath to block Obama on ev-ery-thing, took place days after the 2008 election.  Google it.",-0.8591
113,"Not until now have I asked myself that question, “What should I do during this summer?”. For my first summer in America. I or we perhaps find it hard to define summer. In our country, summer is not the break time, at least not to me. We voluntarily throw ourselves into all the supplement classes to prepare for the upcoming semester. Taking extra-summer classes is the way to soothe our fears of being left behind. In some ways, we take them because others take them. And we keep our minds busy with homework and even tests. Being with that for a long time builds up the complacency in me, that I do not need to plan for the summer, that going to classes is part of me, and that lingers even though I no longer need to compress the fear by wedging extra-courses into my brain. No school, no class. It startles me. Now I’m following some online courses. Just to diminish the old routine gradually. I think it’s time to change, to get used to new environment where I’m the one who determine everything I would do. And I understand how you feel when witnessing an intensive pressure that students are facing to compete, and to get to the “right” colleges.",-0.9042
114,"Well just why do they have to see the results?  Now working 12 hour shifts six days a week would wear upon anybody.  Poor management is part of the issue and somewhat not vetting folks enough.  Those that are sensitive about collateral damage should be on recon missions.  Not that I could do it but I would have no problem with doing this sort of work.  Eight hours a day, five and perhaps six sometimes days a week.  Protesters should be given very long sentences especially if they are trying to stop workers going to work.  Simple!!!",-0.9225
115,"It sounds 80 - 100 hour work weeks preclude women with children working for a place that 'changes the world."" <br/><br/>Apple is worth an estimated $700 billion. Nothing prevents them from hiring more people, so that it's employees don't have to kill themselves and all semblance of a normal life to work there. And as far as changing the world, we still have poverty, war, addictions, unhappiness, hate and ignorance. If anything, ignorance has grown, not lessened by the internet. And what could be more pathetic than people standing in line for hours or even days at a time for a new phone? ",-0.9576
