,comments,scores
0,"Before the Europeans came to North America it is a mistake to believe that the earlier immigrants from Asia were leaving in universal peace and harmony in an idyllic Eden.  They were after all the biological evolutionary DNA product of East African primate ape animals. They were not all created nor treated equal striving to be their brother and sister's keeper.  But the notion that they were ""savages"" and the Europeans were ""civilized"" must fall to the same historical scientific biological reality.<br/><br/>What is the purpose of ""truth and reconciliation"" with aboriginal people in this Canadian or any context?  Adding to or rewriting history?  Political recognition of past wrongs?  Economic relief?   Ethnic recognition?  None of these factors can change the past nor restore the status quo ante.  <br/><br/>America has yet to come to terms with the invasion and occupation of Native American land by force accompanied by exploitation of natural and human resources. Americans prefer to dwell in the exceptional mythical land of duplicitous delusional denial. Hypocrisy is part of our human nature and nurture. <br/><br/>No matter the outcome, the Canadians are being far bolder than Americans by making some effort to acknowledge the truth about the impact of the past on the present. That is worthy of humane human praise.",0.9842
1,"The success of our species has certainly messed up millennia of ecological evolution, but then again the name of that book was ""Survival of Species"" -- which implies the extinction of others.   The writer talks about the interface between two top predators, which is where things always get ugly. <br/><br/>Mr. Nzou gives the human position, that Lions, and so many others interfere with their prospering and comfort.  It's good to be reminded of this, since we in the suburbs and cities of North America have already slaughtered the buffalo and wolves, removing them from our own habitat,  We would rather focus on protecting species in far distant continents, and ignore that other humans now, because of reproductive success, are competing for common land. <br/><br/>I was amused by Pope Francis' recent focus on protecting the environment, while he leads the most powerful institution that opposes limiting birth of children.   We have a fixed space of habitable land that may be close to reaching the limit of habitation.   Right now we can afford to deflect responsibility for our not taking real action on limiting population (a thorny issue) by pretending we love and protect all animals in natural settings, and then vilify poachers, ranchers and the occasion wealthy American who killed one for recreation. <br/><br/>This is a useful article reminding us of reality. <br/><br/><a href=""http://AlRodbell.com"" title=""AlRodbell.com"" target=""_blank"">AlRodbell.com</a> ",0.9839
2,"Nicholas Winton, Rescuer of 669 Children From Holocaust, Dies at 106.<br/><br/>Why did I pick such a small and what some might say insignificant article.  Firstly it caught my attention because I enjoy learning about WW2 and the horrors that occurred during the Holocaust.  It is important to me that the the knowledge of such atrocities remain present in peoples minds today, however this article honours the legacy of someone who saved so many.  It is heartwarming and refreshing to read about Winston's unknown heroism and how he kept such acts a secret all these years, even to his own wife.  Winston's remarkable 106 years of life is honoured in this article as he is commemorated for his work to save 669 children from the horrors of the holocaust.  Surprisingly Winston's work only came to light in 1988 when his wife discovered records in a scrapbook which contained pictures and documents that brought light to Winston's heroic acts.  The article gives a birds eye view upon Winston's passionate desire to work to save and rescue a mass amount of people in Czechoslovakia.   So many died in the Holocaust and we must not forget them but thanks to Nicolas Winston 669 survived.   Well done Nicholas Winston thank you for your role in history.",0.9822
3,"Granted, the whole ""Jurassic Park"" franchise has been mostly a 22-year merchandising campaign (&amp; the original ""Jurassic Park"" is still the benchmark), but if the movies have accomplished one positive thing, it's this: dinosaurs are now viewed as having been living, breathing animals with that people can identify with. (As a kid growing up in the '70s, even the best attempts to portray dinosaurs had them come across as dim, statue-like monsters, with the science being a complete afterthought.)<br/><br/>If we gain an understanding of how these top-level organisms lived (&amp; what led to their demise), we can have a better understanding of where we stand amid the sixth biggest extinction in world history.",0.9821
4,"Bookworm - 15,000 hunters not 15,000 Lion Hunters. In addition, your argument is not logical. The amount of available tags in any given year is based on the population of the type of animal in that particular hunting area, so as to preserve a healthy population. The number of tags are limited. Furthermore, not every tag that is purchased, is filled. I don't know the percentage of filled tags in Africa, but in NY for instance, less than 50% of the tags purchased for deer hunting are filled in any particular year.   I do know that many tag do go unfilled by big game hunters; there is no guarantee that you will return home with a ""trophy."" Furthermore, you suggest that as soon as a hunter gets his ""trophy"" they couldn't care less if the animal goes extinct, this is completely illogical. Hunters return to the field again and again to hunt the same species. The Yankees didn't stop trying to get to the World Series after they won their first one. I agree with you that there are many things we can do to help conserve these beautiful animals, but I don't think we should stop at only the ones you find appealing. It has been proven again and again, done right, legal hunting has helped save many species. ",0.9749
5,"The article that interested me the most this week was Eye Shape May Help Distinguish Predator From Prey. This article interested me because of the new information I learned from it. This article explained how herbivores, omnivores, and carnivores all had different eye shapes. For example, a sheep, which is an herbivore, has a horizontal line for a pupil. This is to capture more light from the left and right, but not so much from below. This would help a grazing animal detect predators approaching from the left and right. The eye even rotates as much as 50 degrees when the head is tilted downwards, keeping the eye parallel to the ground. Carnivorous animals such as cats and animals have vertical slits for pupils. This helps with depth perception and focusing on the animal’s prey. However, these rules do not apply for all animals. For example, larger carnivores, such as lions and tigers, have rounded pupils like humans. Scientists believe this is because of the animals’ height- since the animal is higher off of the ground, it does not need to modify for a lower point of view. I found it interesting that pupils could relate so much to diversity and evolution. For most animals, it is easy to tell what they eat by the shape of their pupils. Furthermore, evolution has affected pupil shape by how animals see and live- for example, if a sheep did not have a horizontal pupil, it would not be able to see predators approaching from it’s sides. This article was very interesting to me. ",0.9705
6,"Certainly Mr. Winton exhibited incredible bravery in putting his life on the line by going to Prague. Few among us would have had this courage. But, in fact, it is the humanity and decency of men like Winton and Blake that to me is the most impressive of all. There was no issue of putting their lives on the line by those American officials who refused entry of the ss St. Louis, yet they still refused and in so doing brought shame on this country. What great bravery was required for these officials to have done the decent thing, but decency was and is in very short supply. So while we salute Mr. Winton's courage, the main point for me was his rare decency even to recognize the desperation of the Czech Jewish families and his resolve that something had to be done.",0.9505
7,"I can certainly join the applause for Pope Francis and commend his self-evident conviction and sincerity.  That, however, is as far as it goes.  Those who wield the levers of power are uninterested in the health of the planet or preservation of the biosphere.  ""Respect for others and the planet"" is, for the powerful, something that interferes with profit, limits consumerism and admits that there are limits.  Pointing out that their way is one of devastation is shouting to the deaf.",0.9477
8,"Well done.  A voice of sanity in NYC at last.  Save the whales, save the Owl's, save the seals, save the dolphins.  Save the babies??  No Way.  What a twisted society we have become.",0.9456
9,"Good news!  You don't have to choose which is better and which is worse.<br/><br/>They are THE SAME.<br/><br/>Left alone to chase profits, people will do anything and everything.  It's human nature and that's why we need careful, reasonable, and enforceable regulation.<br/><br/>Don't listen to what that GOP supporter behind the curtain says.  Oz the Great and Powerful would sooner see you dead than see his profit lessen.",0.9348
10,"Thanks to Winton, Chadwick and their associates for the courageous work in saving the Czech Jews.  As Winton explained the USA prevented him from saving a lot more.<br/>Another recent revelation documents the efforts of a Philadelphia couple who were openly Jewish that risked their lives by going to Austria in 1938 and 1939 to rescue children to the USA albeit much difficulty.  They managed to place 50 children despite all odds.  The couple flew under the radar until sometime after their deaths a memoir was discovered.  The Krauses' exploits are documented in an HBO program called “50 Children: The Rescue Mission of Mr. and Mrs. Kraus.”<br/>We marvel at the drive of people like Winton and Kraus to do something courageous and then not seek glory for it.",0.9209
11,"It sure is easy to forget how blessed we are in the United States. Where our kids whine because they don't have the latest iPad, these kids in Zimbabwe are just happy to not be mauled by a lion.<br/><br/>For all those that want to talk about ""privilege,"" how about we start there.",0.91
12,"I became vegan a year ago after watching the documentary, ""Cowspiracy,"" about the effects of the animal agriculture industry on the environment. I was, to put it mildly, horrified.  I saw clearly that I was not living according to my values and decided to change it. It's now one year later and I just got my annual physical results from my doc. She checked my B12, D, and iron along with everything else -- I have more than an adequate supply of those vitamins and minerals which vegans are ""supposed"" to be deficient in; my fasting blood sugar and cholesterol are super low (140) with a good balance of HDL and LDL. My husband and kids, also vegans, are all thriving. My husband continues to bench press 245 pounds, my kids are strong (not ""delicate and birdlike""), doing gymnastics, ballet, kung fu, swimming, and climbing 3,800 ft. mountains on vacation. Humans, unlike lions and tigers, are not obligate carnivores. We do not require an ounce of animal protein to thrive. Some of the largest, most muscular animals on the planet -- gorillas, elephants, rhinoceri, giraffes -- get all their protein from vegetation. The acidity-level of human stomachs, the way our jaws hinge, our grinding molars, all of these indicate we were not designed to eat meat.  Yes, our eyes are on the front of our heads - so what?  So are the eyes of panda bears and gorillas. Every nutrient we require has an effective plant source, which is where the animals that we eat get them. ",0.9074
13,"The worst part of this story is how her parents publicly ""outed"" her causing irreparable harm to her life and career. Who would do that? What harm was she really causing. I feel for this lady. She obviously has some issues but if she found the love and acceptance she needed by being part of the black community who cares?",0.8782
14,"I cAn't believe how cavalier readers are. If you haven't suffered, you are very lucky. It shouldn't stop you from feeling some compassion for those who di.",0.8781
15,"And to Gail: can we please have some mammal (maybe hon-human, but not necessarily)  tied to the roof of that bus?  A squirrel - in a popper, of course - comes immediately to mind, but surely you can come up with something better.  <br/><br/>Or maybe one of the candidates (at least one of the mammals) since there's so little room left inside?",0.8661
16,"I once took a trip to Mainland China and was repulsed, not just by open air markets where skinned carcasses of dogs and cats were strung up by the tails (some of these Asian gourmands insist different colored ""pets"" have different tastes) but also by dried rats and snakes that were also on sale for human consumption. In the countryside human waste is fed to hungry pigs so as to not waste ""nutrients""!Needless to say I had already been forewarned and ate nothing except boiled rice and noodles, hot tea, and bread during my ten days in Cathay. I also studiously avoid Chinese restaurants in the U.S. because there have been far too many incidents over the years of these eateries being caught serving up dog or cat meat as chicken or pork. No thank you! China likes to think of itself as both an ancient, advanced and even a ""superior""civilization. If this be the case why do they consume such filth and vermin? Citizens of neighboring lands such as Japan, Korea, and Mongolia do not ingest such garbage. If China wants the respect and admiration of the rest of the world they need to ""clean up their act"" and reform their diets!",0.865
17,"I was interested in the article about Cecil the lion this week in N.Y.T. Everybody is freaking out over a lion being killed by a poacher, and I think this is not as important as other things going on in the world. There are more important matters like Ebola and other diseases that cannot be cured. Some people are overreacting about this. I think it is still an important matter and the guy who killed Cecil should be punished, But this is not the most important issue going on in the world at this time. I think keeping the Earth's animals alive is important, but we have to focus in keeping humans alive from all of these diseases. If humans didn't exist, many animals would not be extinct or endangered because of the humans hunting them. Since there are humans on this Earth that hunt animals, the good people have to stay alive to protect those animals. ",0.854
18,"The future is knocking at our door.  While robotics is directed and funded by humans, it has the well known potential of making humans obsolete.  <br/><br/>I'm sure the top .1% are confident that they will escape the fate of the masses.  And they almost certainly will.  <br/><br/>Which is why ordinary people have to do something.  Soon.",0.8405
19,Is there any sentient creature that humans won't destroy?  Why hasn't the NYT published the reporting on humans as the ultimate super predator responsible for exponentially more death than any other creature.  The British press did devote space to this research.  We need these creatures like the others that are being wiped out by human beings.,0.8297
20,"I am a former hospice nurse and had the privilege of witnessing some beautiful ends of life with patients sleeping peacefully and loved ones nearby. My father who is suffering from late stage FTD dementia will unfortunately not have this option. Even though he has lost 25 lbs in 3 months and is skin and bones, he is only 77 and his heart won't give out. He was a bone marrow donor and valued a ""meaningful"" life. Could he do it himself, he would swallow a bottle of pills and go peacefully...I just hope more families will speak out so that the 5 Million Americans suffering with terminal dementia can also die with dignity.",0.8126
21,"Another example where a highly evolved, natural process shows its superiority to artificial substitutes. There are undoubtedly more benefits to human breast milk yet to be discovered.",0.7947
22,"The complement of rescuing a single animal: having a single fewer offspring (or better yet, none), is invaluable in slowing the exponential human growth and encroachment into the present and future natural environment.",0.7906
23,"Ms. Gay, What would you have us do? Expressing regret and horror at the deaths of Blacks is very valid. Saying we are sorry speaks for itself.   When I say ""Sorry"" that's what I mean. The circumstances under which these tragic deaths frequently occur are beyond forgiveness. Allow us our sorrow.<br/><br/>Our nearly useless Congress should respond somehow but does not. Citizen angst should inspire changes in the gun laws but does not.  Human decency should lead to change but it does not. <br/><br/>In other words, Ms. Gay (and also Mr. Blow), these tragedies have caught humanity at a bad time, a time in which we are foundering and emotionally out of control. It is the shame of this generation.<br/><br/>The appeal of Donald Trump speaks to this also. Bashing and insulting and then being rewarded for it by support speaks to our times.<br/><br/>For the time being, and with great hopes for change to occur, accept the apologies offered for what they are: heartfelt.",0.7876
24,"Realizing that aspiring to ""looking pretty"" at every moment is catering to the male gaze, and allowing yourself to sometimes not ""look pretty"", because you are a human being, not a perpetual ornament, existing for someone else's pleasure, is a first step to emerging from living in the male gaze, and living as an actual full human being.",0.7845
25," as the saying goes, ""with great power comes great responsibility"".<br/><br/>This certainly does not seem to apply to the police and other creatures of the government who seem to have the power of life or death over ""ordinary"" people.",0.7717
26,"I love that Ricky Gervais, quoted in this article, uses his voice to speak for the animals but was sorry that he suggested that the Yulin dog slaughter is different from the Western slaughter of other animals because the dogs are ""tortured and skinned alive."" In October 2013, a Washington Post story revealed that according to the USDA, approximately a million chickens and turkeys are boiled alive in the US every year. While most Americans don't find those animals as cute as puppies, they are just as sentient. Piglets, however, are incredibly cute. If you want to lose your lunch, check out a Mercy for Animals pig investigation and listen to the piglets shriek as they are castrated without anesthesia. And sow gestation crates, where large intelligent animals are housed in individual coffin size crates, are pure torture, and entirely legal in this country.  None of this makes the Yulin dog meat festival okay, but it does suggest that it might make sense to focus our efforts on equally horrifying things happening in our own country.",0.7677
27,I hope that those same legislators have a companion bill that funds full care for those children for the rest of their lives.,0.7269
28,"Strict veganism and it's no-compromise position is not really about veganism or food animals or their suffering.  It's about joining a philosophy that the users find morally superior and can separate themselves from the rest of society, and look down upon the rest of us.<br/><br/>I agree with the premise of the article that the strict philosophy could limit real gains in easing the suffering of animals used for food.  But if you understand the philosophy behind the movement you can also understand that you can't really make any deal that requires compromises on both sides, since compromise is off the table.  <br/><br/>When you understand that, it's time to eliminate those people from the table comprised of individuals and organizations that can discuss, analyze and come to some conclusions and actions that would benefit the most - both humans and animals.",0.7269
29,"When it comes to the Holocaust, the adage is, ""Never forget."" But there's a corollary there, and it's a corollary that speaks to humanity and empathy and decency. We must always live in a world where we are moved by and grateful for and don't take for granted the actions of the likes of a Nicholas Winton. <br/><br/>There's no guarantee that will always be the case. Civilization, or the good in civilization, hangs by a more slender thread than we might imagine. May humanity never reach the point when it needs more Nicholas Wintons and, worse, when there won't be any.",0.7077
30,"Geez.  Why didn't your armed father and brothers just gather the firewood themselves--rather than ""escorting [your] mother?""<br/><br/>Of course it's hard to find an ethical balance between the needs of overwhelming human populations and those of the increasingly shrinking natural world.  How many wild and dangerous creatures would you say is an appropriate balance?  Any at all?  A few behind electrified fences for the tourist trade?<br/><br/>Pardon my failure to be entirely sympathetic.  I limited my family to one child.  Your parents had to provide for at least ten.  If that's the local average, you guys really do need a lot of farmland.<br/><br/>Sorry you lost your leg.  That must have been terrifying and excruciating, and your recovery must have been painful and a hard struggle.<br/><br/>I don't like the naming of wild animals in that cutesy way either.  But that lion was in the preserve allotted to him and his kind, and it was pretty wretched to have lured him out in order to acquire his head. <br/><br/>That was the point...",0.6968
31,"Try capping the population of the only creature that ""fouls it's own nest"" and let God's creatures be guarded from these fools.  It's only a matter of time before Mother Nature finally releases the counter punch,  an Airborne Super Ebola to wipe the beautiful planet of this vermin..",0.6908
32,"After watching the video, I began to understand the attraction and void the robotic dog fills in many lives, especially for whatever reasoning, owning a live dog is not an option.  The technology is pretty amazing and there were moments when I almost forgot the dang thing wasn’t alive.  What is weird, however, is that as these dogs begin to die off, their Japanese owners have been holding robot dog funerals.  For me, that’s crossing the line of creepiness just a little.",0.6597
33,"Every time I think the GOP cannot sink lower, it does. I simply cannot fathom their utter disregard for the environment.They and their children still live on planet Earth. Is their lack of care about the environment simply greed or do they believe they don't need Earth because they'll all be raptured up? This is a sincere question and I would appreciate an answer from someone who votes Republican. ",0.6472
34,"I agree. We need to turn back the tide of privatizing everything, including the commons like our national parks and our assets not sold off to the highest bidder. Nature is necessary for our survival, and is not just a feel good thing for a long walk. Without nature we will all die. Once we wake up to the damage we inflict on the earth and the affect it is having on the health of our planet, each and every parcel of unblemished nature will take on the value that should be atrributed to it..PRICELESS. The commons of clean air, clean water, public education, public libraries, transportation systems and public parks whose wildness are protected are things we should never allow to be compromised. ",0.6402
35,He saved... and my cousin Magdalena. God bless you Sir Nicholas for the worlds within worlds you gave us all.,0.5994
36,"Lions, like many of our wild animals, are becoming extinct, largely due to human greed and insanity and ignorance.  They are endangered. Pigs aren't.  There is no ecosystem that will become unbalanced by your consumption of pork; no specie whose existence will be challenged.  The lion pride leadership, which consisted of Cecil and another lion, will now probably collapse because the other lion, on his own, will be unable to fight off younger, bigger lions. So a new leader or leaders will head the pride. These new leaders will kill the cubs because the cubs were not sired by them. This is what lions do.  <br/><br/>The American who did this is rich and arrogant. He feels he is above the law. It is bad enough that he illegally killed a bear in Wisconsin (he killed it in a protected area and lied about where he killed it), but he then goes to another country, of which he is not a citizen, but merely a guest, and breaks their laws. Cecil was not just an endangered specie, but also brought in money to Zimbabwe because he was friendly, allowed people to photograph him and had a magnificent black mane. People came from all over the world to see him.  <br/><br/>This is just the tip of the iceberg, but I hope it helps you understand.",0.5978
37,"No mutilation whatsoever. Both characters are magnificent people, created at different times and inhabiting different worlds. Joyce invites us to consider what a person is. We humans have come a long way, baby. (Maybe he had Helen in mind too.)",0.5719
38,"My kitty just appeared a couple of years ago; I thought she was lost. Turns out she was well socialized (slept with me the first night that she stayed in my house), had already been spayed, and almost certainly vaccinated, and I could not bear to take her to Animal Control. I now know that she had most certainly been dumped.<br/><br/>I never wanted a pet, and yet the kitty has become the love of my later years. She is not my first kitty, or pet, but now she's the one. And, should she live so long, will have an ""income"" after I am gone. ",0.5584
39,"""We"" most certainly do have a ""right"" to end someone's life - it's done on an order of a court or the President when he orders a drone strike. California is simply conferring that right on an individual 'in articulo mortis'. And if indeed one does not have a right to end one's own life, then why is it ""so important to have our end-of-life wishes documented and accessible to our families and medical providers"" as you say? What difference does that make?<br/><br/>Furthermore, God clearly does not control the beginning and end of life. If she did, then there would be no need for you to argue against execution or euthanasia since it is what she intended regardless of the method. And even if you take human agency out of the question, then you wind up arguing that cruel accidental deaths are somehow divinely inspired.<br/><br/>Your commentary is an expression of your personal values only, which you are entitled to as is every American. But it does seem a bit poorly thought out and frankly downright naïve. ",0.5171
40,Dogs are considered tasty by humans in many many places. Why should humans have all the fun?,0.5106
41,Mercy and compassion are human emotions rooted in evolution. Without them there would be no cities on this planet.,0.5106
42,"Who would have thought that ""Shoot First, Ask Questions Later"" was a psychology course? Best avoided by anyone interested in the humanities or, for that matter, humanity. ",0.4939
43,"Save lives, compromise.",0.4939
44,"A clarification on a few misconceptions floating around. I am a jain.<br/>1.	Is this painful?  I don’t know. From a jains perspective, one has to endure the pain and torture that has befallen on him/her due to his past Karma- If not in this life, then in the later once. There is no escape. By taking this fast s/he agrees to undergo the pain in this life and hence reduce their karmic weight going forward. The happy mood is partly a celebration of the karmic advancement of this soul.<br/>2. Is it peaceful? A big premise of Jainism is to appreciate the transit nature of human body, viewing it as a vehicle that carries the soul from birth to birth. When monks detach themselves from their bodies, they win over their love for their body. That's the definition of 'peace' in this context.<br/><br/>I have witnessed one of these and true to this article, the atmosphere is very celebratory, making death a very approchable fact.",0.4627
45,"I would say ""The latest area of the Earth used to benefit mankind.""",0.4588
46,"So, to paraphrase: if you haven't planned ahead, starve (excuse me -- practice starving). We seem to get variations on this article a half dozen times a year. ",0.3412
47,"What, no picture of the kangaroo or the baboons? The reading public demands cute!",0.2714
48,"Cecil alive for a couple of decades is worth far more to the Zimbabwean economy through tourism earnings from people coming to admire him that Cecil dead for a one time trophy fee. Yes, the villagers should not have to live in fear. Yes, it is natural for them to want someone to kill a lion that is bothering them, and yes, in the 21st century it is time for Zimbabwe's best and brightest to figure out how its wildlife and its villagers can peacefully coexist. It is also time to find a cure for the anachronistic blood lust for killing exotic beasts when there is absolutely no reason any more to kill them. And nobody has taken issue with the poor lion's name. It was most likely inspired by Cecil Rhodes - how appropriate is that?",0.2698
49,"Those responsible for deaths from unsafe products - cars, tainted foods, ATVs, etc. - should feel at least equal remorse for the consequences of their lethal for-profit decisions. Actually, they should feel much greater remorse. Dr. Eggener was doing his best to save or prolong a life already impacted by disease. CEOs and others whose actions put deadly products into the marketplace, and ultimately into the hands of children and others, are far more culpable - and, sadly, far less willing to take responsibility and express true and deeply-felt regret when the outcome is a needless death. ",0.2585
50,"Many people  here who have hope s still  revers e this  extinction tide  are  young, but If you live enough  like you, you know that Humans  as a whole  cannot achieve  this  goal, we are not going to make it, it means  we  are not going to save others,  we are going to live till  our  extinction that is not because  other  become  extinct  it is very different reason nothing to the with climate, nature  or  other  species  demise.  ",0.1921
51,"Not sure what you mean, as 'anthropomorphize' means to attribute human characteristics to non-humans, such as animals.<br/><br/>This patient was clearly a human being.",0.1872
52,"Too many people, 10M other species, a dying planet thanks to the human beast....... no, we are the ones that need curbing, we are the ones that are running amok... we need birth control and the morning after pill everywhere, especially in Zimbabwe. ",0.1779
53,Let Zimbabwe lock up all the American big game hunters they want!,0.1511
54,"Allow me to clarify: Dog-eating in China is a barbaric and antiquated custom in which many people, including many Chinese people, are vehemently against. However, you are diverting the issue of this article by engaging in equivocation by changing the topic from feeding starving children to eating dogs.",0.128
55,For the life of me Amazon's culture sounds like a version of the Hunger Game.  ,0.128
56,"Claudia, I suspect your income is tremendously greater than that of many people who do, indeed, hunt to feed their families.  These people are the minority, but I have known families in Idaho and Minnesota who did rely on hunting for their annual food supply.  Most of the hunters I have known were/are not trophy hunters, but rather food hunters.  Speak to that which you know, not that to which you presume.  ",0.0763
57,"Since some readers are wondering: the short paper <a href=""http://www.human.cornell.edu/hd/ciws/upload/SexDifferencesMathIntensiveFields.pdf"" title=""http://www.human.cornell.edu/hd/ciws/upload/SexDifferencesMathIntensiveFields.pdf"" target=""_blank"">http://www.human.cornell.edu/hd/ciws/upload/SexDifferencesMathIntensiveF...</a><br/>has both data and references backing up things stated in this column.",0.0258
58,"I do not think lions go out of their way looking for people to kill. Stay out of their territory, especially if they are protecting their family with cubs, and perhaps people will be safe. Man is infringing on their territory in Africa the same was he is doing to the panthers and other wild animals in the United States. ",-0.0
59,We're all the same species: human,0.0
60,"It's called ""evolving the brand."" ",0.0
61,One thing this obsolesence (sp?) does is it recreates the mortality of a real pet.,0.0
62,But is it palm down or palm up?,0.0
63,"And not just about elephants in Africa, Lemurs in Madagascar, it's also about the Florida Panther which the Gov of Florida wants to take off the endangered list. ",0.0
64,The Wolf of Washington.,0.0
65,It's cheaper to devalue human life.,0.0
66,Why shiuld they be importing meat? They seem to have an abundant supply of dogs and cats.,0.0
67,"The sharks will go to all lengths to get their pool back. After all,  what else are sharks supposed to do?",0.0
68,You don't get more wool from measuring the sheep.....,0.0
69,Knitting in Knottingham?,0.0
70,Why would you discipline a dog for being a dog?,0.0
71,Why shiuld they be importing meat? They seem to have an abundant supply of dogs and cats.,0.0
72,"Robert Mugabe is head of the African Union, need one say anything more when it comes to discussing credibility?",0.0
73,"I thought you were going to say you had a wretched marriage, and your husband's death freed you -- for god's sake, I waited more than 3 days after my DOG DIED.<br/><br/>Note: the idea that gray hair would prevent you from remarrying has to be silliest thing I've read all week.",-0.0772
74,<br/>Don't miss the very important lesson God teaches in the Bible—what you refer to brazenly as myth.<br/><br/>Why were animals destroyed in Noah's Flood if humanity became depraved?<br/><br/>When mankind does not exist and animals are of no use to man the animals cease to exist.<br/><br/>Animals exist only exist to serve mankind.<br/><br/>Some of that service is for nourishing food.,-0.1279
75,"When do we need to ""fully understand why anyone is sexually attracted to anyone else""? We don't understand the origins of a lot of human traits, but that's not a prerequisite for granting people full human rights.",-0.1388
76,Nature has no detectable emotional reaction whatsoever to anything humans do. That is reality.,-0.1531
77,The dentist is STILL alive. Many of us consider that an outrage. ,-0.1779
78,"""I'd like to share a revelation that I've had during my time here. It came to me when I tried to classify your species and I realized that you're not actually mammals. Every mammal on this planet instinctively develops a natural equilibrium with the surrounding environment but you humans do not. You move to an area and you multiply and multiply until every natural resource is consumed and the only way you can survive is to spread to another area. There is another organism on this planet that follows the same pattern. Do you know what it is? A virus. Human beings are a disease, a cancer of this planet. You're a plague..."" Agent Smith",-0.1901
79,"We live suspended somewhere inbetween the reality and the nebulous world of  our ideas, which are supposedly meant to make the real world better although the evidence is mixed at best.  World peace and Nuclear bombs, Hunger and Gluttony , Vegans and Animal rights all point to contradictions  of modern living. <br/><br/>The ideas of vegan living only arise when there is abundance of food. Note that in poverty stricken regions there is no such moral dilemma . It seems that reality trumps all ideas except when it is softened a blurry haze by prosperity. <br/><br/>I find it fascinating that some of us take these hard moral positions, and perhaps some of us must- for what good are our abilities to generate ideas if they don't attempt to change our conceptions provided we don't fall completely in the  trap of any one singular hardcore ideology. <br/><br/>I do think we have become more and more cruel towards animals. Our resturant businesses, eating choices thrive and drive the increasingly toxic innovations of food industry. Modern living is shortsighted. And obviously the universe has no grand scheme to incorporate kindness in the phenomenon of existence called life.<br/><br/>The show always goes on when it is question of Money. ",-0.2072
80,I feel  for Dean's girlfriend. It is of course ok to risk your own life doing dangerous stunts because you love that thrill. And obviously he was good at it. But she's left behind. His dog too. I find that sad.,-0.2144
81,Can obsessive kitchen-counter wiping be seen in the same light as dusting? I figured the wiping is an out-damned-spot thing...,-0.2263
82,"Yes, remember the celebrity that died in that surgicenter from a minor procedure to her throat.  I guess that clinic did shut down.  ",-0.2263
83,"<a href=""http://www.nytimes.com/2015/08/05/opinion/in-zimbabwe-we-dont-cry-for-lions.html"" title=""http://www.nytimes.com/2015/08/05/opinion/in-zimbabwe-we-dont-cry-for-lions.html"" target=""_blank"">http://www.nytimes.com/2015/08/05/opinion/in-zimbabwe-we-dont-cry-for-li...</a><br/>“In Zimbabwe, We Don’t Cry for Lions”  by Goodwell Nzou<br/>	I chose this article because I believed Goodwell Nzou would have an interesting perspective on the whole controversy about Cecil the lion. It was appealing to me; I hadn’t known in Zimbabwe that lions were thought of more as dangerous predators than a beloved species. Though I don’t have further knowledge of the American dentist who “trophy hunted” Cecil, I am still against the idea of killing wild animals just to get a laugh out of a couple of friends, or for bragging rights.<br/>	This whole event just goes to show how different countries and societies can be. In America, we visit lions in enclosures to smile at and take pictures of. In villages in Zimbabwe, if you came across a lion it would be an every-man-for-himself kind of ordeal. Big cats are at the top of the food chain and are not to be fooled with. Americans are still teary-eyed over the death of Cecil, but in Zimbabwe it was no large deal at all.",-0.2726
84,"If given an opportunity to live on your knees or die on your feet, how would you vote?",-0.2732
85,"Rose Wolf, the answer is zero. ML Chadwick, stop taking LSD.",-0.296
86,"Then if you'll pardon my saying so, your priorities are incomprehensible to me. There are millions of sentient, active lives out there - people who can communicate and love and think and walk - who need taking care of. There are millions of lives out there that need rescuing from actual barbaric behavior such as rape, torture, and unimaginable poverty due to corrupt governments. That is barbarism. That is actual desperation. Not the possibility of maybe one fetus being saved that may or may not go on to lead an active full life. I hope you don't gamble on a regular basis because you must be terribly in debt.",-0.296
87,They really do believe that the imaginary God they idolize in their own image wouldn't let their garbage destroy the planet.,-0.34
88,"While I appreciate one point I think the author is trying to make (he never states it explicitly), that many Americans are ignorant, perhaps willfully so, of Zimbabwean culture and norms, I find his argument that Americans care more about African animals than African people flat-out hyperbole.<br/><br/>Three decades, two Live Aid concerts (which, granted, weren't solely organized and mounted by Americans--we jumped on with Geldof and the Brits), millions of dollars raised for African countries, and billions of dollars in US aid to Zimbabwe since then illustrates that, while most Americans may still be myopic in their worldview, it is not the case that ""Americans care more about African animals than African people.""<br/><br/>For instance, I don't think Americans as a whole would be as outraged if a Zimbabwean shot a lion to defend his or her family, to use the example Mr. Nzou uses. The fact that there's not this much unified outrage over Native Americans hunting endangered Gray Whales off the coast of Washington (although there's some debate) shows at least some degree of situational thinking and cultural sensitivity as it pertains to this event, even though the social media discourse doesn't capture that nuance.",-0.3578
89,They are not killing the dogs humanely and a lot of them are stolen pets. It''s incredibly revolting...I don't care if it is part of their culture. We have a lot of things in our culture in the US that aren't right either.,-0.3768
90,and when you die I'm sure that data center will have a plaque with your name on it.,-0.3818
91," ""Meanwhile thousands of elephants have to be culled by game wardens because too many elephants endanger the environment.""<br/><br/>Actually, too many people endanger the environment and are encroaching on elephant's habitat . Human over population threatens the environment, other species, water, air and humanity itself. ",-0.3818
92,"So many egoic comments surrounding a process which is intimately involved with the ultimate loss of control.<br/><br/>Death, other than sudden death, involves indignity and it also very much involves surrender. As a long time hospice volunteer, I wonder if the loss of dignity, associated with an inability to care for one's own bodily functions, perhaps helps move one along to the necessary surrender? ",-0.4019
93,"The earth has enough people, probably too many.  I believe our emphasis should be on quality of life, not quantity.  I am happy to see that with education, women are having fewer children.  Humans are not an endangered species, although we deserve to be.  Few species foul their own nest as do humans.  I am far more interested in bringing more elephants, mountain gorillas, polar bears, tigers, etc. into suitable habitat than I am about Homo sapiens.  Religions that push for larger families deserve our scorn.",-0.4029
94,"Allowing a continuous inflow of alien Third World people into the West only undermines the fabric of Western culture and society. It destroys social cohesion, solidarity, engagement, and community. It is pathologically altruistic to try to help others while destroying oneself. And more often than not the beneficiaries of the Refugee Industrial Complex end up feeling alienated in the receiving country. As in nature, if you introduce a new species into an existing ecosystem, the ""invasive species"" always upsets the delicate balance of that system. Beware of pathological altruism. The West needs to wise up.",-0.4082
95,"The problem with this type of racism is that it is ""in your face"" all the time.  It reminds its black citizens that despite of 400 years of cruelty, barbarism and exploitations, these ex-slaveholders still believe that they were right. And all that stuff was just an admirable way of life. It is like the Jews thanking the Pharaohs for the opportunity to assist in the construction of the pyramids.   ",-0.4215
96,"What? Serioulsy, Republicans vote every day to threaten women's existance?  You think they want a world without their mothers, their daughters, their wives, their mistresses, just populated by other men till the human race dies out? ",-0.4291
97,I want the first heart attack to be king sized and do it job right away.<br/>Failing that give me drugs and plenty of them so I can get out painlessly.<br/>I think simple assisted dying would save people ( sick and related ) many<br/>problems of various types.<br/>Cheers<br/>Al ,-0.4404
98,"To Death and Taxes, we can add one other certainty in life: insurance companies lie.",-0.4404
99,And the vulture turns its eyes toward new carrion...,-0.4588
100,"I don't think ""greed"" is the only motivation for racing a Triple Crown winner beyond those three races, nor do I think it possible to overlook the emotional greed that radiates from the typical assertions of many individuals influenced by animal rights rhetoric.  ""It would crush me to see him broken"" is a statement about the alleged delicacy of the self, not about the horse at all, and it reminds me of the oft-repeated claim posted with animal videos on social media: ""I cried"" or ""This one made me misty"" or whatever variation on the theme of ""I'm such a nice person I can't watch anything happen to an animal without weeping.""  All this focus on the tender sensibilities of the human viewer completely overlooks what horses and other animals can teach us about themselves and what they think of the things we ask of them, if only we can wipe our eyes long enough to notice.  Walt Whitman understood it.  ""They do not sweat and whine about their condition.""  Have we come to a point where we no longer admire that about them but see that as a failing in them we must cure with our own noise?  ",-0.4845
101,WHY?  WHY???  Have you forgotten VP candidate Caribou Barbie of 2008?<br/><br/>Anything is possible!,-0.4857
102,She is cold and heartless.,-0.4939
103,"As hard as it may be for you to know, Tim Hunt is just a contemporary Human Male. Most likely there is not any significant evolutionary difference between him and other Human Males in the World, only some cultural differences. And unfortunately the same can be said of women.<br/>""I am human, and nothing human is foreign to me"" (paraphrasing) Nietzsche  ",-0.5255
104,"Cecil is an emblem to our own sense of powerlessness.  I'm not a bleeding heart liberal, in fact, I'm a conservative, but I cried for Cecil because I identified with him.   ",-0.5267
105,"Dying to achieve nothing, saving nobody, leaving no mark, and doing it for no reason other than self-gratification, would not get anybody into Valhalla.",-0.5267
106,"Oh, stop already...it's no longer the ""Old Pueblo.""  What planet are you living on, anyway.  Open your eyes and look around at the depredations of money-crazed predators once in awhile.",-0.5267
107,"It sounds as if those who deny global climate change, and/or who seem to support corporate supremacy over protections for water lans wildlife and human beings, are terrified of this man's moral weight.",-0.5423
108,I'm reminded of the slaughter of American Bison from train rides.<br/>Oh how we hunters suffer.,-0.5423
109,"Greed, brought about by the leveling fear of mortality, has always defeated reason and until humanity is willing to accept this reality, death by whatever means will be held as an unfortunate, but acceptable consequence of ""doing business"".<br/><br/>Might no matter how well clothed still doesn't make right.",-0.5719
110,"What an obtuse column ! Empathy is a good quality to have. Mr. Bruni feels sympathy for groups that have suffered discrimination and are finally getting their rights. And because they have fought for them and not because corporations have joined the bandwagon. But what about workers who have suffered, and will suffer because these same corporations can pose as believers in progress and earn a free pass because Mr. Bruni and others are so easily fooled or simply lack the empathy gene.",-0.5907
111,Are you implying Mr. Garner deserved to die?,-0.5994
112,"You call mass deportation orderly? Give me a break. There is no plan in his plan and if you listened beyond his vitriol and your own anger, you'd understand that his world view and its actual manifestation is deeply disturbing. Before you decide so unequivocally that his solutions are best, perhaps try getting out of your New York, well-paid, well-educated bubble and take a look into the eyes of a child from El Salvador who is running for their lives. If you can turn your back to that kind of suffering and your humanity has been stripped to that degree by politics, the media and your own callousness, then please, pull the lever for trump. Otherwise, consider yourself a lucky American who has no clue what the other half is living through. ",-0.6232
113,"You're missing the point: it's not just one species that goes - it's a chain of species and the more we lose, the longer that chain becomes.  <br/><br/>We're talking about global ecosystems here - you need to think bigger and longer term.",-0.6344
114,"Not ""might not"" rather ""would not"" and the African American would be dead.",-0.6486
115,Boone didn't buy a trip to Kentucky for the purpose of killing that mountain lion you mention. ,-0.6597
116,   I doubt the Minnesota dentist was ever threatened by a lion prowling near his village.,-0.6705
117,Dead on as always!,-0.68
118,"Let whoever is a strict vegan cast the first stone. Meat is murder, dog or pig.",-0.6908
119,Natural disasters doe not exist. It is the human endeavor placed in the 'paht' of  of biogeophysical phenomenon that cause havoc for humans.,-0.7184
120,"I am not sure that ""corrections' are a very effective part of dog training, but even if they are, they are part of training. Once the dog learns, corrections are rarely needed. Obviously whipping is not a correction but a very crude form of communication- the message: run for your life!",-0.7241
121,"I'm sure they feel similarly about US government and society. Why should they be obliged to ""succumb to the ways of our ordinary world"", but we are not obliged succumb to the ways of THEIR world? It is our government that is behind most of ""making war and ... chasing people out of their homes"" that goes on in the region.",-0.7266
122,"Dear Goodwell Nzou,<br/>We may stand at opposite sides of a cultural barrier. But consider the facts that move us in the U.S. First, pure numbers. These great animals--lions, elephants, rhinos--are so endangerd, so overhunted, so reduced by loss of habitat and killed by wealthy foolish hunters that yes, Cecil has a name because he is one of so few left, you can name him and his fellow species. Next, consider that Cecil who was tagged and monitored by a GPS device from an Oxford professor. You see, never in a million years would this lion menace your family or village because he lived in a supposed wildlife sanctuary/national park. Okay? Basically, you sound like someone still ensnared by old stories from a hundred years ago. The old days when lions roamed free and threatened people? Please. When was that? Not now, when humans have guns and and airplanes and telescopes and animals have only their teeth, speed, and paws. It is not a fair contest. It is a sick display--not a contest. Do you want a world where the only living lions are in zoos? You can question my country for hunting Pumas. But I question your country for the lax oversight and corruption of maintaining its national parks. I hope that the global community is sufficiently moved by this killing to put our bodies on the line to protect endangered wildlife in Africa. My countrymen have responded to oppression and injustice worldwide. I am glad we continue to do so on behalf of Cecil the Lion. ",-0.7289
123,"The author of this piece is very bold to write it. She clearly understands full well that she and her friends could all be prosecuted for murder. But what she also understands and frankly what I find more abhorrent, and that she still tries to slide by, is that she did indeed leave her friend alone at her time of greatest need. The writer will believe what she has to believe, we all do, but from her description what her friend experienced at the end was loneliness and abandonment, not comfort. I do think these people had their friends best interest at heart, but they were in over their heads. Death, the process of dying and humane euthanasia or suicide need to be more fully understood before trying to undertake on your own. Or a situation like this, or much worse, is the likely outcome. If this process were legal so that medical professionals were able to help guide and advise folks like the woman who wanted to die, these events would be so less damaging to all involved. ",-0.7569
124,Its time to stop pushing and giving stress to this horse. Time to send him in retirement. Where are the Animal Cruelty people when we need them?,-0.7579
125,"It's apparently quite common for a dying person who is surrounded by loved ones to die when he or she is left alone for a little while.  Loved ones often feel terrible and even guilty about this, but it could well be that leaving a dying person alone ""allows"" him or her to die instead of hanging on for the sake of the loved ones.  So, leaving the room may not have been in and of itself a bad idea.",-0.7743
126,"This article interested me the most because I very against how people kill animals as a sport. The animals that are being hunted for fun can be a hobby for people who like the spend their money. Its incredible how people pay alot of money to kill a life of an innocent animal instead of helping countries that have hunger problems,charities or humanitarian organisations. Its hard to believe that  ""these people"" consider ending an animal's life as a trophy. Even if you can afford it you shouldn't kill animals as a sport.  ",-0.7783
127,"Dog Days Can Be Deadly For Dogs<br/><br/>This article is about the effect of heat on dogs when they exercise.  I was informed of a lot of new information about dogs young, and old being effected from this issue.  As a dog owner myself, I was not aware that exercising in certain conditions can become deadly to dogs. But from learning this information of what people should watch for in their dogs behavior will make all dog owners more conscience of what they do with them. Resulting in less suffering dogs.  What the doctors solutions are to heatstroke are very important for dog owners, but I believe that people should try and learn from this article and not have to put their dogs through such horrible experience such as,putting them in ice cold water, wrap them in and cold cloths, or even worse have to bring them to the vet.  By what theses doctors ask of dog owners, heatstroke should rarely happen because bringing you dog for walks in the evening or early morning is not a lot to ask.  Being introduced to this information will make me and all dog owners more careful with when they exercise with their dogs.",-0.7924
128,"Exactly as I have known for years, very primitive people who drag our country down through ignorance and dysfunction. Culturally they are low on the so called totem pole. ",-0.8074
129,"A criminal act in these debates is often described as something the perpitrator bears no responsibility for. Rather, it's the sole fault of a system that pushes buttons and forces people into unspeakable acts. What planet are we on?     ",-0.8074
130,"Frankly, all these folks in Yulin seem well, quite well fed, some even rosy and chubby, with no indication of them needing to ""survive."" This is no camp in Africa with no food on sight for weeks, nor a place with rampant malnutrition. In fact, traders and a lively economy were in celebration and festivities.  Nope, this was certainly not a case of a hungry beggar eating a dog --this was systematic torture, making lucre at it, and laughing all the way to the bank...<br/><br/>In fact, this might very well a place to ask yourself why in the camps of displaced peoples and war torn unfed folks, dying of hunger, from Syria to Africa, systematic torture and eating of dogs does not happen. ",-0.8332
131,"There is no right to exist. This is different from the right to life which we afford to existing human beings who have at least some awareness of their own existence. We do not afford a right to life to animals even though the pig you had for breakfast has more self-awareness that a five-month-old fetus. But whatever the rights and wrongs of animal killing, nobody would argue that we have a moral obligation to bring all potential human beings into existence. I have two children but had I not used contraception, I would most likely have had ten or twelve. So what about those potential children - don't they have the right to life? And if they don't, as most rational people would agree, why does a fetus?",-0.8364
132,Is it known how these people died? Were they locked in there &amp; left to die of thirst &amp; heat??,-0.8418
133,"""They need to be protected, yes, but let's not forget they used to kill and eat a lot of people. ""<br/><br/>I believe animals like lions still do kill people and not ""used to""....",-0.8422
134,"Fair enough, but then all the poor people he lectures about making bad choices are just being human too. He should take that into consideration before being the arbiter of how to live a decent life.",-0.85
135,"Life without risk is stultifying.  <br/><br/>We are all going to die.  I'd rather play in the world, knowing I might run into to death, than sit in a recliner waiting for death to find me.   The timing is irrelevant.",-0.8586
136,"This should seriously disturb any decent person who reads it.  At the same time, however, our unnecessary breeding, enslavement, and killing should serious disturb any decent person as well.  There is no morally relevant difference between a dog, cow, chick, pig, or any animal with a central nervous system when it comes to the terror and agony of exploitation, enslavement and killing.  But most of us look the other way out of cultural conditioning and pressure.  We shouldn't.  Instead, we should face the fact, as difficult as it may be, and be open to learning and change in this area of life.<br/><br/><a href=""http://www.gentleworld.org"" title=""www.gentleworld.org"" target=""_blank"">www.gentleworld.org</a> is a great place to begin.",-0.8591
137,"First: ""The greatness of a nation can be judged by the way its animals are treated."" - Mahatma Gandhi.<br/><br/>Dog eating is wrong wherever it occurs. And yes we have to question the treatment of all animals - everywhere, whether for meat, fur, entertainment in zoos, etc.<br/><br/>But dogs were socialized to depend on us. This makes the betrayal clear.<br/><br/>And these dogs are tortured to death in grotesque ways before being eaten, many butchered alive. How can anyone not see that alone is wrong?",-0.8645
138,"<br/>Thank you so much for YOUR op-ed thoughts. I have long been disturbed by the rather cruel way the world ignores ""older"" women. To not be seen or looked at because you are not in a favored age-group must hurt...",-0.8699
139,A few hedge fund managers have literally lost their shirts between the ouza bars and the pastries. Not that I'm crying....they're financial parasites profiting fyom the misery of others. But perhaps another factor for the relative calm is this: Greece has issued dire warnings so often that nobody knows the difference between their crying wolf and hearing the wolf at their doors.,-0.8807
140,"The dentist has a kill list of 43 different animals, including, polar bear, mountain lion, elephant, and African lion he killed in '05.",-0.8807
141,"So she did most of her crying on those trips.  Did she ever stop and think, just a little bit, about how much crying she inflicted on her identity theft victims?",-0.8814
142,That is cruel. These people were participating in the death of a close friend. Of course they were emotional! Of course they weren't thinking coolly and rationally! This was hard all around.<br/><br/>I agree with you about legalizing assisted suicide. The rest is just another blow at someone already feeling pain.,-0.893
143,"Ideological purity is death to diversity of ideas, dreams, and opportunities.  Pick any time in history and you will find oppression and predation of the sick and the weak as burdens on those speeding to the top.   It is not that Kansas republicans are evil, they just never drank the cool-aid.",-0.8979
144,"Hmm, was what I said too harsh?  Well I've got news for all the politically correct people who don't want to offend anybody.  The jihadists would torture you to death on a whim as soon as they could.  If you go to benighted Syria to try to save your fellow humans, your fellow humans will rape you to death, behead you, set you on fire, or whatever the execution du jour is on the menu.<br/><br/>If these girls have bought into that ideology they have to die like the rest of them.  Sorry this is harsh but it's absolutely true, all such barbarians are beyond saving, and civilization has always had to destroy marauding barbarians or be destroyed by them.  Which side do you want to win?",-0.9016
145,"While I agree with your assessment over America's tendency to sometimes romanticize or demonize without deeper understanding, I find your article grossly misdirected. Are you aware that the African Lion is on the verge of extinction? Do you realize that ""killing one's own mountain lion to extinction"" and ""killing someone else's lion to extinction"" are slight different in scope and diabolique?  Do you know that the said mountain lion was part of a conservation study? Are you even aware that several African specie because of illegal poaching (I know this doesn't technically fall under the same category) are part of such studies that are aimed to understand their movement, habitat, etc so that steps can be taken to increase their dwindling numbers? Do you realize hunting for sport and hunting to save lives are not the same? Do you see the fallacy in your logic of killing an endangered specie because they are invading human villages (without understanding how human encroachment of wild life habitat is linked to such encounters)?<br/><br/>And finally, are you aware that there are 7 billion humans and l a few thousand lions on this planet. From a species point of view, I really don't thing I would want to shed as much tear for a human as I would for a lion.",-0.9018
146,I would like to retract my insensitive comment. Watching the BBC report about the strong currents off Ibiza made me realize Ms. Molchanova must have struggled to descend while fighting the current. And drowning is obviously a horrible way to die; panic followed by unbearable pain and horror. I can only offer my heartfelt condolences to her family and friends.,-0.9022
147,"ok first this is not a culture or tradition, the fest was created by dog and cat meat dealers in 2009, to up their purchases, next the process is preset style, cats and dogs are caught, denied water/food, shipped miles from, other parts of China, and other places, in small cages dog upon dog, cat on cat, many die because of this pre trip, next, they are loaded from the trucks, some carted in by motorcycle, hiding them because they have no papers, stollen pets, some have collars on them, &amp; strays next they are hidden, then sold by taunting the dog in pain, so buyers, see they will release hormones(makes me taste better), next they take the remaining (laws say they cannot do any of this not even advertise sales) into back rooms in dark of night, they beat the dogs/cats, still alive they boil them to remove the skin and get the hormones to rise, they reuse the skins for products they sell to us, next they cook the crispy ones them by torches alive.. after they are done next morning they sell them..all illegally with no papers(rabies,disease) saying they are safe, now its not about eating meat it's about all that, the officials not stoping them breaking laws, and the torture you just read..vegans or not pick your fights because this is a change, &amp; fact that teaches one to fight to end cruelty to end it... is a vegan one who defends a wrong by not attacking others but by helping, shame on you &amp; I'm a new one myself, sad right now, because i am speaking up, not attacking non vegans",-0.9034
148,"It is hard to read this and not think Satan is real, unless God's plan is for my grandchildren to suffer and die in a hellish global warming landscape.  ",-0.9081
149,"All this op-Ed proves is that the world is full of narrow thinking narcissistic humans. Mr. Nzou sets up the straw man argument that because subjectively X is a worse problem than B, that either there is no problem pertaining to B whatsoever or that those who advocate for problem B are silly and misguided. The world is full of just causes and one doesn't diminish the other. <br/><br/>Simply because there are those who are passionate about conservation and animal welfare doesn't mean that human and civil rights, poverty, etc., are less important causes.  Since when do we pit injustices in the world against each other in a competition for which one is most horrendous?<br/><br/>Mr. Nzou in his mocking of Americans, mistakenly focuses on Cecil instead of the big picture, which is the need for conservation to avoid mass extinction of so many of these animals that are being hunted for vanity. Cecil was only the face of a broader issue and his plight served to bring recognition to the need for conservation to the general masses. <br/><br/>Finally, the argument that animals should be hunted for trophies because they are dangerous is absurd. Lions and giraffes roaming unprovoked by humans in protected habitats or their natural habitat are no threat to humans.  Should a rouge lion threaten lives in a village then by all means shooting it in self defense seems reasonable. But stalking exotic animals in their own habitat minding their own business is provoking them and not self preservation.",-0.9318
150,"This is sad and incredibly stupid behavior. More importantly, the enslavement and killing of people is much more disturbing. I can't help but wonder, what makes humans so prone to becoming evil monsters? ",-0.9378
151,"Gov. Walker and Gov. Huckabee are proud that they are willing to condemn another group of people to death (women needing life-saving abortions). They will see women die not just for their version of God, but Huckabee added the Constitution as a reason why American citizens have to die for his religious beliefs.   Particularly considering the other misogynistic theatrics last night, I think the media is under-playing the Women Gotta Die segment of last night's debate.",-0.9413
152,"My family and I were in South Africa for a month in July to see the country, and expand our horizons. While visiting we went on safari. We saw the most gorgeous animals, some we have have never seen before. While on safari we learned a lot about trophy hunting and poaching. I have a big problem with both of those things. I don't have a problem with a villager killing an animal to protect his life but I have a problem with people killing animals, just for the name of a good kill! We do live in a ""jungle"" made of tall buildings and concrete but there are places in the world that aren't made up of buildings up to the clouds and some of those places are Africa, and Zimbabwe. We want to preserve these places for the sake of our world. We're all humans living in the same world- although we may look different, and speak different languages the world belongs to all of us, and we want what's best for our world.  No we are not telling villagers what to do, but if an American goes out to kill an animal just to hang the head in his living room- or even if a villager goes out and hunts not to eat, not to live, but to hang the head in his living room I have a really big problem with that! Yes we killed animals but you can't say that we don't want to preserve places that still have forests. Because clearly that's what were doing. Your point of view was interesting but this was a little on our point of view, at least my point of view.",-0.9422
153,"Americans will pride themselves and pat each other on the back that the southern flag will be rescinded or the 'c' or the 'b' or the 'f' or the 'n' word will go out of favor.  But these 'victories' are cosmetic and do nothing to dampen the violence that procuring firearms achieves.  It is ripped and mangled flesh that cause death and destruction, not the hurt feelings of mindless words or callous symbols.  When will Americans ever realize this fact?  Probably never.",-0.9492
154,"I agree with Trump.  McCain isn't a hero.  McCain was certainly courageous in enduring torture, but it was not heroic.  A heroic action is one that is courageous and chooses danger in SACRIFICE for the benefit of others.  Consider, for example, a free climber (a mountain climber that uses no ropes).  He is courageous but not heroic.  However, if the same person is choosing to free climb in order to save a stranded person, then that is heroic.  Choosing to sacrifice in the face of danger is required.<br/><br/>Here, McCain endured torture, which is commendable and brave.  But it was not a choice in order to save someone else.  Sure, he was generally there on behalf of America, so there is sacrifice in that sense, but that is tenuous.  I don't believe all who serve are heroes - ""war hero"" is used way too loosely.  <br/><br/>Now if McCain offered himself up for torture in place of a fellow POW, that would be heroic.  But he was going to be tortured one way or another - there was no choice to sacrifice for someone else.",-0.9526
155,"There is no contradiction between caring for the lives of animals and caring for people.  The idea, pompous NYT, is that ALL LIVES MATTER.  Animals are our partners on the globe and God's creatures and deserve our respect.  They are not toys for sport.  The idea that the people who care for animals don't care about people is not true.  The vast majority of these folks are compassionate toward all living creatures.  Do you think the trophy hunters are out contributing to humanitarian relief in Zimbabwe?  Hardly.  Sure, large cats can be a danger to people.  So what?  It does not justify the kind of canned hunting for trophies practiced by rich people for sport.<br/>In another article or editorial, the protests over this lion's killing were termed ""internet vigilatism"" by the NYT.  But if there is outrage over attacks on African Americans or other minorities, it's called ""a call to justice.""<br/>You see, most of the wild environments on the planet with all their resident animals, have been wiped out by people - and the destruction continues.  Many, many creatures are now extinct (and many in Africa are headed that way).  The public's attitude toward animals is part and parcel of its attitude toward the environment as a whole.  A whole lot of people are upset about the planet's destruction, including all its animals.<br/>Wake up, New York Times!",-0.9568
156,"""In Zimbabwe We Don't Cry for Lions"" <br/><br/><a href=""http://www.nytimes.com/2015/08/05/opinion/in-zimbabwe-we-dont-cry-for-lions.html"" title=""http://www.nytimes.com/2015/08/05/opinion/in-zimbabwe-we-dont-cry-for-lions.html"" target=""_blank"">http://www.nytimes.com/2015/08/05/opinion/in-zimbabwe-we-dont-cry-for-li...</a><br/><br/>When I first saw this article, I was interested because I thought it might tell me more about the story of Cecil the lion. However, when I read it I found a very different story. This article offers a unique perspective into the story of Cecil that many Americans have not realized. Written through the words of Goodwell Nzou, a student at Wake Forest who grew up in Zimbabwe, he explains that the killing of the lion is not something that Zimbabweans would mourn, but rather praise. Lions are not a treasured animal in Africa, but an object of fear and terror that can control villages and lives. He made me realize that Americans are more distraught over one lion being killed than the many people who are dying or in need of help in Africa. American people need to better understand African life and culture before forming their opinion on this matter and also should pay more attention to the people in need than one lion who may have put those people in even greater danger. ",-0.9572
157,"""Beachgoers lose limbs in shallow-water shark attacks"" by Jack Jones and Jonathan Drew<br/><br/>I live very close to the beach. I normally look up and down the coast line for miles and see people laying out on the beach, but not many are in the water. I sometimes wonder why and my friends say that they are afraid of the unknown in the water. Every beach that I go to someone is afraid of sharks or something that might lurk in the water. Yet many people don't know you are more likely to die from playing high school or college sport than you are of sharks in the deep blue.<br/>According to studies the main reason for the attacks on the beach goers is the confusion of the sharks. Sitting on the boogie boards or murky water can confuse the sharks into thinking that you are the prey that is so critically needed. Sharks eye vary from species to species and their prey vary.<br/>Shark attack are hard to prevent. Many people are afraid of the terror in the deep blue but we do know how to shoo the sharks away. If you hit them on the nose and remain calm the shark will go away. The likelihood of a shark attack is slim to none but a furry animal in your home is bigger. So hold your breath and enjoy the salty air because the chance are slim and the ocean is calling",-0.9583
158,"This is one more form of animal abuse in the name of sport.<br/>There is 'Bull Fighting/Slaughter,' Running with the Bulls and Bull Riding.  We can add this to Horse Races, Dog Races, Dog Fights, Circuses, SeaWorld, Falconry and Zoos.<br/>Aside from entertainment, we employ testing and research on other species, our clothing made from the suffering of our brethren.  We have factory farming that condones horrific abuse.<br/>Is it any wonder that we harm each other?  At least, humans have a choice.<br/>Why have we no compassion for our non human brethren?  Sadism is bred into our culture.  We are entertained by the abuse of non-humans. They have no choice.<br/>There is a global cry for compassion, yet it is ignored.  Will you join the  fight?  Membership is free.  As our should brethren be.  ",-0.9586
159,"To say that these artifacts &amp; historic world-treasure sites are ""an affront to Islam"" is totally outrageous, absurd nonsense, Nothing can restore these priceless treasures. ISIS is group of barbaric  criminal thugs who know nothing of Islam, God, or what it means to be a true Human Being….no animal behaves this way. When will the true world powers (that means the evolved people of the world) rise up and stop their mindless destruction. They are a cancer that threatens decent life and Human achievement. ",-0.9626
160,"After reading most of the postings on this story I have decided I am not in the minority on this one. I too am appalled at how Amazon threats their employee's and the utter greed, back stabbing and the animalistic belief in kill or be killed atmosphere.  To stay on top you would have to accept having a short life span as the 80 or more hours a week will send you to that early grave and God forbid if you get cancer, have children, dying children, ill spouses or any life changing event, you'd be toast. I too am going to follow in the many footsteps in this blog and will never ever buy one bloody thing from Amazon again and I am putting this on my home computer page to remind myself of just why I'm not going for that particular item or free shipping. To all those who did not survive there thanks for your hard work and one day Mr. Bezos will realize when you treat people like their rabid dogs they can bite you back big time.",-0.9643
161,"Is it worse to be considered non-human, or a defective human.  There's definitely an argument to be made that the non-humans got it worse.  It still stinks for both groups. These my holocaust is worse than your holocaust arguments are pointless, and as someone who in the 90's watched his 19 year old bf picked up by military police while walking out of a bar and returned 5 days later beaten beyond recognition, very disheartening.",-0.9665
162,"What a histrionic and poorly thought out op ed (like most op eds, I suppose.)  Life is complex and nuanced, which this writer fails to recognize even though those same complexities contribute to his inconsistent arguments.<br/><br/>First of all, there is not a quota on tears nor is there a unit of measurement for grief. The people I know who cry for Cecil routinely cry for every other animal who is slaughtered for reasons other than self defense or food, named or otherwise. They don't turn a blind eye to animals in our own country. They have tears enough for both. And they don't limit their involvement to online tweets and posts but take action offline.<br/><br/>Some of these people also advocate for people, not just other animals. Now some of them are more concerned about police violence in our own country right now but the author himself wants Americans to stay out of his country's business. Except when he doesn't. Which is it?<br/><br/>Also, most people I know aren't blaming Zimbabwe for what happened but the American dentist. From my understanding he broke another country's law. The author also speaks with disdain of people like that dentist that have access to lands that he doesn't. He's angry that his people can't defend against the lion, but he's not angry this American can kill it. Except when he is. Again, which is it?<br/><br/>Yes, lions kill people. So do people, and in far greater numbers. By extension of his logic, we shouldn't cry for people either.<br/><br/>I have tears enough for everyone.",-0.9666
163,"""Killer of Cecil the Lion Finds Out That He Is a Target Now, of Internet Vigilantism""<br/>By: Christina Capecchi and Katie Rogers<br/><a href=""http://www.nytimes.com/2015/07/30/us/cecil-the-lion-walter-palmer.html"" title=""http://www.nytimes.com/2015/07/30/us/cecil-the-lion-walter-palmer.html"" target=""_blank"">http://www.nytimes.com/2015/07/30/us/cecil-the-lion-walter-palmer.html</a><br/><br/>This article talks about how a dentist, Walter Palmer, killed a lion, named Cecil. It also says that Walter Palmer lured the lion out of the sanctuary and then killed by American hunter Walter Palmer. In this article it also says that in 2009, he paid $45,000 at an auction to help preserve an elk habitat in California. Later that year, he shot and killed an elk from 75 yards away with a bow. This article interested me the most because I like nature and animals, and it also makes me mad because there was no purpose for killing the lion. I mean, we humans are too busy at work and school and if you have free time to kill a lion, why not just help the community or environment instead.",-0.9687
164,"""Killer of Cecil the Lion Finds Out That He Is a Target Now, of Internet Vigilantism""<br/>By: Christina Capecchi and Katie Rogers<br/><a href=""http://www.nytimes.com/2015/07/30/us/cecil-the-lion-walter-palmer.html"" title=""http://www.nytimes.com/2015/07/30/us/cecil-the-lion-walter-palmer.html"" target=""_blank"">http://www.nytimes.com/2015/07/30/us/cecil-the-lion-walter-palmer.html</a><br/><br/>This article talks about how a dentist, Walter Palmer, killed a lion, named Cecil. It also says that Walter Palmer lured the lion out of the sanctuary and then killed by American hunter Walter Palmer. In this article it also says that in 2009, he paid $45,000 at an auction to help preserve an elk habitat in California. Later that year, he shot and killed an elk from 75 yards away with a bow. This article interested me the most because I like nature and animals, and it also makes me mad because there was no purpose for killing the lion. I mean, we humans are too busy at work and school and if you have free time to kill a lion, why not just help the community or environment instead.",-0.9687
165,"Let's see:<br/> ISIS kills: christians , gays, children, disabled…<br/>They torture, multilate and then murder (It's ok Obama, same as kill but has intent associated with it)  people is the most heinous ways.  They disrespect children and women in disgusting ways.  I'm waiting for the NYT story that will bring the world together in unison that ISIS are very bad people.  The title of that article, likely a Pulitzer winner, will be: ""ISIS hurts small fuzzy animals"".",-0.9692
166,"Walter Palmer, the great white hunter, was not motivated by a desire to protect African villagers. He was not motivated by need for sustenance.  He was motivated by lust for killing.  Launching a crossbow bolt into living flesh and viscera was a thrill for him, a compensation for an otherwise stultifying separation from nature.  Justifiable disgust at this type of thrill seeking at the expense of endangered animals is what caused the American public reaction; that plus empathy for the two days of suffering that the wounded animal suffered before finally being shot with a rifle.<br/><br/>The knowledge that Americans have hunted species to near extinction or to complete extinction in the case of passenger pigeons is part of our understanding of the evil of speciesist destruction.  Mr. Nzou's attempt to throw back in our faces our near destruction of Mountain Lions is misguided.  We now esteem and protect our top predators for very good reasons.<br/><br/>If Africans make the same mistakes that Americans made about wildlife management, the biosphere will be poorer for it.",-0.9713
167,"Well, yes, wild animals can certainly be dangerous.  I guess we all knew that fact.  But trophy hunters paying tens of thousands of dollars to kill beautiful, endangered lions and elephants (and so many more animals) is an outrage, an obscenity and should be banned.  The many photos of hunters standing over their prey (demonstrating what, power and prestige?), is simply sickening.  And, of course, the luring of a lion from a protected preserve with the intention of killing, is clearly illegal and must be prosecuted.",-0.9726
168,"Elegantly written and photographed, offering rare insight into the outlaw mindsets of base jumpers. But Hunt and Potter were not the harmless rule benders one finds in Terry and Renny Russell's ""On the Loose. They were men with a death wish, taking insane risks for cheap thrills, knowing that some day their equipment would fail or they would error, and they would end lives too short as red splats on Yosemite's white granite. Their lives ended stupidly, not heroically. ",-0.9772
169,"All disciplines have seen theories that turned out to be wrong. It is very rare for anyone who has spent (very well-rewarded) years going down one path to face facts and admit that the path is a dead end festooned with poison ivy. <br/><br/>It is less forgivable because those who believe in market efficiency as a holy cause have never cared about human suffering. Unemployed, can't feed your family? Tough, thte market says you need to work for lower pay. No medical insurance? Can't help you, might somehow distort the all-holy markets.<br/><br/>So now they suffer the pangs of becoming irrelevant because wrong, I can only muster the tiniest of violins.",-0.9787
170,"I think you are right, but also that you don't go far enough with your explanation. <br/><br/>It's not only that some of us here in the USA are appalled by some of our countrymen, who seem to revel in the worship of guns, the ""sport"" of killing animals so their heads can hang on a wall, and their utter ignorance or apathy about the environmental degradation that is rampant all over this planet. <br/><br/>It is also that many of us feel hopeless. We see that our society's greed, our country's corrupt politics, and our rapacious economic system continue to inflict ever increasing damage on the planet's biosphere. When Cecil was killed, we had a powerful symbol of humanity's lack of compassion, unwillingness to value the diversity of life on Earth, desire to place immediate gratification above an appreciation of beauty, and a coarse tendency to wreck all in nature with which we come into contact.<br/><br/>That an American - and an educated man, no less - could think that it is okay to lure a protected animal from a national park in a foreign land, wound it with a crossbow and arrow, let it suffer for forty hours . . . It speaks to the arrogance and the cruelty of some of our countrymen and to the lack of any decent ethic of respect for the beings with whom we share this planet. ",-0.9793
171,"How Zimbabwean of Mr. Goodwell Nzou to place humans above animals in the hierarchy of species that deserve to be ""hunted"" when they become a ""menace"" to human life. This species-view is viciously anthropomorphic and, excuse me for saying this, utterly tribal within the subset of anthropomorphism. Some tribes consider themselves to be above other tribes and stoop to dehumanization of fellow tribal members, going consequently on a manhunt. The image of a 7 month old child's head seared by a machete still makes my mind numb with horror.<br/>Look at the logic in Mr. Nzou's statement: In Zimbabwe we revere the elephant as a symbol central to our mythology, but we hunt them and eat their meat when necessary. Right, appropriate the animal's life, congeal it into a symbol, exploit the symbol as some tribal totem for those ""dancing around the fire"" celebrations, and then when hungry gut the animal. In the U.S. we have no symbolical value assigned to animals; we just hunt them point blank, it's true. At least there is no hypocrisy in there. Just plain human-narcissism and cruelty.  (In the U.S. we do appropriate Black cultural symbols, enjoy them, commodify them, and when necessary ""hunt"" Blacks down. The Nzou analogy applied to humans).<br/>Americans suffer shark attacks; the idea is to stay away from shark habitat and encroach on them. Do we kill sharks because they attack us during our time on the beaches in summer?",-0.98
172,I agree - its the way they are doing it. They're stealing pets to kill them in the most cruel and Evil way - this is unnecessary and since when is it part of people's culture to steal pets and torture them in this sickening way.,-0.9813
173,"It is stupefying that so many people are consumed by the death of a lion when millions of children in Africa die of preventable diseases every year.  I can only assume that the message conveyed to the people of Africa by the enormous attention paid to the murder of a single animal is one of either confusion, disgust, or amusement.  I myself find it regrettable when there is so much human suffering and death.  Animals are becoming more humanized while people are becoming dehumanized, especially if they happen to live on the African continent. ",-0.9843
174,"I don't think ""she would like that,"" but I understand her son's need to cope with this shock and grief. Drowning seems like one of the most awful ways to die, and whatever happened to her down there must have involved some awareness of it: attacked by an animal, carried by a current and losing control, miscalculating something...<br/><br/>Dying while doing what you love may sound romantic, but when we imagine such a death we normally pray it will be instant, not agonizing and awful. <br/><br/>I used to scuba dive, but after a single close call I was never able to enjoy it again. My ""life instincts"" were too strong, and I definitely do not want to die under water like that. I would never have attempted free driving; it always looked scary as heck to me, and at a certain depth you can't see anything anyway because the water goes dark and opaque. My claustrophobia alone would trigger a panic attack.<br/><br/>I feel awful for this woman. I'm sure she wasn't worried, given that this was not a significant depth for her. It reminds us all that a force like the ocean is always the greater force; a human is no match, and the seas are unpredictable and deadly, just like a wild animal. If you forget that for even an instant, it could mean death.",-0.9846
175,"My reading of Dr. Eggener's essay was very different from the reading of commenters P. and MBR.  Both of them, who addressed ""recovery"", seem to have thought of Dr. Eggener's experience as recent.  I thought of his experience as his first loss of a patient, but quite possibly not the only one and probably one that occurred some time ago.  (Dr. Eggener, an associate professor of surgery at the University of Chicago, cannot be a neophyte in his field.)  Perhaps that is why I read the essay as simply expressing the emotional difficulty all people have in confronting the loss of a life that had a deeply personal significance to them, especially if they had a even a minor role in attempting to preserve that life. Caretakers, friends, and family members share to varying degrees the feelings of Dr. Eggener: the sense of helplessness and of emptiness that follows realization of the immensity of the loss; the violence with which grief overwhelms understanding; the dread of answers to questions such as 'Could I have done more to prevent death? Could I have something differently that would have saved this life? Did my caring cause me to intervene too far or not far enough?'  All the turmoil of emotions that, as if a single storm, assailed Dr. Eggener is one all of us have suffered or will suffer in facing loss.  Dr. Eggener captured this human condition in one phrase, ""I continue to mourn"". And he offered the redemption: ""carrying on"" because others are ""counting on"" one's doing so.  ",-0.9904
176,"They are nowhere because they don't care.  They are no where because the ""US is to blame"". Middle East and African leaders have only one cry: its America's fault.  Corruption has nothing to do with it.  Religion  on has nothing to do with it.  They have nothing to do with it.  <br/><br/>Unfortunately the US buys this claptrap.  No one is accountable but us. As a result these brutal leaders get more brutal and life in their countries goes into a tail spin. We hold no one accountable..no boycotts no sanctions.  No cries of how if only the world would boycott these country's everything would be alright.  Well of course not because it is only Israel that needs to be boycotted.  These countries have ""grievances"" and they and their leaders get a pass. I am sick of it.  Aren't you?",-0.9906
177,"How can one allege that humans are majestic?  Humans are generally rather pathetic and disgusting, ignorant, lazy, selfish and short-sighted.  Human societies are based on exploitation, oppression and injustice.  Human males have created a world of perpetual warfare ruled by violence; his industrial civilization is frying the planet and causing the Sixth Great Extinction.  Women and children are nowhere safe from rape, sexual assault and male violence.  Racism and xenophobia are rampant.  The majority of humans adhere to violent patriarchal religions that made sense to illiterate goat herders thousands of years ago; many think a woman caused humanity's downfall by listening to a talking snake.  Majestic?  Give me a break. <br/><br/>Lions and wild animals generally are pure and graceful and do not kill for sport.  As Hunter Thompson wrote: ""I have always loved animals.  They are different from us . . . their hearts are pure and there is usually no fat on their bodies and they will never call the police on you or take you in front of a judge or run off and hide with your money.""<br/><br/>There is no basis to assume that being outraged by the murder of a lion is mutually exclusive to being outraged at the murder of black citizens by racist and brutal police. <br/><br/>Indeed, let us stop the violence --- against animal kind, against wildlife, against the earth, against people of color, against women and children. <br/><br/>Justice for Cecil! Justice for Sam!  Justice for Sandra and Eric and Mike. Justice! ",-0.993
